            0.301818 0 0 0 0.000735681 0.000205924 0.000274091 0 0 0   -0.011 -0.02329  0.04412  0.00732461 0.000689058  0.00292768 -0.00499626   -0.001421 0.000591473 0 0 0    3.75967 -0.0135489   -9.05987 
            0.401493  -0.023237 -0.0199824  -0.154943  -0.0041316   0.0097447 -0.00573519 0 0 0   -0.011 -0.02329  0.04412 0.00655175 0.00804749   0.001205 -0.00499628 -0.00142102 0.000591525  1.00186e-07 -1.60687e-07  1.13223e-07    3.75967 -0.0135488   -9.05987 
            0.501817 -0.0638642 -0.0178719   -0.19652 -0.000838422    0.0294271  -0.00312196 0 0 0   -0.011 -0.02329  0.04412 0.0241321   0.10371 0.0148526 -0.00490009 -0.00145617 0.000783147 -2.83906e-06 -2.38461e-05 -2.90138e-06   3.75967 -0.013526  -9.05986 
            0.601574 -0.00613679  -0.0483507   -0.172597   0.00839245    0.0265523 -0.000675848 0 0 0   -0.011 -0.02329  0.04412 0.0491333 0.0548565 0.0169787 -0.00506611 -0.00136379 0.000690611 -0.00126805  0.00192794 1.82042e-05     3.7607 -0.0154065   -9.05944 
            0.701767 -0.0456396 -0.0474264  -0.245595   0.0129696   0.0289803 -0.00325366 0 0 0   -0.011 -0.02329  0.04412  0.0537468  0.0472567 0.00450052 -0.00496798 -0.00137964 0.000907832 -0.00237979  0.00322612  0.00551488   3.75974 -0.016655  -9.05983 
            0.807675 -0.0330908 -0.0280665  -0.185673  0.00779529   0.0295623 -0.00636338 0 0 0   -0.011 -0.02329  0.04412   0.0187974   0.0344734 -0.00751404 -0.00499618 -0.00147007 0.000723711  0.0113759 0.00816904 0.00867482    3.74735 -0.0213734   -9.06495 
            0.901776 -0.00452338  -0.0398466   -0.121396   0.0135375   0.0265539 -0.00458162 0 0 0   -0.011 -0.02329  0.04412  0.0331574  0.0118014 0.00187688  -0.0050336 -0.00144252 0.000584643 0.00510912  0.0186048 0.00301456    3.75439 -0.0314308   -9.06201 
             1.00169 -0.00727513   -0.012525   -0.170133   0.0103949   0.0240619 -0.00596951 0 0 0   -0.011 -0.02329  0.04412    0.011798 -0.00382842  -0.0038257 -0.00505553  -0.0015859 0.000752619  0.0186218   0.025052 0.00504812    3.74258 -0.0376075   -9.06687 
             1.10184 -0.0412774  -0.023901  -0.187938  0.00815291   0.0163452 -0.00646451 0 0 0   -0.011 -0.02329  0.04412  -0.0024282  -0.0288905 -0.00498534 -0.00489936 -0.00156059   0.0008148  0.0251445  0.0387245 0.00376036   3.73761 -0.050753  -9.06886 
             1.20176  0.0385779 -0.0392861  -0.153686  0.00417097   0.0134643 -0.00915134 0 0 0   -0.011 -0.02329  0.04412 -0.0140182 -0.0372244 -0.0119817 -0.00516214 -0.00157301 0.000773934  0.0319435  0.0377418 0.00852158    3.73041 -0.0497923   -9.07183 
             1.30165 0.00637761 -0.0199937   -0.15692  0.00164911   0.0160047 -0.00911328 0 0 0   -0.011 -0.02329  0.04412 -0.0251257 -0.0199532 -0.0108627 -0.00507758 -0.00162247 0.000764825   0.033678  0.0272314 0.00466262    3.73033 -0.0397007   -9.07191 
              1.4016 -0.0394966  -0.028791   -0.13585  0.00296984   0.0165219 -0.00781789 0 0 0   -0.011 -0.02329  0.04412 -0.0104691 -0.0190356 -0.0020905 -0.00494419 -0.00162602 0.000731696    0.028304   0.0230002 0.000462314    3.73619 -0.0356655   -9.06952 
             1.50173 -0.0479339 -0.0273268   -0.12319  0.00109957   0.0164264 -0.00877921 0 0 0   -0.011 -0.02329  0.04412  -0.0212139  -0.0109282 -0.00721268 -0.00494898 -0.00163933 0.000710535  0.0287866  0.0204246 0.00160202   3.73542 -0.033181  -9.06984 
             1.60212 -0.0405243 -0.0459856  -0.120604  0.00959883   0.0214243 -0.00669141 0 0 0   -0.011 -0.02329  0.04412  0.0145791 0.00538535 0.00319791   -0.004957 -0.00161663 0.000724034    0.0150444    0.0126835 -0.000580406    3.74749 -0.0257735   -9.06488 
             1.70223    0.016904 -0.00413391   -0.118299    0.011168   0.0226867 -0.00591881 0 0 0   -0.011 -0.02329  0.04412  0.0130235   0.005163 0.00388764 -0.00516725 -0.00176194 0.000728423   0.0151122   0.0115952 -0.00135766     3.7477 -0.0247307    -9.0648 
             1.80175  0.0260892 -0.0215226  -0.230545    0.013941   0.0274805 -0.00506801 0 0 0   -0.011 -0.02329  0.04412  0.0166041  0.0177494 0.00599359 -0.00514311 -0.00171623  0.00101461   0.0133637  0.00740053 -0.00161429    3.74923 -0.0207017   -9.06418 
             1.90328  0.0242243 -0.0410397  -0.186054   0.0128672   0.0291468 -0.00482378 0 0 0   -0.011 -0.02329  0.04412 0.00988177  0.0148713 0.00663614 -0.00518016 -0.00168409 0.000949662   0.0162318  0.00721038 -0.00168533     3.7469 -0.0205182   -9.06514 
             1.99768   0.0138424 -0.00770121   -0.154098  0.00838937   0.0242527 -0.00654898 0 0 0   -0.011 -0.02329  0.04412  -0.00978231 -0.000555901  -0.00191616 -0.00514944 -0.00176549 0.000860684   0.0206759   0.0128224 0.000432344    3.74253 -0.0259027   -9.06693 
             2.10198  0.0256534 -0.0155445  -0.131358  0.00830079    0.022669 -0.00875289 0 0 0   -0.011 -0.02329  0.04412 -0.00469986 -0.00984619 -0.00661414 -0.00519998 -0.00176911 0.000851122  0.0195081  0.0137566 0.00352861    3.74243 -0.0267999   -9.06697 
             2.20183  0.0073883 -0.0378821  -0.158624  0.00761531   0.0257292 -0.00869336 0 0 0   -0.011 -0.02329  0.04412 -0.00921881  0.00173164 -0.00624698 -0.00515601 -0.00170506 0.000906726   0.019674  0.0107841 0.00244307    3.74267 -0.0239476   -9.06688 
             2.30184 0.0586587 -0.038153 -0.168439  0.00990854   0.0281593 -0.00673849 0 0 0   -0.011 -0.02329  0.04412 0.00233633 0.00622709 0.00271279 -0.00526136 -0.00172114  0.00095758    0.0177281   0.00920389 -7.49684e-05    3.74512 -0.0224359   -9.06587 
             2.40159  0.0531993 0.00340357  -0.161911   0.0104015   0.0277324 -0.00588438 0 0 0   -0.011 -0.02329  0.04412 0.000612579    0.001063  0.00434808 -0.00528438 -0.00183301 0.000973787    0.0176695   0.00976826 -0.000682949    3.74537 -0.0229784   -9.06577 
             2.50163  0.0369294 -0.0337645   -0.16045   0.0126129   0.0261965 -0.00535202 0 0 0   -0.011 -0.02329  0.04412 0.00646182 -0.0029141 0.00469446  -0.0052078 -0.00173903 0.000950585   0.0159064   0.0109288 -0.00036085    3.74671 -0.0240913   -9.06521 
             2.60032  0.0405607 -0.0219778  -0.124238   0.013711  0.0264884 -0.0052403 0 0 0   -0.011 -0.02329  0.04412  0.00902677 -0.00391997  0.00432938   -0.005237 -0.00179321 0.000910861  0.0156702  0.0104258 0.00024927     3.7467 -0.0236075   -9.06522 
              2.7018  0.0106944 -0.0185021  -0.184734   0.0132945   0.0221408 -0.00422871 0 0 0   -0.011 -0.02329  0.04412 0.00217123   -0.01375 0.00507735 -0.00518238 -0.00178777  0.00103518    0.0165868    0.0128826 -0.000758878    3.74628 -0.0259647   -9.06538 
             2.80178 -0.00154857  -0.0236958   -0.217804   0.0134115   0.0242511 -0.00538935 0 0 0   -0.011 -0.02329  0.04412  0.00511942 -0.00680666   0.0017831 -0.00515906 -0.00179438  0.00113827  0.0164349  0.0107989 0.00112125    3.74577 -0.0239631    -9.0656 
             2.90222  0.0493318 -0.0212654  -0.169255   0.0130153   0.0243489 -0.00481555 0 0 0   -0.011 -0.02329  0.04412 -6.2771e-05 -0.00381794   0.0021815 -0.00527082  -0.0018005  0.00103005   0.0170184   0.0103564 0.000479485    3.74551 -0.0235401   -9.06571 
             2.99966  0.0304516 -0.0344165  -0.148461   0.0131685   0.0243253 -0.00437384 0 0 0   -0.011 -0.02329  0.04412  0.00181192 -0.00579192  0.00364885 -0.00522773 -0.00178138  0.00100463   0.0169607   0.0101388 0.000269718    3.74563 -0.0233324   -9.06566 
             3.10181   0.0319321 -0.00964787    -0.18802   0.0136002   0.0272283 -0.00620975 0 0 0   -0.011 -0.02329  0.04412 0.000257345   0.0030872 -0.00427694 -0.00524784 -0.00184908  0.00111152  0.0163846 0.00830675 0.00242075    3.74538 -0.0215767   -9.06577 
             3.20178  0.0556592 -0.0220998  -0.129401   0.0147391    0.027291 -0.00469219 0 0 0   -0.011 -0.02329  0.04412 0.00434195  0.0028807  0.0019268 -0.00526803  -0.0018296 0.000983862   0.0160747  0.00846133 0.000802753    3.74618 -0.0217284   -9.06544 
               3.302  0.0309425 -0.0264385  -0.106575   0.0154124   0.0264627 -0.00609225 0 0 0   -0.011 -0.02329  0.04412  0.00429041 -0.00355281 -0.00333562  -0.0052406 -0.00183346 0.000952829  0.0156901 0.00887786 0.00232535    3.74598 -0.0221243   -9.06552 
             3.40161 0.00610819 -0.0215272  -0.189621    0.013927   0.0268127 -0.00549114 0 0 0   -0.011 -0.02329  0.04412  -0.00181045   0.00106872 -0.000913604 -0.00517284 -0.00183595  0.00114153  0.0168323  0.0086258 0.00115237    3.74545 -0.0218857   -9.06574 
             3.50153 -0.00601463  -0.0249855   -0.179675   0.0143646   0.0253516 -0.00547293 0 0 0   -0.011 -0.02329  0.04412  0.00190866 -0.00469213   0.0008638 -0.00514953 -0.00185173  0.00113104  0.0165907 0.00931415 0.00121018    3.74562 -0.0225426   -9.06567 
             3.61445   -0.025037 -0.00301094   -0.154842   0.0141239   0.0265707 -0.00480296 0 0 0   -0.011 -0.02329  0.04412 -0.00318516  0.00151159  0.00297459 -0.00513867 -0.00187838  0.00109998   0.0167687   0.0086089 0.000700407    3.74565 -0.0218697   -9.06566 
             3.70206  0.0449098 -0.0436031  -0.160872   0.0129279   0.0297526 -0.00597811 0 0 0   -0.011 -0.02329  0.04412  -0.00279867    0.0067019 -0.000484898 -0.00527654 -0.00182893  0.00111999  0.0170401  0.0074027 0.00163128    3.74511 -0.0207207   -9.06588 
             3.80144  0.0570265 -0.0249591  -0.183138   0.0128509   0.0292269 -0.00791727 0 0 0   -0.011 -0.02329  0.04412 -0.00527801  0.00589525 -0.00853482 -0.00529735  -0.0018704  0.00115499  0.0166584 0.00785464 0.00291205    3.74499 -0.0211545   -9.06593 
             3.90171 -0.0234946 -0.0408297  -0.163193   0.0146558   0.0277922 -0.00645153 0 0 0   -0.011 -0.02329  0.04412   0.00318276   0.00263804 -0.000577495 -0.00516577 -0.00183124  0.00113258  0.0160178 0.00863509 0.00171469    3.74592 -0.0218962   -9.06554 
             4.00181   0.034299 -0.0234715  -0.159986   0.0170152   0.0278037 -0.00519593 0 0 0   -0.011 -0.02329  0.04412 0.00674628 -0.0028173 0.00230208 -0.00530584 -0.00185443   0.0011333   0.015374 0.00856545 0.00111132    3.74664 -0.0218297   -9.06524 
              4.1017  0.0249774 -0.0106788  -0.183856   0.0164047   0.0275308 -0.00468629 0 0 0   -0.011 -0.02329  0.04412  0.00556653 -0.00333908  0.00432389 -0.00528804 -0.00188967  0.00117703  0.0159521 0.00856858 0.00075404    3.74629 -0.0218318   -9.06539 
              4.2018 0.0377613  -0.01165 -0.146837   0.0169074   0.0282812 -0.00458708 0 0 0   -0.011 -0.02329  0.04412  0.00561965 -0.00104521   0.0034112 -0.00532129 -0.00190092  0.00113973   0.0159619   0.0081826 0.000981813   3.74621 -0.021465  -9.06543 
             4.30164 -0.00905557  -0.0161072   -0.193857   0.0125035    0.027461 -0.00677346 0 0 0   -0.011 -0.02329  0.04412   -0.010495 -0.00253448 -0.00335208 -0.00522516 -0.00188878  0.00122585 0.0175586 0.0084449 0.0020346    3.74456 -0.0217126   -9.06611 
             4.40304  0.0691259 -0.0414823  -0.155175 0.00929079  0.0291582 -0.0088924 0 0 0   -0.011 -0.02329  0.04412  -0.0151548  0.00136163 -0.00806863 -0.00535902 -0.00185872  0.00118293  0.0182675 0.00773221 0.00298079   3.74367 -0.021035  -9.06648 
             4.50175   0.0650458 0.000585652   -0.182184   0.0144129   0.0325336 -0.00820269 0 0 0   -0.011 -0.02329  0.04412 0.000128159  0.00949853 -0.00562575 -0.00534743 -0.00197189  0.00123832  0.0157727 0.00665028  0.0028294    3.74574 -0.0200124   -9.06562 
              4.6029 -0.0302759 -0.0521664  -0.151116   0.0163013   0.0322971 -0.00704958 0 0 0   -0.011 -0.02329  0.04412  0.00842495  0.00583524 0.000822174 -0.00519021 -0.00189789  0.00118184  0.0153112  0.0070442 0.00199857    3.74639 -0.0203879   -9.06535 
              4.7018  0.0411112 -0.0417892  -0.180233    0.022115   0.0309015 -0.00428348 0 0 0   -0.011 -0.02329  0.04412  0.0191381 0.00131202 0.00673902 -0.00534752  -0.0019402  0.00124386   0.0137516  0.00764962 0.000953948      3.748 -0.0209654   -9.06468 
             4.80231  0.0658833 -0.0452934  -0.221555   0.0258271   0.0332124 -0.00420863 0 0 0   -0.011 -0.02329  0.04412  0.0244128 0.00523716 0.00526458 -0.00538002 -0.00193958  0.00130729  0.0129971 0.00698029 0.00153205    3.74842 -0.0203329   -9.06451 
             4.90219  0.0437852 -0.0111619  -0.118539   0.0208991   0.0306639 -0.00452873 0 0 0   -0.011 -0.02329  0.04412  0.00426695 -0.00440939  0.00325091 -0.00537613 -0.00194533   0.0011629   0.015514    0.00784 0.00117908     3.7465 -0.0211396    -9.0653 
             5.00196  0.0618807 -0.0386082  -0.185416   0.0201995   0.0295572 -0.00316932 0 0 0   -0.011 -0.02329  0.04412 -0.000810719  -0.00413169   0.00615373 -0.00541576 -0.00187948  0.00127947   0.0159318  0.00805759 0.000508791    3.74639 -0.0213449   -9.06535 
              5.1022   0.046703 -0.0316408  -0.147253   0.0150543   0.0303994 -0.00467357 0 0 0   -0.011 -0.02329  0.04412  -0.0144861 -0.00491411  0.00166173 -0.00540411 -0.00187411  0.00122597  0.0173564 0.00764629 0.00113424    3.74503 -0.0209513   -9.06591 
              5.2018 0.00694407 -0.0214307  -0.123912   0.0127624   0.0307908 -0.00665612 0 0 0   -0.011 -0.02329  0.04412  -0.0183699 -0.00117343 -0.00624247 -0.00534022 -0.00188206  0.00117086  0.0173647 0.00742072 0.00214642    3.74469 -0.0207349   -9.06605 
              5.3023 -0.0200142 -0.0561798  -0.159898   0.0155641   0.0297262 -0.00572337 0 0 0   -0.011 -0.02329  0.04412   -0.0030035  -0.00360875 -0.000610881 -0.00527987 -0.00184217  0.00124773  0.0160541 0.00771223 0.00183745    3.74585 -0.0210106   -9.06558 
             5.40225  0.0128284 -0.0514584  -0.157537   0.0183056   0.0279943 -0.00553582 0 0 0   -0.011 -0.02329  0.04412   0.0014068 -0.00919936 -0.00216112 -0.00535086 -0.00185524   0.0012448  0.0150158 0.00803773  0.0020096    3.74663 -0.0213149   -9.06525 
             5.50216  0.0798277 -0.0423085  -0.174999  0.0239321  0.0335001 -0.0037206 0 0 0   -0.011 -0.02329  0.04412  0.0185672 0.00780365  0.0023293 -0.00544462 -0.00188578   0.0012813  0.0134726 0.00631153 0.00145978    3.74804 -0.0196843   -9.06467 
              5.6017  0.0193004 -0.0200323  -0.144596    0.021948   0.0323319 -0.00494833 0 0 0   -0.011 -0.02329  0.04412  0.00645816  0.00127638 -0.00173508 -0.00540263 -0.00189929  0.00126073  0.0145261 0.00680019 0.00181502    3.74708 -0.0201475   -9.06507 
              5.7017  0.0388901 -0.0465318  -0.132637   0.0232202   0.0287243 -0.00471252 0 0 0   -0.011 -0.02329  0.04412   0.00917813  -0.00840204 -0.000365889 -0.00545973  -0.0018459  0.00122863  0.0143882 0.00766824 0.00168059    3.74724 -0.0209624     -9.065 
             5.80181 0.0477558 -0.059154  -0.17369   0.0209133   0.0314581 -0.00544875 0 0 0   -0.011 -0.02329  0.04412 -0.000343361  0.000476779  -0.00145481 -0.00546617 -0.00183259  0.00131237  0.0151825 0.00687389 0.00172959    3.74658 -0.0202194   -9.06527 
             5.89866  0.0372812 -0.0168872 -0.0971063   0.0145991   0.0317312 -0.00726919 0 0 0   -0.011 -0.02329  0.04412  -0.0201021 -0.00154355   -0.006362 -0.00545619 -0.00189977  0.00117939  0.0166395 0.00678694 0.00190306    3.74536 -0.0201422   -9.06578 
             6.00158 0.000783559  -0.0330524   -0.184921  0.0135293  0.0330598 -0.0064641 0 0 0   -0.011 -0.02329  0.04412   -0.0165277   0.00500907 -0.000792785  -0.0053939 -0.00188477  0.00134708  0.0165146  0.0065511 0.00135107    3.74564 -0.0199213   -9.06566 
             6.10172   0.030309 -0.0349674  -0.153368   0.0178664   0.0327899 -0.00422327 0 0 0   -0.011 -0.02329  0.04412   -0.0035977 -0.000784331   0.00442444 -0.00545912 -0.00188542  0.00129188   0.0150491  0.00668042 0.000810763    3.74699 -0.0200344   -9.06511 
             6.20172  0.0449445 -0.0396868  -0.139363  0.0247882  0.0354835 -0.0034418 0 0 0   -0.011 -0.02329  0.04412  0.0183808 0.00844064 0.00503118 -0.00548353 -0.00187649  0.00126618  0.0129945 0.00608409  0.0013874    3.74844 -0.0194693   -9.06451 
             6.30194 0.000704714  -0.0336059   -0.124245   0.0196682   0.0314922 -0.00480501 0 0 0   -0.011 -0.02329  0.04412  -0.00185247  -0.00487222 -0.000204816  -0.0054315 -0.00188765  0.00125726  0.0148676 0.00723797 0.00161902    3.74687 -0.0205546   -9.06515 
             6.40173  0.0576236 -0.0412763  -0.192975   0.0164406   0.0301595 -0.00513927 0 0 0   -0.011 -0.02329  0.04412   -0.0104569  -0.00785241 -0.000530217 -0.00553283 -0.00186501  0.00136807  0.0156941 0.00744368 0.00146651    3.74627 -0.0207503    -9.0654 
             6.50214  0.0209267 -0.0236851   -0.11183   0.0164114   0.0292024 -0.00435926 0 0 0   -0.011 -0.02329  0.04412 -0.00656989 -0.00992283   0.0027367 -0.00548588 -0.00190508  0.00124739  0.0155278 0.00745522  0.0011801    3.74649 -0.0207595   -9.06531 
              6.6018 0.00706968 -0.0025677 -0.0849864   0.0130229   0.0300206 -0.00638271 0 0 0   -0.011 -0.02329  0.04412  -0.0161749  -0.0041253 -0.00483275 -0.00544872 -0.00193161  0.00119449  0.0160356 0.00704611 0.00197426   3.74583 -0.020382  -9.06559 
             6.70157  0.0469068 -0.0138025   -0.13972   0.0165346   0.0308902 -0.00499889 0 0 0   -0.011 -0.02329  0.04412 5.10593e-05 -0.00319954  0.00110676 -0.00551821 -0.00193356  0.00130885  0.0148271 0.00671802 0.00160862     3.7469 -0.0200685   -9.06514 
             6.80166 0.0239249 -0.048096 -0.193245   0.0170448   0.0291176 -0.00411314 0 0 0   -0.011 -0.02329  0.04412 -0.00265101 -0.00636066  0.00255075 -0.00548765 -0.00187121  0.00139318  0.0146916 0.00704508 0.00129331    3.74712 -0.0203704   -9.06505 
             6.90163  0.0351296 -0.0323231  -0.136915   0.0187339   0.0326886 -0.00564331 0 0 0   -0.011 -0.02329  0.04412  0.00563772  0.00410508 -0.00313573 -0.00550681 -0.00190291   0.0013145  0.0140489 0.00609415  0.0022596     3.7473 -0.0194841   -9.06498 
             7.00164  0.020835 -0.035143 -0.169026   0.0197277   0.0321018 -0.00595094 0 0 0   -0.011 -0.02329  0.04412   0.00582905 -7.54463e-05  -0.00364565 -0.00549818 -0.00189695   0.0013658  0.0139196 0.00628866 0.00231562    3.74739 -0.0196637   -9.06494 
             7.10166   0.0110125 -0.00294604   -0.107747   0.0196852    0.027945 -0.00526319 0 0 0   -0.011 -0.02329  0.04412  0.00473101  -0.0093236 0.000206424 -0.00547107 -0.00194251  0.00128083    0.01417 0.00721497 0.00183275    3.74735 -0.0205217   -9.06496 
             7.19857   0.0148792 -0.00463625  -0.0887577   0.0215292   0.0280025 -0.00306352 0 0 0   -0.011 -0.02329  0.04412 0.00837968 -0.0095479  0.0072567   -0.005491 -0.00194559   0.0012708  0.0140317 0.00697346 0.00105799    3.74771 -0.0202955   -9.06481 
             7.30171   0.0470367 0.000195264  -0.0884321   0.0187466   0.0286425 -0.00463439 0 0 0   -0.011 -0.02329  0.04412 -0.00256696 -0.00420817 0.000328176 -0.00555221 -0.00195094  0.00125485 0.0146942 0.0066554 0.0016781    3.74699 -0.0200089   -9.06511 
             7.40171 0.00373434 -0.0319765  -0.159483   0.0193583   0.0306329 -0.00388472 0 0 0   -0.011 -0.02329  0.04412 0.00274715 0.00166289 0.00350954  -0.0054948 -0.00191445  0.00137365  0.0145736 0.00618609 0.00147575    3.74714 -0.0195735   -9.06504 
             7.50212  0.0369045 -0.0372072   -0.14112    0.015037   0.0277192 -0.00620388 0 0 0   -0.011 -0.02329  0.04412  -0.0138015 -0.00680032 -0.00531192 -0.00554612 -0.00191405  0.00133947  0.0153919 0.00677538 0.00215836    3.74628 -0.0201317    -9.0654 
             7.60291  0.0496027 -0.0260083  -0.124572  0.0187457    0.03429 -0.0056264 0 0 0   -0.011 -0.02329  0.04412  0.00289017   0.0103586 -0.00145176 -0.00558321 -0.00192867  0.00131533  0.0143007 0.00534845 0.00214456    3.74712 -0.0188031   -9.06505 
             7.70162 -0.00598621  -0.0434717   -0.160331   0.0204426   0.0351517 -0.00539586 0 0 0   -0.011 -0.02329  0.04412  0.00425431   0.0114359 -0.00123595 -0.00550068 -0.00190601  0.00137385  0.0139856 0.00540247 0.00210523    3.74739 -0.0188488   -9.06495 
             7.80162 -0.000586234   -0.0238668     -0.16818   0.0232546   0.0340526 -0.00332882 0 0 0   -0.011 -0.02329  0.04412  0.0126297 0.00483511 0.00573837 -0.00550227 -0.00192463  0.00138388  0.0136387 0.00586439 0.00145138    3.74787 -0.0192668   -9.06474 
              7.9137 0.00503852  -0.019204  -0.172755    0.022839   0.0330402 -0.00269281 0 0 0   -0.011 -0.02329  0.04412 0.00674512 0.00032795 0.00601347 -0.00551958 -0.00193216   0.0013942  0.0140001 0.00612016 0.00129822    3.74764 -0.0195031   -9.06484 
             8.00167  0.0599861 -0.0056022   -0.13146   0.0183772   0.0314254 -0.00470017 0 0 0   -0.011 -0.02329  0.04412 -0.00727683 -0.00337009 -0.00158675 -0.00559542 -0.00192343  0.00133157  0.0148672 0.00641714  0.0018354    3.74679 -0.0197831   -9.06519 
             8.10136 -0.0206384 -0.0295756  -0.149956   0.0160364   0.0300626 -0.00501034 0 0 0   -0.011 -0.02329  0.04412  -0.0120903  -0.0065304 -0.00130349 -0.00550842 -0.00189636  0.00137199  0.0151866 0.00658812 0.00180549    3.74655 -0.0199399   -9.06529 
             8.20165  0.0345592 -0.0354131  -0.134535   0.0145904   0.0308121 -0.00669675 0 0 0   -0.011 -0.02329  0.04412  -0.0152297 -0.00185023 -0.00541452 -0.00559595  -0.0018788  0.00133992  0.0150805 0.00636273  0.0022837    3.74648 -0.0197366   -9.06532 
             8.30152  0.0588389 -0.0173383  -0.130655   0.0147834    0.032681 -0.00798447 0 0 0   -0.011 -0.02329  0.04412 -0.00480956  0.00290667 -0.00577018 -0.00563833 -0.00192282  0.00134441  0.0147661 0.00603117 0.00265746     3.7466 -0.0194356   -9.06527 
             8.40171 -0.00200801  -0.0450931   -0.106348   0.0172844   0.0329956 -0.00657583 0 0 0   -0.011 -0.02329  0.04412 -0.00287533   0.0003246 -0.00171085 -0.00554698 -0.00188159  0.00130893  0.0142522 0.00604108 0.00217366    3.74716 -0.0194401   -9.06504 
             8.50173 0.00584104 -0.0223012  -0.103136   0.0140537   0.0281627 -0.00631911 0 0 0   -0.011 -0.02329  0.04412 -0.00702856  -0.0128872 0.000983317 -0.00556163 -0.00191842  0.00130637  0.0149478 0.00686489 0.00179117    3.74675 -0.0201938   -9.06521 
              8.6016   0.010385 -0.0293061  -0.117363   0.0226279   0.0287123 -0.00346364 0 0 0   -0.011 -0.02329  0.04412   0.0158892 -0.00572405  0.00744846 -0.00557338 -0.00191979  0.00133784  0.0131655 0.00655622 0.00148969    3.74822 -0.0198914    -9.0646 
             8.70181 -0.0196693 -0.0251499  -0.123009   0.0252742   0.0294903 -0.00393439 0 0 0   -0.011 -0.02329  0.04412   0.0203557 -0.00260267   0.0034423 -0.00553235 -0.00192539  0.00134028  0.0128634 0.00631689 0.00199045    3.74829 -0.0196728   -9.06457 
             8.80152  -0.046354 -0.0573041  -0.108965   0.0226746   0.0287926 -0.00395203 0 0 0   -0.011 -0.02329  0.04412  0.00621251 -0.00476569  0.00333955 -0.00550965  -0.0018841  0.00133526  0.0137544 0.00636932 0.00182383    3.74766 -0.0197332   -9.06483 
             8.90403  0.0227391 -0.0296354  -0.160651 0.0191327 0.0283788 -0.005104 0 0 0   -0.011 -0.02329  0.04412 -0.00523598 -0.00309318 -0.00110933 -0.00559785 -0.00191838  0.00140046   0.014458 0.00636962 0.00202073   3.74705 -0.019748  -9.06508 
             9.00182 -0.0150649 -0.0301335 -0.0881972   0.0207863   0.0281473 -0.00414752 0 0 0   -0.011 -0.02329  0.04412  0.00197238 -0.00435904  0.00249774 -0.00555372 -0.00192763  0.00132519  0.0141356 0.00635702 0.00182894    3.74736 -0.0197284   -9.06495 
              9.1017 -0.000225872   -0.0469043    -0.129169  0.0236524  0.0287726 -0.0033469 0 0 0   -0.011 -0.02329  0.04412   0.00685179 -0.000289985   0.00264888 -0.00557977  -0.0019059  0.00137518  0.0136387 0.00618888 0.00181904    3.74774 -0.0195688    -9.0648 
              9.2014   0.026073 -0.0520611  -0.199481   0.0184848   0.0311557 -0.00561144 0 0 0   -0.011 -0.02329  0.04412 -0.00706446  0.00541695 -0.00308941 -0.00561209 -0.00190102  0.00146758  0.0145936 0.00581053 0.00225759    3.74686 -0.0192498   -9.06516 
              9.3017  0.0659782 -0.0227627  -0.101797   0.0188441   0.0323704 -0.00479466 0 0 0   -0.011 -0.02329  0.04412 -0.00666654  0.00498601 0.000235239 -0.00568821 -0.00194662  0.00134523  0.0144557 0.00567512  0.0019743    3.74706 -0.0191228   -9.06508 
             9.40138  0.0205204 -0.0157617  -0.120069   0.0215536   0.0313533 -0.00496622 0 0 0   -0.011 -0.02329  0.04412  0.00418557   0.0032377 -0.00041121 -0.00562934 -0.00195717  0.00137059  0.0137971 0.00593904 0.00225011    3.74748 -0.0193562   -9.06491 
             9.50302 -0.0203935 -0.0716021 -0.0982297  0.0219136  0.0291959 -0.0044793 0 0 0   -0.011 -0.02329  0.04412  0.00310957 -0.00423433 0.000422435   -0.005587 -0.00188869  0.00134725  0.0138587 0.00631763 0.00208264    3.74749 -0.0196955    -9.0649 
             9.60154  0.0229169 -0.0350906  -0.120089   0.0211713   0.0282003 -0.00317402 0 0 0   -0.011 -0.02329  0.04412 -0.00150125 -0.00630942    0.003828 -0.00565095 -0.00193006  0.00136091  0.0141036 0.00640823 0.00161019    3.74745 -0.0197772   -9.06492 
             9.70291  0.0144371 -0.0143193  -0.137317   0.0204429   0.0298319 -0.00377523 0 0 0   -0.011 -0.02329  0.04412 0.000632698 -0.00121132  0.00166623 -0.00563886 -0.00196763  0.00140066  0.0142011 0.00605457 0.00189684   3.74728 -0.019464  -9.06499 
             9.80208 -0.0263277 -0.0218602   -0.18053   0.0218066   0.0296554 -0.00352408 0 0 0   -0.011 -0.02329  0.04412 -0.000247579  0.000825147 -0.000233403 -0.00558256  -0.0019572  0.00145295  0.0139101 0.00609369  0.0019289   3.74749 -0.019495   -9.0649 
             9.90227 0.00733341   -0.03497 -0.0939354   0.0202538   0.0312935 -0.00451523 0 0 0   -0.011 -0.02329  0.04412 -0.000507478   0.00328605  -0.00164359 -0.00560982 -0.00195237  0.00140962  0.0141554 0.00584858 0.00213705    3.74724 -0.0192811     -9.065 
             10.0015 -0.0214157 -0.0444245 -0.0602944    0.022265   0.0274759 -0.00343967 0 0 0   -0.011 -0.02329  0.04412  0.00137181 -0.00621605 0.000495453  -0.0055587 -0.00193505  0.00137781  0.0138726 0.00640571 0.00193483    3.74752 -0.0197719   -9.06489 
             10.1021   0.041144 -0.0272631  -0.169167   0.0278542   0.0299053 -0.00248963 0 0 0   -0.011 -0.02329  0.04412  0.0185014 0.00013909 0.00362362 -0.00565421 -0.00193702   0.0015167  0.0131289 0.00602097 0.00196933    3.74807 -0.0194205   -9.06466 
             10.2017 -0.00284601  -0.0396875  -0.0907638   0.0270646   0.0296249 -0.00308232 0 0 0   -0.011 -0.02329  0.04412  0.0119544 0.00033771 0.00162917 -0.00560443 -0.00194009  0.00141913  0.0134832 0.00604648 0.00208681    3.74776 -0.0194506   -9.06479 
             10.3022  0.0170574 -0.0354779  -0.111958    0.024296   0.0269806 -0.00493876 0 0 0   -0.011 -0.02329  0.04412 -0.000336775  -0.00604154  -0.00503753 -0.00561429 -0.00195402  0.00144728  0.0139652 0.00640327 0.00238922    3.74731 -0.0197774   -9.06497 
             10.4021 0.00999413 -0.0546123  -0.105001   0.0245997   0.0293558 -0.00649385 0 0 0   -0.011 -0.02329  0.04412  0.00377141 -0.00236939 -0.00724649   -0.005635 -0.00193557  0.00144596  0.0138665 0.00596563 0.00272982    3.74727 -0.0193927   -9.06499 
              10.503 -0.0371114 -0.0498237  -0.154034   0.0224294   0.0303821 -0.00479478 0 0 0   -0.011 -0.02329  0.04412 -0.00701852  0.00560814 -0.00183855 -0.00556605 -0.00193952  0.00150316  0.0144325 0.00583543 0.00183318    3.74712 -0.0192809   -9.06505 
             10.6021 -0.0140212 -0.0272594 -0.0200329   0.0154104   0.0292769 -0.00689246 0 0 0   -0.011 -0.02329  0.04412  -0.0221481  0.00194615 -0.00451018 -0.00559998 -0.00197466    0.001345   0.015484 0.00608467 0.00205134    3.74627 -0.0195217    -9.0654 
             10.6991  0.0888531 -0.0283763 -0.0908013   0.0193902   0.0312563 -0.00646571 0 0 0   -0.011 -0.02329  0.04412 -0.00591717  0.00394616 -0.00428781 -0.00565053 -0.00196673  0.00137285   0.014493 0.00581115 0.00211662   3.74699 -0.019263  -9.06511 
             10.8017 -0.00734023   -0.051758   -0.104461   0.0259159   0.0311712 -0.00405146 0 0 0   -0.011 -0.02329  0.04412  0.0186917 0.00464107 0.00547509 -0.00553873 -0.00193242  0.00138915 0.0136687 0.0059176 0.0018026    3.74771 -0.0193313   -9.06481 
             10.9021 -0.0272935  -0.059615 -0.0826425   0.0230928   0.0292085 -0.00478719 0 0 0   -0.011 -0.02329  0.04412  0.00255427 -0.00445076  0.00152168 -0.0055407 -0.0019405 0.00137505  0.0141745 0.00613925 0.00188969    3.74731 -0.0195401   -9.06498 
             11.0027  0.0397382 -0.0443305  -0.145731   0.0251111   0.0299155 -0.00469138 0 0 0   -0.011 -0.02329  0.04412  0.00792376 8.76122e-05  0.00117291 -0.00560798 -0.00195349  0.00144737   0.013946  0.0060366 0.00195745    3.74745 -0.0194445   -9.06492 
             11.1039  0.0280233 -0.0415836  -0.108749    0.025572    0.031472 -0.00626028 0 0 0   -0.011 -0.02329  0.04412  0.00884892  0.00229952 -0.00295078 -0.00560428 -0.00196934  0.00141705  0.0139329 0.00585133 0.00234481    3.74734 -0.0192872   -9.06496 
              11.202  0.0302367 -0.0482572   -0.15227   0.0250017   0.0339868 -0.00569752 0 0 0   -0.011 -0.02329  0.04412 0.000202152  0.00890567 -0.00177042 -0.00561643 -0.00195485  0.00145407  0.0141495 0.00558559 0.00202643    3.74727 -0.0190589   -9.06499 
                11.3 0.00681036 -0.0510244 -0.0874142   0.0213843   0.0307563 -0.00570141 0 0 0   -0.011 -0.02329  0.04412 -0.00650014 -0.00367876 0.000423728 -0.00560082 -0.00196038   0.0013946  0.0147913 0.00610645 0.00178702    3.74688 -0.0195197   -9.06515 
             11.4017  0.00809203 -0.00851997  -0.0726732 0.0234243 0.0290674 -0.003622 0 0 0   -0.011 -0.02329  0.04412 -0.00312625 -0.00508363  0.00646342 -0.00560494 -0.00201227  0.00137586  0.0144255 0.00629734  0.0013962    3.74727 -0.0196773   -9.06499 
             11.5022 -0.00904729  -0.0481756   -0.134139   0.0253746   0.0300758 -0.00268132 0 0 0   -0.011 -0.02329  0.04412  0.00559262 -0.00251399  0.00827747 -0.00559063 -0.00197621  0.00143166  0.0140787 0.00609584 0.00144012    3.74751 -0.0194977   -9.06489 
             11.6063 -0.0561827 -0.0495608 -0.0348088   0.0224577   0.0266873 -0.00322083 0 0 0   -0.011 -0.02329  0.04412 -0.00654633  -0.0099689  0.00302596  -0.0055443 -0.00199024  0.00134966   0.014545 0.00650248 0.00161217    3.74712 -0.0198585   -9.06505 
             11.7016 -0.0055041 -0.0342252  -0.133194   0.0251475   0.0277048 -0.00270078 0 0 0   -0.011 -0.02329  0.04412  0.0050501 -0.0038164 0.00444375 -0.00559222 -0.00199731  0.00144241  0.0140576 0.00626745 0.00171569    3.74744 -0.0196465   -9.06492 
              11.802 -0.0162438 -0.0282102  -0.104096   0.0236943   0.0269426 -0.00474501 0 0 0   -0.011 -0.02329  0.04412 -0.00246283  -0.0066686 -0.00422446 -0.00559151 -0.00202027  0.00141681  0.0142287 0.00629064  0.0022108    3.74717 -0.0196795   -9.06503 
              11.902 -0.00701479  -0.0322095   -0.153193   0.0191533   0.0276415 -0.00622232 0 0 0   -0.011 -0.02329  0.04412   -0.013376 -0.00116224 -0.00707565 -0.00560056 -0.00203052  0.00147194  0.0147849 0.00612796 0.00225667    3.74674 -0.0195557   -9.06521 
             12.0021 0.00627767  -0.054602 -0.0905719 0.0207602 0.0285045 -0.006234 0 0 0   -0.011 -0.02329  0.04412 -0.00534637 8.10485e-05 -0.00531194 -0.00561404 -0.00200792  0.00140379  0.0143897 0.00599819 0.00224576    3.74703 -0.0194355   -9.06509 
             12.1016 -0.00425821 -0.00927922    -0.08342   0.0197847   0.0272302 -0.00628732 0 0 0   -0.011 -0.02329  0.04412 -0.00850208 -0.00362673 -0.00358569 -0.00560063 -0.00205551  0.00138997  0.0144596  0.0061588 0.00210371    3.74703 -0.0195716   -9.06509 
             12.2018 -0.0152081 -0.0717624 -0.0650954   0.0225879    0.026856 -0.00600811 0 0 0   -0.011 -0.02329  0.04412  0.00327704  -0.0028416 -0.00302511 -0.00558619 -0.00198838  0.00138034  0.0139506 0.00617447 0.00210299     3.7474 -0.0195747   -9.06494 
             12.3021 -0.0198645 -0.0416344  -0.129221   0.0174237   0.0279586 -0.00598981 0 0 0   -0.011 -0.02329  0.04412  -0.0159901  0.00108791 -0.00252402 -0.00558693 -0.00201697  0.00143081  0.0147719 0.00600028 0.00174446     3.7469 -0.0194412   -9.06514 
             12.4016 -0.00620223  -0.0256761  -0.0995749   0.0200757   0.0285822 -0.00353516 0 0 0   -0.011 -0.02329  0.04412 -0.00161527  0.00233634  0.00731383 -0.00561328 -0.00202054  0.00139618  0.0142864 0.00593588 0.00131483    3.74738 -0.0193674   -9.06495 
              12.502  0.0138187 -0.0243692  -0.157308   0.0227898   0.0344852 -0.00315984 0 0 0   -0.011 -0.02329  0.04412 0.00494296   0.018359 0.00544609 -0.0056485 -0.0020184 0.00145896  0.0138617 0.00527383 0.00151089    3.74761 -0.0187989   -9.06485 
             12.6022  0.0239672 -0.0243142  -0.107536   0.0213006   0.0343069 -0.00439947 0 0 0   -0.011 -0.02329  0.04412 0.000157784   0.0115944 0.000819655 -0.00566201 -0.00202047  0.00139516  0.0140531 0.00550124 0.00182515    3.74739 -0.0190003   -9.06494 
             12.7021  0.0124943 -0.0347531  -0.107552   0.0239637   0.0328727 -0.00371306 0 0 0   -0.011 -0.02329  0.04412 0.00729891  0.0046484 0.00239576 -0.00565425 -0.00201217  0.00140832  0.0137272 0.00581718 0.00181687    3.74763 -0.0192612   -9.06484 
             12.8017  0.0526938 -0.0223438   -0.14045   0.0229951    0.033597 -0.00374707 0 0 0   -0.011 -0.02329  0.04412 0.00108417 0.00611951 0.00268447 -0.00569301 -0.00202228  0.00144255  0.0139268 0.00580695 0.00180113    3.74749 -0.0192555    -9.0649 
             12.9022 -0.0333305 -0.0730229  -0.149674    0.025416   0.0325633 -0.00460536 0 0 0   -0.011 -0.02329  0.04412  0.00870017  0.00344647 -0.00143533 -0.00560255 -0.00197037  0.00146569  0.0135545 0.00599362 0.00217925    3.74765 -0.0194098   -9.06484 
              13.002 -0.0113534 -0.0460104  -0.129866   0.0213643   0.0289027 -0.00501229 0 0 0   -0.011 -0.02329  0.04412 -0.00751444 -0.00954496 -0.00331051 -0.00563299 -0.00199716  0.00144106  0.0142575 0.00648287 0.00200151     3.7472 -0.0198263   -9.06502 
             13.1026  0.0199761 -0.0242714 -0.0828706   0.0193164   0.0254212 -0.00505764 0 0 0   -0.011 -0.02329  0.04412  -0.00788006   -0.0174142 -0.000928169 -0.00565606 -0.00202591  0.00139323  0.0144896 0.00678956 0.00188441    3.74707 -0.0200839   -9.06507 
             13.2022  0.0194203 -0.0252619  -0.106566   0.0214748   0.0297818 -0.00536403 0 0 0   -0.011 -0.02329  0.04412 -0.00242993 -0.00255987 -0.00333286 -0.00566788 -0.00202682  0.00142753  0.0140306 0.00602405  0.0020797    3.74734 -0.0194419   -9.06496 
             13.3021 -0.00127414  -0.0182794  -0.0961284   0.0202066   0.0303747 -0.00573227 0 0 0   -0.011 -0.02329  0.04412 -0.00272651 9.59373e-05 -0.00274171 -0.00564952 -0.00203206  0.00141307  0.0141783 0.00592725 0.00204567    3.74724 -0.0193626     -9.065 
              13.402 0.00567019  -0.053477 -0.0782082  0.0209711  0.0305042 -0.0052236 0 0 0   -0.011 -0.02329  0.04412  -0.00201742 -0.000451547   -0.0010101 -0.00566386 -0.00199852  0.00140047  0.0140568 0.00590733 0.00191392    3.74736 -0.0193431   -9.06495 
             13.5013   0.026764 -0.0347588  -0.132784   0.0230346   0.0300978 -0.00399088 0 0 0   -0.011 -0.02329  0.04412  0.00358483 -0.00129962  0.00244419 -0.00568443 -0.00201637  0.00145474  0.0137728  0.0059553 0.00169414    3.74763 -0.0193752   -9.06484 
              13.602 -0.0300481 -0.0348005   -0.13955   0.0246069   0.0319628 -0.00274111 0 0 0   -0.011 -0.02329  0.04412 0.00885345 0.00486444 0.00616995 -0.00561645 -0.00202581  0.00147493   0.013668 0.00572338 0.00152335   3.74775 -0.019179  -9.06479 
             13.7018  0.0146526 -0.0411112  -0.126973   0.0214168   0.0295526 -0.00389928 0 0 0   -0.011 -0.02329  0.04412 -0.00667476 -0.00331842 0.000305368 -0.00567159 -0.00200866  0.00145388  0.0141451 0.00606647 0.00175219    3.74735 -0.0194748   -9.06496 
             13.8023  0.0267229 -0.0388402 -0.0956791   0.0209527   0.0268966 -0.00509203 0 0 0   -0.011 -0.02329  0.04412 -0.00165539  -0.0109064 -0.00230474 -0.00568797 -0.00201605  0.00142935  0.0140921 0.00633096 0.00205245    3.74731 -0.0196958   -9.06498 
             13.9025 -0.00131973  -0.0370232   -0.107621   0.0271492   0.0280132 -0.00483609 0 0 0   -0.011 -0.02329  0.04412   0.0118979 -0.00293265 -0.00240113 -0.00564734 -0.00202456  0.00144878   0.013195 0.00609116 0.00223857    3.74788 -0.0194869   -9.06474 
              14.002 0.000834944  -0.0302524  -0.0872738   0.0268528   0.0309922 -0.00389873 0 0 0   -0.011 -0.02329  0.04412 0.00989624  0.0035325 0.00205036  -0.0056517 -0.00202859  0.00142751  0.0134533 0.00569333 0.00189519    3.74779 -0.0191606   -9.06478 
             14.1022 0.00552054  -0.033903  -0.132612   0.0270736   0.0299341 -0.00285369 0 0 0   -0.011 -0.02329  0.04412  0.00753742 0.000648346  0.00419752 -0.00566083 -0.00203188  0.00147938  0.0136023 0.00585127 0.00168569    3.74775 -0.0192912   -9.06479 
             14.2023   0.017842 -0.0400642 -0.0995429   0.0276434   0.0326461 -0.00403828 0 0 0   -0.011 -0.02329  0.04412  0.00464024  0.00797278 -0.00068324  -0.0056716 -0.00202347  0.00143659  0.0135166 0.00556014 0.00203003   3.74771 -0.019054  -9.06481 
             14.3022 -0.0300352 -0.0351895 -0.0961563  0.0249705  0.0350517 -0.0042644 0 0 0   -0.011 -0.02329  0.04412 -0.00145109  0.00940567 0.000652036 -0.00563452 -0.00203936  0.00144155  0.0139605 0.00535743 0.00194343    3.74742 -0.0188952   -9.06493 
             14.4029  0.0181269 -0.0346384  -0.146583   0.0199559   0.0353956 -0.00603331 0 0 0   -0.011 -0.02329  0.04412  -0.0175788    0.011578 -0.00604309 -0.00567639 -0.00204009  0.00149461  0.0145095 0.00544821 0.00212306   3.74699 -0.018982  -9.06511 
             14.5015  0.0296223 -0.0414907 -0.0635986   0.0199731   0.0318109 -0.00591667 0 0 0   -0.011 -0.02329  0.04412  -0.0101057 -0.00414567  -0.0023893 -0.00568579 -0.00204103  0.00141681  0.0143257 0.00596203 0.00206194    3.74714 -0.0193964   -9.06504 
             14.6023 -0.00939063  -0.0180344  -0.0819734  0.0213588  0.0286873 -0.0052961 0 0 0   -0.011 -0.02329  0.04412  -0.00667787  -0.00978062 -0.000863435 -0.00565095 -0.00205822  0.00142707  0.0140267 0.00627768 0.00198063    3.74738 -0.0196465   -9.06495 
              14.702  0.0121484 -0.0192061 -0.0960113  0.0237503  0.0257281 -0.0036533 0 0 0   -0.011 -0.02329  0.04412 0.00473775 -0.0142673  0.0052768 -0.00566474 -0.00205367  0.00144993  0.0137118 0.00651478 0.00174086    3.74767 -0.0198296   -9.06482 
              14.802 -0.00418119   -0.023815   -0.118283   0.0220255   0.0248426 -0.00385977 0 0 0   -0.011 -0.02329  0.04412 -0.00367128  -0.0150276   0.0023186 -0.00566001 -0.00205501  0.00147771  0.0139636 0.00643353 0.00180556    3.74748 -0.0197708   -9.06491 
             14.9025 0.00825784 -0.0278739  -0.111184   0.0230992   0.0274958 -0.00562753 0 0 0   -0.011 -0.02329  0.04412 0.000618038 -0.00508949 -0.00600524 -0.00566883 -0.00204657  0.00146349  0.0136672 0.00598067 0.00227676    3.74753 -0.0194018   -9.06488 
              15.003 -0.0392869 -0.0417205 -0.0959344  0.0279332  0.0286764 -0.0038245 0 0 0   -0.011 -0.02329  0.04412  0.0161507 0.00243815  0.0034575 -0.00565262 -0.00206109   0.0014656   0.013192 0.00582119 0.00200821    3.74793 -0.0192599   -9.06472 
             15.1118  0.0476542 -0.0549228  -0.184886  0.0261899  0.0323382 -0.0060925 0 0 0   -0.011 -0.02329  0.04412  0.00211964   0.0104248 -0.00673678 -0.00572155 -0.00202636  0.00153535  0.0134223  0.0055154 0.00229036    3.74769 -0.0190223   -9.06482 
             15.2057  0.0294085 -0.0114562 -0.0477785    0.024863   0.0318285 -0.00569472 0 0 0   -0.011 -0.02329  0.04412   0.00305485   0.00344175 -0.000710744 -0.00572122 -0.00206894  0.00140937   0.013617 0.00560381  0.0021187    3.74761 -0.0190937   -9.06485 
             15.3021  0.0648747 -0.0281366  -0.106792  0.0273263  0.0310776 -0.0047687 0 0 0   -0.011 -0.02329  0.04412   0.00549802   0.00197846 -1.42642e-05 -0.00575387 -0.00205258  0.00147055  0.0134423 0.00569194 0.00201757    3.74775 -0.0191611   -9.06479 
              15.403 -0.00809996  -0.0618611   -0.157161   0.0300884   0.0320767 -0.00181005 0 0 0   -0.011 -0.02329  0.04412  0.0136174 0.00223229 0.00965511 -0.00568118 -0.00201475  0.00152476  0.0133272 0.00563056  0.0016008    3.74795 -0.0191095   -9.06471 
             15.5021  0.0162488 -0.0480211  -0.100955   0.0283908   0.0313273 -0.00288069 0 0 0   -0.011 -0.02329  0.04412  0.00310213 0.000795238  0.00231167  -0.0057136 -0.00203093  0.00147277  0.0135861 0.00571001 0.00186321     3.7477 -0.0191759   -9.06481 
             15.6019  0.0415361 -0.0326702  -0.139654   0.0265765   0.0292595 -0.00284972 0 0 0   -0.011 -0.02329  0.04412 -0.00101792 -0.00473183  0.00301642 -0.00572508 -0.00204581  0.00150955  0.0138289 0.00592625 0.00182023    3.74755 -0.0193495   -9.06488 
             15.7019  0.0205941 -0.0395646  -0.150471   0.0233112   0.0294079 -0.00320321 0 0 0   -0.011 -0.02329  0.04412 -0.00966938 -0.00523496   0.0020232 -0.00571301   -0.002048  0.00152901  0.0142082 0.00584546 0.00183234    3.74729 -0.0192892   -9.06498 
              15.803  0.0426999 -0.0395679  -0.174416   0.0236575   0.0331132 -0.00432536 0 0 0   -0.011 -0.02329  0.04412  -0.0087315   0.0080569 -0.00405124 -0.00572147  -0.0020434  0.00154499  0.0139552 0.00540853 0.00215998    3.74737 -0.0189432   -9.06495 
             15.8964  0.0429905 -0.0128202 -0.0835818   0.0245323   0.0304161 -0.00364878 0 0 0   -0.011 -0.02329  0.04412 0.000257762 -0.00446682  0.00105921 -0.00572666 -0.00206914  0.00148617  0.0138086 0.00576336 0.00202797     3.7475 -0.0192228    -9.0649 
             16.0009   0.0148579 -0.00939796   -0.150122   0.0246428   0.0308784 -0.00514503 0 0 0   -0.011 -0.02329  0.04412 -0.00264493  0.00063974 -0.00731218 -0.00570624 -0.00206886  0.00154064   0.013724 0.00567891 0.00230404    3.74748 -0.0191556    -9.0649 
             16.1009 0.0356877 -0.060856 -0.191341   0.0237854   0.0332711 -0.00435038 0 0 0   -0.011 -0.02329  0.04412 -0.00258784  0.00550946 -0.00108852 -0.00571272 -0.00204739  0.00156314  0.0138475 0.00545008 0.00201673    3.74748 -0.0189776    -9.0649 
             16.2001  0.0592763 -0.0247912 -0.0638629   0.0264782   0.0331569 -0.00398268 0 0 0   -0.011 -0.02329  0.04412  0.00245894  0.00232519 -0.00165092 -0.00574318 -0.00208536  0.00143505  0.0135557 0.00549349 0.00202072    3.74768 -0.0190127   -9.06482 
             16.3019  0.0110734 -0.0222225  -0.104164   0.0280702   0.0288979 -0.00217797 0 0 0   -0.011 -0.02329  0.04412  0.00846822 -0.00901995  0.00540326 -0.00568474 -0.00208098  0.00148056  0.0134806 0.00588743 0.00175547     3.7478 -0.0193215   -9.06477 
              16.402  0.0274988 -0.0409223  -0.170298   0.0257734   0.0289149 -0.00243987 0 0 0   -0.011 -0.02329  0.04412 -1.19414e-05  -0.00742468   0.00383374 -0.00569878 -0.00207585  0.00155089  0.0137861 0.00580391 0.00178912    3.74759 -0.0192573   -9.06486 
             16.5035   0.03868 -0.033651 -0.134104   0.0231926   0.0314995 -0.00460072 0 0 0   -0.011 -0.02329  0.04412 -0.00770209  0.00204196 -0.00374282 -0.00570568 -0.00207824  0.00150932  0.0139626 0.00551212 0.00215052    3.74737 -0.0190305   -9.06495 
             16.6029    0.01793 -0.0300736 -0.0698205   0.0247266   0.0289756 -0.00269648 0 0 0   -0.011 -0.02329  0.04412   0.0001154 -0.00745453  0.00408927 -0.00568979 -0.00208974  0.00145548  0.0138003 0.00575654 0.00180832    3.74757 -0.0192204   -9.06487 
             16.7012 -0.0146296 -0.0214961  -0.151894   0.0255673   0.0281611 -0.00274574 0 0 0   -0.011 -0.02329  0.04412 -0.000457755  -0.00452397  0.000698683  -0.0056619 -0.00209701  0.00153479  0.0136668 0.00578051 0.00191799    3.74763 -0.0192378   -9.06484 
             16.8013  0.0105307 -0.0555002  -0.180848  0.024518 0.0306914 -0.003156 0 0 0   -0.011 -0.02329  0.04412  6.3065e-05  0.00147868 0.000861377 -0.00569032 -0.00206632  0.00156255  0.0137814 0.00547598 0.00198702    3.74753 -0.0190047   -9.06488 
             16.9029  0.0457197  -0.020393 -0.0682144   0.0235038   0.0302401 -0.00474493 0 0 0   -0.011 -0.02329  0.04412  -0.00634408 -0.000270701   -0.0054205 -0.00573717 -0.00209995  0.00144977  0.0138285 0.00552611  0.0022821   3.74742 -0.019045  -9.06493 
             17.0029 -0.00117101  -0.0302723  -0.0820862    0.026983   0.0264002 -0.00251339 0 0 0   -0.011 -0.02329  0.04412 0.00738234 -0.0099922 0.00353832 -0.00568398 -0.00209502  0.00146625  0.0134322 0.00593707 0.00188186    3.74779 -0.0193561   -9.06478 
             17.1029 -0.0131282 -0.0276466  -0.185082  0.0249761  0.0310017 -0.0023999 0 0 0   -0.011 -0.02329  0.04412 -0.00250677  0.00508564  0.00206751 -0.00567877 -0.00209934  0.00157351  0.0137671 0.00535033 0.00182028    3.74758 -0.0189104   -9.06486 
              17.203 0.0344831 -0.034799  -0.14042   0.0231388     0.03173 -0.00424327 0 0 0   -0.011 -0.02329  0.04412 -0.00436096  0.00405884 -0.00396114 -0.00572027 -0.00208304  0.00152474  0.0138805 0.00532483 0.00216889    3.74742 -0.0188947   -9.06493 
             17.3021  0.0182616  -0.021496 -0.0862261   0.0250621   0.0301653 -0.00456049 0 0 0   -0.011 -0.02329  0.04412  0.00185409 0.000283713 -0.00293993 -0.00570853 -0.00210472  0.00148267  0.0136039  0.0055332 0.00226855    3.74757 -0.0190523   -9.06487 
             17.3984 -0.00796007  -0.0211119  -0.0925941   0.0270329   0.0287181 -0.00394337 0 0 0   -0.011 -0.02329  0.04412  0.00434796 -0.00271187 -0.00146928 -0.00567963  -0.0020995  0.00148052  0.0133915 0.00569278 0.00214106    3.74774 -0.0191714    -9.0648 
             17.5023 0.0179556 -0.049757 -0.111027   0.0252662   0.0304722 -0.00399902 0 0 0   -0.011 -0.02329  0.04412   0.00228507 -5.60495e-05 -7.30136e-05 -0.00570371 -0.00208261  0.00150439  0.0136922 0.00546334 0.00205147    3.74757 -0.0190001   -9.06487 
             17.6014  0.0451756 -0.0299803 -0.0547415   0.0254892   0.0295979 -0.00527122 0 0 0   -0.011 -0.02329  0.04412 -0.000889031  -0.00266197  -0.00524686 -0.00572715 -0.00209858  0.00145512  0.0136251 0.00554446 0.00228411    3.74755 -0.0190622   -9.06488 
             17.7025 -0.0207297 -0.0326531 -0.0521211   0.0255781   0.0264088 -0.00352793 0 0 0   -0.011 -0.02329  0.04412 0.00150942 -0.0118143 0.00233233 -0.00567587 -0.00209808  0.00144928  0.0137012 0.00583435 0.00186499    3.74762 -0.0192796   -9.06485 
             17.8064 -0.0359899 -0.0514643  -0.133783   0.0264103     0.02913 -0.00218105 0 0 0   -0.011 -0.02329  0.04412  0.00126358 0.000474346  0.00444792 -0.00565864 -0.00208854  0.00152181  0.0136485 0.00546258 0.00167756    3.74769 -0.0189975   -9.06482 
              17.907  0.0261401 -0.0387216   -0.15227   0.0232932   0.0307919 -0.00480154 0 0 0   -0.011 -0.02329  0.04412 -0.00606297  0.00569873  -0.0058448 -0.00570204 -0.00209459  0.00153674  0.0139092 0.00530813 0.00209416    3.74741 -0.0188953   -9.06493 
             18.0026 0.000518122  -0.0287925   -0.129087   0.0233046   0.0294414 -0.00625523 0 0 0   -0.011 -0.02329  0.04412  -0.00482144 -0.000156003  -0.00853234 -0.00569631 -0.00210182  0.00152572  0.0138274 0.00547306 0.00226408    3.74742 -0.0190188   -9.06493 
             18.1061  0.0087182 -0.0391008  -0.129609   0.0242115   0.0286898 -0.00536726 0 0 0   -0.011 -0.02329  0.04412  -0.00164658 -0.000953878  -0.00327891 -0.00570471 -0.00209272  0.00152069   0.013728 0.00554258 0.00204468    3.74755 -0.0190655   -9.06488 
             18.2029  0.0190926 -0.0597473  -0.146419   0.0262949   0.0348758 -0.00251133 0 0 0   -0.011 -0.02329  0.04412 0.00608081  0.0147345 0.00687713 -0.00571503 -0.00208469  0.00154038  0.0136118 0.00505454 0.00165981    3.74771 -0.0186966   -9.06481 
             18.3019 0.00300886 -0.0511287 -0.0557641   0.0248983   0.0299085 -0.00490353 0 0 0   -0.011 -0.02329  0.04412 -0.00272468 -0.00243117 -0.00363463 -0.00570807 -0.00208492  0.00146624  0.0136913 0.00553253 0.00203341    3.74757 -0.0190549   -9.06487 
             18.4029 -0.0317324 -0.0383599 -0.0502289   0.0279001   0.0268061 -0.00234496 0 0 0   -0.011 -0.02329  0.04412   0.0102844 -0.00922143  0.00620782  -0.0056782 -0.00210325  0.00146557  0.0134933 0.00575789 0.00170453    3.74778 -0.0192172   -9.06478 
             18.5024  -0.011308 -0.0349773  -0.162057    0.0299129     0.031054 -0.000569853 0 0 0   -0.011 -0.02329  0.04412 0.00883184 0.00439142 0.00827389 -0.00570356 -0.00210634  0.00157133  0.0134084 0.00534813   0.001544    3.74787 -0.0189126   -9.06474 
             18.6018  0.0501212 -0.0455536  -0.140165   0.0248233   0.0340349 -0.00421384 0 0 0   -0.011 -0.02329  0.04412 -0.00441485  0.00989196   -0.003705 -0.00576422 -0.00209149  0.00155042  0.0138669 0.00511635  0.0021051    3.74743 -0.0187615   -9.06493 
             18.7029  0.0411605 -0.0109855 -0.0784087   0.0246014   0.0332342 -0.00481045 0 0 0   -0.011 -0.02329  0.04412 -0.00501133  0.00595385 -0.00544692 -0.00575366 -0.00213054  0.00149672  0.0138524 0.00527762  0.0021601  3.74743 -0.01888 -9.06493 
             18.8012 0.0145829 -0.026119 -0.112578   0.0269086   0.0293354 -0.00352705 0 0 0   -0.011 -0.02329  0.04412  0.00255747 -0.00611826  1.1526e-05 -0.00573807 -0.00211303  0.00152154  0.0135938 0.00569676 0.00192901    3.74766 -0.0191801   -9.06483 
             18.9029  0.0137302 -0.0541573 -0.0859192   0.0247868   0.0299552 -0.00561463 0 0 0   -0.011 -0.02329  0.04412 -0.00245313 -0.00310854 -0.00534364  -0.0057439 -0.00209619  0.00150878   0.013801 0.00556408 0.00223472   3.74745 -0.019088  -9.06492 
             19.0029 0.00415829 -0.0164649 -0.0759242   0.0225862   0.0266476 -0.00566865 0 0 0   -0.011 -0.02329  0.04412  -0.0097325  -0.0106978 -0.00419705 -0.00572444 -0.00212734  0.00148525  0.0140243 0.00586157 0.00206988    3.74736 -0.0193076   -9.06496 
             19.1043  0.0156743 -0.0171863  -0.109117   0.0265757   0.0234939 -0.00331818 0 0 0   -0.011 -0.02329  0.04412 0.00635671 -0.0185991 0.00562825 -0.0057419 -0.0021348 0.00151822   0.013579 0.00605474  0.0017501    3.74772 -0.0194375   -9.06481 
             19.2023  0.0368402 -0.0514054 -0.0959658   0.0274992   0.0265786 -0.00240859 0 0 0   -0.011 -0.02329  0.04412  0.00314628 -0.00294408  0.00420753  -0.0057513 -0.00210808  0.00151169  0.0135365 0.00559723 0.00168549    3.74775 -0.0191052   -9.06479 
             19.3026  0.0319826 -0.0217417 -0.0839278   0.0232835   0.0276225 -0.00363436 0 0 0   -0.011 -0.02329  0.04412 -0.00717223 -0.00216697  0.00114135 -0.00573998 -0.00212379   0.0014987  0.0139717 0.00545998 0.00182931    3.74744 -0.0190175   -9.06492 
             19.4029  0.0481597 -0.0364004 -0.0997001   0.0240402   0.0299815 -0.00398334 0 0 0   -0.011 -0.02329  0.04412  -0.00475751   0.00455085 -0.000598181 -0.00575948 -0.00211801  0.00152049  0.0138039 0.00522137 0.00194851    3.74751 -0.0188419   -9.06489 
             19.5019  0.0171809   -0.04426 -0.0957254   0.0280557   0.0301066 -0.00337522 0 0 0   -0.011 -0.02329  0.04412 0.00726631 0.00543355 0.00127354 -0.00571458  -0.0021155  0.00151048  0.0133591 0.00526728 0.00197071    3.74778 -0.0188633   -9.06478 
             19.6024 -0.00893167  -0.0501786   -0.113997    0.030365   0.0312833 -0.00162897 0 0 0   -0.011 -0.02329  0.04412  0.0122306 0.00254777 0.00597462  -0.0057055 -0.00211601  0.00153728  0.0132638 0.00518489 0.00175848    3.74789 -0.0188023   -9.06474 
             19.7023 0.00689931 -0.0338327  -0.144469   0.0308646   0.0316809 -0.00080459 0 0 0   -0.011 -0.02329  0.04412 0.00802357 0.00599492 0.00610796 -0.00570687 -0.00212545   0.0015616  0.0133216 0.00519396 0.00168988    3.74787 -0.0188101   -9.06474 
             19.8022  0.0157348 -0.0269587 -0.0879632   0.0293613    0.031444 -0.00270374 0 0 0   -0.011 -0.02329  0.04412  0.00681441  0.00253393 0.000420727 -0.00572042 -0.00213369  0.00152227  0.0135219 0.00526379 0.00205172    3.74766 -0.0188657   -9.06483 
             19.8999 -0.00707821  -0.0328991   -0.109135  0.0306707  0.0316516 -0.0017956 0 0 0   -0.011 -0.02329  0.04412 0.00249984 0.00338431 0.00103697 -0.00570404  -0.0021263  0.00153397   0.013454 0.00527306 0.00191396  3.74774 -0.01887  -9.0648 
             20.0001 0.00551971 -0.0452597 -0.0690932    0.030191   0.0297372 -0.00247078 0 0 0   -0.011 -0.02329  0.04412  0.00558514 -0.00399322  0.00103309 -0.00571935 -0.00211743   0.0015032  0.0135296 0.00546939 0.00203257    3.74766 -0.0190114   -9.06483 
              20.101 0.0572061 -0.027561 -0.126991   0.0302983   0.0299264 -0.00146323 0 0 0   -0.011 -0.02329  0.04412  0.00118006 -0.00196351  0.00293317 -0.00575825  -0.0021366  0.00155102  0.0135992 0.00542238 0.00186612    3.74766 -0.0189774   -9.06483 
              20.199 -0.00845604  -0.0269807  -0.0916883   0.0310744   0.0295238 -0.00120785 0 0 0   -0.011 -0.02329  0.04412 0.00379265 -0.0036442  0.0025698 -0.0057057  -0.002131  0.0015175  0.0135184 0.00544313 0.00188925    3.74771 -0.0189906   -9.06481 
              20.301 0.00125499 -0.0488993  -0.112993  0.0264585  0.0301138 -0.0028021 0 0 0   -0.011 -0.02329  0.04412  -0.00963009 -0.000747382  -0.00225515 -0.00572289 -0.00211959  0.00154643  0.0139925 0.00534694 0.00205014    3.74738 -0.0189338   -9.06495 
              20.402  0.050748 -0.022467 -0.112005   0.0251004   0.0301514 -0.00337187 0 0 0   -0.011 -0.02329  0.04412  -0.0118348  0.00017125 -0.00310772 -0.00575115  -0.0021375  0.00153902  0.0140078 0.00534467 0.00208778    3.74736 -0.0189328   -9.06495 
             20.5032  0.0164974 -0.0256513  -0.144818   0.0261706   0.0312022 -0.00373911 0 0 0   -0.011 -0.02329  0.04412 -0.00381738 0.000550605 -0.00283598  -0.0057369 -0.00214143  0.00156595  0.0137869 0.00524408 0.00217406   3.74747 -0.018859  -9.06491 
              20.599 -0.00843511  -0.0431047    -0.11988    0.025858   0.0339633 -0.00276141 0 0 0   -0.011 -0.02329  0.04412 -0.00701631   0.0115753 0.000457505 -0.00570631 -0.00212514  0.00154207  0.0137905 0.00502947  0.0019802    3.74751 -0.0187087   -9.06489 
             20.7033  0.0603342 -0.0499966  -0.120488    0.025088   0.0333047 -0.00273495 0 0 0   -0.011 -0.02329  0.04412 -0.00422768  0.00395853  0.00160875 -0.00576151 -0.00212235   0.0015461  0.0138123 0.00516756 0.00198856     3.7475 -0.0188049    -9.0649 
             20.8029  0.0567726 -0.0133115  -0.120261   0.0260866   0.0331321 -0.00357951 0 0 0   -0.011 -0.02329  0.04412 -0.00352506  0.00174837 -0.00256877 -0.00576811 -0.00215833  0.00154515  0.0136325 0.00520556 0.00218396    3.74756 -0.0188308   -9.06487 
             20.9028 0.00745813 -0.0269226  -0.139311   0.0233764   0.0311859 -0.00410976 0 0 0   -0.011 -0.02329  0.04412 -0.00641311 -0.00231772 -0.00216845 -0.00572162 -0.00214492    0.001558  0.0138649 0.00539795 0.00215593    3.74743 -0.0189649   -9.06493 
             21.0029 0.000993993  -0.0443919   -0.105156   0.0236973   0.0320476 -0.00421317 0 0 0   -0.011 -0.02329  0.04412  -0.00635312 -0.000150548  -0.00253304 -0.00572767 -0.00213189  0.00153613   0.013768 0.00529821 0.00217152    3.74748 -0.0188958   -9.06491 
             21.1029  0.0110932 -0.0086748  -0.071883   0.0275889   0.0318169 -0.00210319 0 0 0   -0.011 -0.02329  0.04412  0.00580453 -0.00102355   0.0032153 -0.00574052 -0.00215515   0.0014985  0.0133677 0.00531314 0.00191796    3.74778 -0.0189058   -9.06478 
              21.202 -0.0176599 -0.0367139 -0.0998772   0.0263538   0.0283157 -0.00282802 0 0 0   -0.011 -0.02329  0.04412  0.00207372 -0.00926549 0.000899671  -0.0057138 -0.00213729  0.00153332  0.0135382 0.00561664 0.00204412    3.74765 -0.0191152   -9.06484 
             21.3029 -0.00161094  -0.0359634  -0.0862761   0.0224049   0.0306838 -0.00569823 0 0 0   -0.011 -0.02329  0.04412  -0.0109518 3.17408e-05 -0.00785924 -0.00572406 -0.00213491  0.00151342  0.0138595 0.00532012 0.00240176    3.74737 -0.0189193   -9.06495 
             21.4042  0.0257426 -0.0279511  -0.169244   0.0211304   0.0347487 -0.00481191 0 0 0   -0.011 -0.02329  0.04412 -0.00941013   0.0108812 -0.00101298 -0.00574929 -0.00214473  0.00159482  0.0139383 0.00495718 0.00213079    3.74738 -0.0186703   -9.06495 
             21.5029  0.0529574 -0.0277785  -0.181558  0.0220044  0.0338592 -0.0063677 0 0 0   -0.011 -0.02329  0.04412 -0.00719073  0.00608026  -0.0067678 -0.00576007 -0.00214304  0.00159666   0.013693 0.00513441 0.00240526    3.74746 -0.0187896   -9.06491 
             21.6029  0.0641203 -0.0327474  -0.140716   0.0233583   0.0341463 -0.00474154 0 0 0   -0.011 -0.02329  0.04412  0.00137648  0.00574158 0.000670853 -0.00576446 -0.00213907  0.00156474  0.0135707 0.00516711 0.00211069    3.74761 -0.0188082   -9.06485 
             21.7029 -0.0341819 -0.0508999 -0.0957821   0.0250127   0.0330213 -0.00315617 0 0 0   -0.011 -0.02329  0.04412 0.00245744 0.00491385 0.00543511 -0.00569741 -0.00212364   0.0015365  0.0134594 0.00530948  0.0019386    3.74771 -0.0189048   -9.06481 
             21.8027 -0.000823607   -0.0280758   -0.0869052    0.0309528    0.0340623 -0.000605072 0 0 0   -0.011 -0.02329  0.04412  0.0189918 0.00670694  0.0107696  -0.0057337 -0.00212462  0.00152018  0.0129861 0.00527298 0.00179673   3.74802 -0.018884  -9.06468 
             21.9029 -0.0121394 -0.0393501  -0.126649    0.0288463    0.0316905 -0.000569744 0 0 0   -0.011 -0.02329  0.04412 0.00877437 0.00070104 0.00885198 -0.00572177 -0.00213053  0.00156631  0.0133396 0.00551641 0.00185241     3.7478 -0.0190468   -9.06477 
             22.0019  0.0540356  -0.010921 -0.0705145    0.0315487    0.0328007 -0.000388129 0 0 0   -0.011 -0.02329  0.04412  0.0120664 0.00298585 0.00592342 -0.00577594 -0.00214926    0.001507  0.0131267 0.00543232 0.00200988    3.74788 -0.0189908   -9.06474 
             22.1019 -0.0175949 -0.0492349  -0.129281    0.0314624     0.031758 -7.52213e-05 0 0 0   -0.011 -0.02329  0.04412   0.0105109 -0.00133062  0.00565055 -0.00571802 -0.00212078  0.00157054  0.0132588 0.00554868 0.00201335    3.74781 -0.0190699   -9.06477 
             22.2028 -0.00445804  -0.0176124   -0.116271    0.027043     0.02935 -0.00233102 0 0 0   -0.011 -0.02329  0.04412  -0.0061771 -0.00532061 -0.00349796 -0.00573202  -0.0021485  0.00155709  0.0137207  0.0057439 0.00229684    3.74748 -0.0192093    -9.0649 
              22.303  0.0454404 -0.0467491  -0.121787    0.027053   0.0305003 -0.00262937 0 0 0   -0.011 -0.02329  0.04412 -0.00203191  -0.0029634 -0.00225875 -0.00577211 -0.00212668  0.00155941  0.0136647 0.00558952  0.0023221    3.74751 -0.0191061   -9.06489 
             22.3993  0.0409521 -0.0436032  -0.097924   0.0247245   0.0303616 -0.00373869 0 0 0   -0.011 -0.02329  0.04412  -0.0115104 -0.00371538 -0.00542332 -0.00577541 -0.00212503  0.00154437  0.0138402 0.00556483 0.00240022    3.74739 -0.0190929   -9.06494 
             22.5021  0.0269184 -0.0288333 -0.0935987   0.0266613    0.030512 -0.00337173 0 0 0   -0.011 -0.02329  0.04412 -0.000175408  -0.00198242  -0.00272459 -0.00575386 -0.00214347  0.00153857  0.0135656 0.00552957 0.00233561    3.74756 -0.0190658   -9.06487 
             22.6028 -0.0142023 -0.0515083 -0.0910113   0.0239915   0.0316861 -0.00424376 0 0 0   -0.011 -0.02329  0.04412 -0.00811286  0.00184924 -0.00478725 -0.00572435 -0.00212463  0.00154688  0.0138101 0.00541338  0.0023552    3.74742 -0.0189926   -9.06493 
             22.7017 -0.0146498 -0.0362125 -0.0926789   0.0263038   0.0330315 -0.00352829 0 0 0   -0.011 -0.02329  0.04412 -0.000719917   0.00566807  -0.00205896 -0.00571957 -0.00213639  0.00154203  0.0135205  0.0053213 0.00226067     3.7476 -0.0189271   -9.06486 
             22.8019 -8.00201e-05   -0.0397154    -0.146743   0.0258176   0.0338351 -0.00194834 0 0 0   -0.011 -0.02329  0.04412 -0.000683518   0.00590411   0.00393568 -0.00573419 -0.00213993  0.00159417  0.0136235  0.0053038 0.00198471     3.7476 -0.0189161   -9.06485 
             22.9027 -0.0148201 -0.0154557  -0.111325   0.0257737   0.0309454 -0.00235429 0 0 0   -0.011 -0.02329  0.04412  -0.0033136 -0.00196965  0.00041501 -0.00572576 -0.00215769  0.00156259  0.0135847 0.00559545 0.00210206     3.7476 -0.0191073   -9.06485 
             23.0035  0.0515353 -0.0581647  -0.124883    0.024911   0.0311449 -0.00436233 0 0 0   -0.011 -0.02329  0.04412 -0.00162489 -0.00226099 -0.00508482 -0.00577011  -0.0021256  0.00157463  0.0135932 0.00555009 0.00241014    3.74753 -0.0190823   -9.06489 
             23.1031  0.0607018 -0.0382283    -0.1702   0.0247661   0.0354599 -0.00523956 0 0 0   -0.011 -0.02329  0.04412  -0.0049729  0.00952944 -0.00643946 -0.00578375 -0.00214034  0.00160895  0.0135645  0.0051645 0.00247025    3.74752 -0.0188321   -9.06489 
             23.2027    0.022266 -0.00446072  -0.0941175   0.0285364   0.0353913 -0.00387279 0 0 0   -0.011 -0.02329  0.04412   0.00948022   0.00641385 -8.30725e-06 -0.00575297 -0.00216517  0.00154836   0.013215 0.00525069 0.00227988    3.74776 -0.0188851   -9.06479 
             23.3062 0.00311462 -0.0426857  -0.139926   0.0253009    0.033067 -0.00294257 0 0 0   -0.011 -0.02329  0.04412  -0.00526541 -0.000345764   0.00267942 -0.00573505 -0.00213919  0.00159079   0.013642 0.00550441 0.00202259  3.74758 -0.01905 -9.06486 
             23.4027  0.0542411 -0.0353995  -0.158776  0.0293298  0.0362247 -0.0010298 0 0 0   -0.011 -0.02329  0.04412 0.00847742 0.00672729 0.00764986 -0.00577574 -0.00214147   0.0016018  0.0132413 0.00522965 0.00189903    3.74783 -0.0188736   -9.06476 
             23.5031  0.0326116 -0.0449966  -0.140793    0.0302808    0.0347318 -0.000195861 0 0 0   -0.011 -0.02329  0.04412 0.00877091 0.00176235 0.00792904 -0.00575799 -0.00214177  0.00159423  0.0132451 0.00541254 0.00189728    3.74783 -0.0189912   -9.06476 
             23.6027  -0.0212202 -0.00756937   -0.137885     0.026297     0.031126 -0.000923016 0 0 0   -0.011 -0.02329  0.04412 -0.00615474 -0.00807502  0.00336227 -0.00571407 -0.00216433  0.00158566  0.0136501  0.0057317 0.00198567    3.74759 -0.0191917   -9.06486 
             23.7018   0.019148 -0.0443496  -0.051869   0.0232426   0.0298126 -0.00406489 0 0 0   -0.011 -0.02329  0.04412 -0.00965208  -0.0106843 -0.00552764 -0.00574689 -0.00214201  0.00152194  0.0138099 0.00576159 0.00245309    3.74739 -0.0192068   -9.06494 
             23.8027  0.0177429 -0.0540484   -0.16798   0.0261051   0.0308981 -0.00371948 0 0 0   -0.011 -0.02329  0.04412  -0.0022176 -0.00381473 -0.00558145  -0.0057435 -0.00213208  0.00161272  0.0134415 0.00559316  0.0024096     3.7476 -0.0191015   -9.06485 
             23.9063 -0.0388471 -0.0532362  -0.114675   0.0263674   0.0321234 -0.00407721 0 0 0   -0.011 -0.02329  0.04412   0.00181679 -0.000431769  -0.00403152 -0.00571214 -0.00213625  0.00158084  0.0134082 0.00545911   0.002399    3.74762 -0.0190162   -9.06485 
             24.0022 -0.0386141 -0.0637053  -0.175771   0.0244902   0.0346071 -0.00450114 0 0 0   -0.011 -0.02329  0.04412 -0.00687167  0.00988366 -0.00518218 -0.00570948   -0.002125  0.00163846  0.0135916 0.00527343  0.0023469    3.74754 -0.0188984   -9.06488 
             24.1027  0.0131092 -0.0445582  -0.125828  0.0231498   0.033042 -0.0048421 0 0 0   -0.011 -0.02329  0.04412 -0.00825066  0.00468835 -0.00473257 -0.00575154 -0.00213579   0.0015936  0.0136451 0.00549086 0.00230298    3.74752 -0.0190352   -9.06489 
             24.2095  0.0189446 -0.0589869 -0.0801677    0.025738   0.0292264 -0.00564237 0 0 0   -0.011 -0.02329  0.04412 0.000997132  -0.0109096 -0.00624993 -0.00577794 -0.00213562  0.00155732  0.0133401 0.00578499 0.00243635    3.74765 -0.0192245   -9.06483 
             24.3027 -0.0213851 -0.0431945  -0.121803   0.0214865   0.0324435 -0.00626734 0 0 0   -0.011 -0.02329  0.04412  -0.0123029  0.00722023 -0.00585144 -0.00574048 -0.00213827  0.00158245  0.0137127 0.00549236 0.00232878    3.74748 -0.0190382   -9.06491 
             24.4026   0.010556 -0.0476422  -0.103938   0.0233041   0.0335396 -0.00617055 0 0 0   -0.011 -0.02329  0.04412 -0.00169184  0.00592173 -0.00319161 -0.00576824 -0.00213985  0.00157248  0.0134697 0.00545838  0.0023175    3.74761 -0.0190158   -9.06485 
             24.5019  0.0403997 -0.0191236  -0.094246   0.0243659   0.0328635 -0.00493691 0 0 0   -0.011 -0.02329  0.04412 -0.00150945  0.00338417 0.000107795 -0.00579541 -0.00215646  0.00156769  0.0133825 0.00555708 0.00212735     3.7477 -0.0190742   -9.06482 
             24.6038  0.0115408 -0.0156172  -0.079882   0.0272889   0.0346007 -0.00308854 0 0 0   -0.011 -0.02329  0.04412  0.0101294 0.00622317 0.00609498 -0.0057692 -0.0021592  0.0015558  0.0131684 0.00545328 0.00195277    3.74785 -0.0190051   -9.06475 
             24.7019 -0.0258672 -0.0370222  -0.193569   0.0269212   0.0350327 -0.00158251 0 0 0   -0.011 -0.02329  0.04412 0.00349808 0.00725852 0.00880801 -0.00574624 -0.00214331   0.0016477  0.0133067 0.00547069 0.00178235    3.74781 -0.0190175   -9.06477 
             24.7966 0.0514876 -0.055317 -0.132651   0.0220312   0.0341646 -0.00338498 0 0 0   -0.011 -0.02329  0.04412 -0.0105128 0.00278074 0.00236655 -0.00580334 -0.00213123  0.00160032  0.0137197 0.00558745 0.00204036    3.74754 -0.0190985   -9.06488 
             24.9008 0.00512157 -0.0330693 -0.0824921   0.0284311   0.0350194 -0.00159336 0 0 0   -0.011 -0.02329  0.04412   0.010227 0.00270867 0.00683254 -0.00577092 -0.00214992  0.00156244  0.0130754 0.00553775 0.00200799    3.74788 -0.0190625   -9.06474 
             24.9988 -0.00814148  -0.0459448   -0.127163   0.0244969   0.0345555 -0.00428962 0 0 0   -0.011 -0.02329  0.04412  -0.0045702  0.00417597 -0.00383731 -0.00575739 -0.00213818  0.00159557  0.0134385 0.00561874  0.0023601    3.74762 -0.0191155   -9.06485 
             25.1006 -0.0223505 -0.0406127 -0.0832814   0.0222788   0.0294664 -0.00446176 0 0 0   -0.011 -0.02329  0.04412 -0.00652139  -0.0108378 -0.00110183 -0.00574554 -0.00214656  0.00156986  0.0136235 0.00606298 0.00229551    3.74754 -0.0193889   -9.06488 
             25.2028 -0.0171623 -0.0252211  -0.148641   0.0235423   0.0303898 -0.00268481 0 0 0   -0.011 -0.02329  0.04412 -0.00557946 -0.00415989  0.00226253 -0.00575317 -0.00215422  0.00161126  0.0134762 0.00591414 0.00206606    3.74766 -0.0192948   -9.06483 
             25.3026 -0.0177304 -0.0315112  -0.139171   0.0243564   0.0317817 -0.00329917 0 0 0   -0.011 -0.02329  0.04412  0.00252016 0.000256457  0.00118135 -0.00575471 -0.00215218  0.00160815  0.0133529 0.00577166 0.00221616    3.74769 -0.0192087   -9.06482 
             25.4016 -0.0134012 -0.0526315  -0.180969   0.0267334   0.0316907 -0.00240678 0 0 0   -0.011 -0.02329  0.04412 0.00384485 0.00178958 0.00197593 -0.00575984 -0.00213295  0.00163968  0.0131671 0.00578722 0.00215405     3.7478 -0.0192159   -9.06477 
             25.5018  0.0271972 -0.0664455  -0.161402    0.026986   0.0337844 -0.00323007 0 0 0   -0.011 -0.02329  0.04412  0.00548118  0.00598972 -0.00102536 -0.00580065  -0.0021214  0.00161959  0.0131558 0.00563038 0.00228786    3.74778 -0.0191235   -9.06478 
             25.6023  0.0324067 -0.0469211  -0.152847   0.027572  0.0372406 -0.0044724 0 0 0   -0.011 -0.02329  0.04412  0.00450305   0.0133081 -0.00497967 -0.00580769 -0.00213897  0.00161894   0.013122 0.00539142 0.00246191    3.74776 -0.0189825   -9.06479 
             25.6969  0.0233506 -0.0343404  -0.129544   0.0258686   0.0372701 -0.00582807 0 0 0   -0.011 -0.02329  0.04412 -2.17974e-05    0.0106881  -0.00666624 -0.00579768 -0.00214452  0.00159411  0.0132891 0.00550609 0.00252282    3.74766 -0.0190495   -9.06483 
             25.8008 -0.0198753 -0.0643159 -0.0639692   0.0253735   0.0361027 -0.00474185 0 0 0   -0.011 -0.02329  0.04412 -0.00249014  0.00412317 -0.00163897 -0.00577381 -0.00212762  0.00155445  0.0133776 0.00567655   0.002271    3.74766 -0.0191496   -9.06483 
             25.9026  0.0231233 -0.0173011 -0.0982455   0.0250399   0.0315285 -0.00359188 0 0 0   -0.011 -0.02329  0.04412 -0.00398492 -0.00932617  0.00233044  -0.0058147 -0.00215903  0.00157042 0.0133995  0.006054 0.0020861    3.74769 -0.0193752   -9.06482 
             26.0018  0.0324205 -0.0169252 -0.0789098   0.0225104   0.0278197 -0.00357506 0 0 0   -0.011 -0.02329  0.04412 -0.00704511  -0.0170436  0.00269138 -0.00581955 -0.00216556   0.0015599  0.0136046 0.00626906 0.00206722    3.74759 -0.0195037   -9.06486 
             26.1018 -0.00979582   -0.043043   -0.175709   0.0229344   0.0275569 -0.00302611 0 0 0   -0.011 -0.02329  0.04412 -0.00805058  -0.0121874  0.00205243 -0.00578836  -0.0021411  0.00163912  0.0134869 0.00616653 0.00205147    3.74765 -0.0194412   -9.06484 
             26.2027  0.0373525 -0.0539227  -0.123049  0.0238949  0.0304458 -0.0046354 0 0 0   -0.011 -0.02329  0.04412 -0.000427617   -0.0029654  -0.00280615   -0.005823 -0.00213612  0.00159922  0.0132855 0.00583188 0.00235694    3.74768 -0.0192399   -9.06482 
             26.3021 -0.00640932  -0.0462756  -0.0644445   0.0263442   0.0308793 -0.00490967 0 0 0   -0.011 -0.02329  0.04412 0.00367582 -0.0024671 -0.0044325 -0.00579438 -0.00214175  0.00156269  0.0130519 0.00577533 0.00241597    3.74779 -0.0192042   -9.06478 
             26.4027 -0.00687792   -0.031819    -0.12495   0.0230217   0.0308458 -0.00586893 0 0 0   -0.011 -0.02329  0.04412 -0.00541227  0.00300115 -0.00472614 -0.00579644 -0.00215254  0.00160038  0.0133701 0.00578154 0.00239541    3.74763 -0.0192111   -9.06484 
             26.5027  0.0211576  -0.031937 -0.0968916   0.0234892   0.0334672 -0.00498671 0 0 0   -0.011 -0.02329  0.04412  -0.00181593   0.00777731 -0.000642242 -0.00583355 -0.00215224  0.00158925   0.013324   0.005586 0.00223634    3.74768 -0.0190945   -9.06482 
             26.6026  0.0373395 -0.0227003  -0.130664   0.0270976   0.0382443 -0.00325224 0 0 0   -0.011 -0.02329  0.04412 0.00707139  0.0159446 0.00377805 -0.00584606 -0.00215066   0.0016055  0.0130205  0.0052673 0.00207911    3.74786 -0.0189015   -9.06475 
             26.7027  0.0295288 -0.0258943  -0.160713   0.0275482   0.0401026 -0.00309955 0 0 0   -0.011 -0.02329  0.04412 0.00862019  0.0148954 0.00410832 -0.00584065 -0.00215118  0.00163284  0.0130541 0.00523991 0.00210813    3.74784 -0.0188862   -9.06476 
             26.8026  0.0196737 -0.0560586  -0.173989   0.0242633   0.0371352 -0.00325147 0 0 0   -0.011 -0.02329  0.04412 -0.00690527  0.00465585  0.00144898 -0.00583356 -0.00212727  0.00164189  0.0133831  0.0055865 0.00207745    3.74769 -0.0190911   -9.06482 
             26.9027  0.116639 -0.032332 -0.218937   0.0244922    0.040399 -0.00537194 0 0 0   -0.011 -0.02329  0.04412 0.000392694  0.00962849 -0.00332965 -0.00591011 -0.00215001  0.00168052  0.0132672 0.00536043 0.00241831    3.74767 -0.0189597   -9.06483 
             27.0017  0.0633611 -0.0227665 -0.0787938    0.026153   0.0358155 -0.00548105 0 0 0   -0.011 -0.02329  0.04412  0.00227183 -0.00380929 -0.00362412 -0.00587133 -0.00215742  0.00158117  0.0131171 0.00578593 0.00242337    3.74774 -0.0192085    -9.0648 
             27.1015   0.029103 -0.0441277  -0.180848   0.0249062   0.0340407 -0.00413148 0 0 0   -0.011 -0.02329  0.04412 -0.00229108 -0.00885943  0.00222727 -0.00584845 -0.00214172  0.00164299  0.0132764 0.00589447 0.00214807   3.74771 -0.019273  -9.06481 
             27.2008  0.0104205 -0.0561721  -0.133275   0.0279566   0.0345381 -0.00232418 0 0 0   -0.011 -0.02329  0.04412  0.00651012 -0.00536568  0.00622656 -0.00583602 -0.00214568  0.00161884  0.0130411  0.0057814 0.00201529    3.74786 -0.0192173   -9.06475 
             27.3027  0.0795755 -0.0444054  -0.166808   0.0318276   0.0364133 -0.00169013 0 0 0   -0.011 -0.02329  0.04412  0.0138826 0.00181833 0.00510387 -0.00587597  -0.0021545    0.001644  0.0127588 0.00560386 0.00207711    3.74799 -0.0191212   -9.06469 
             27.4027 -0.00777514  -0.0254366   -0.105118  0.0273706  0.0349662 -0.0021606 0 0 0   -0.011 -0.02329  0.04412  0.00105479 -0.00454231  0.00471055 -0.00582232 -0.00216496  0.00160136  0.0132405 0.00571758 0.00208476    3.74775 -0.0191743   -9.06479 
             27.5017 0.000327201  -0.0287649   -0.197894  0.0223812  0.0325612 -0.0025007 0 0 0   -0.011 -0.02329  0.04412   -0.016063 -0.00670526  0.00162343 -0.00582966 -0.00215317  0.00166196 0.0136279 0.0058771 0.0020648    3.74756 -0.0192573   -9.06487 
             27.6027  0.0393875 -0.0297727   -0.13193  0.025207 0.0354076 -0.003353 0 0 0   -0.011 -0.02329  0.04412 -0.000362427 -0.000553889   -0.0011202 -0.00585353  -0.0021591  0.00162659  0.0132449 0.00560829 0.00230535     3.7477 -0.0191102   -9.06481 
             27.7026 -0.00455093  -0.0345923   -0.060178   0.0305561    0.034144 -0.00252762 0 0 0   -0.011 -0.02329  0.04412  0.00987542 -0.00265952 0.000332368 -0.00582805 -0.00215769   0.0015716  0.0127885 0.00568764 0.00230529    3.74792 -0.0191644   -9.06472 
             27.8007 -0.0343205 -0.0430816  -0.133001    0.0295426    0.0296501 -0.000483295 0 0 0   -0.011 -0.02329  0.04412 0.00788096 -0.0129645 0.00763376 -0.00579852 -0.00215067  0.00162012  0.0130173 0.00601047 0.00199337    3.74787 -0.0193441   -9.06474 
             27.9023 -0.0039208 -0.0309395  -0.130357  0.0257614  0.0290468 -0.0020797 0 0 0   -0.011 -0.02329  0.04412  -0.00692575   -0.0109254 -0.000641069  -0.0058204 -0.00215923   0.0016217  0.0133562 0.00595984 0.00219958    3.74767 -0.0193159   -9.06483 
             28.0022 -0.0299348 -0.0214936  -0.102376   0.0305801   0.0278219 -0.00135622 0 0 0   -0.011 -0.02329  0.04412   0.0101858 -0.00990657  0.00309477 -0.00581209 -0.00216149  0.00160928  0.0129194 0.00597098 0.00222482    3.74787 -0.0193209   -9.06474 
             28.1028 -0.0254823 -0.0140274 -0.0643533   0.0316452   0.0323337 -0.00140103 0 0 0   -0.011 -0.02329  0.04412  0.0106681    0.00409 0.00133635 -0.00581307 -0.00217204  0.00158478  0.0129164 0.00559962 0.00226014   3.74786 -0.019114  -9.06475 
             28.2026 -0.00513974  -0.0495208   -0.161647   0.0298148   0.0337556 -0.00171674 0 0 0   -0.011 -0.02329  0.04412 -3.95597e-05   0.00688281 -0.000695241 -0.00582961 -0.00214009  0.00165374  0.0131102 0.00553476 0.00225213    3.74777 -0.0190805   -9.06478 
             28.3015  0.0599381 -0.0247014  -0.113102   0.0294202   0.0325894 -0.00283635 0 0 0   -0.011 -0.02329  0.04412  0.00237488 0.000877925 -0.00215104 -0.00587956 -0.00216078  0.00162138  0.0131363 0.00564711 0.00237036    3.74774 -0.0191462    -9.0648 
             28.4017 -0.0128163 -0.0203734  -0.100299   0.0279281   0.0303927 -0.00267019 0 0 0   -0.011 -0.02329  0.04412 -0.00595161 -0.00291118 -0.00212663  -0.0058263 -0.00216523  0.00161172  0.0132763 0.00581131  0.0022779    3.74769 -0.0192373   -9.06482 
             28.5026 0.000429723  -0.0200602   -0.110312   0.0271115   0.0335547 -0.00206702 0 0 0   -0.011 -0.02329  0.04412 -0.00407697  0.00626457   0.0011495  -0.0058386 -0.00216459     0.00162  0.0133172 0.00557088 0.00217083    3.74769 -0.0191043   -9.06482 
             28.6026  0.0223815 -0.0469684 -0.0999194   0.0255745   0.0337457 -0.00436754 0 0 0   -0.011 -0.02329  0.04412 -0.00893864  0.00298539 -0.00633923 -0.00585619 -0.00214588  0.00161462  0.0133566 0.00558827  0.0024685   3.74762 -0.019117  -9.06485 
             28.7027  0.0169808 0.00723629 -0.0898758   0.0276307   0.0323437 -0.00361378 0 0 0   -0.011 -0.02329  0.04412 -0.00109913  0.00187559 -0.00170087 -0.00584602 -0.00218179  0.00160029  0.0131237 0.00573633 0.00234479    3.74775 -0.0191938   -9.06479 
             28.8026 -0.0281404 -0.0290422  -0.108248   0.0311228   0.0323642 -0.00181986 0 0 0   -0.011 -0.02329  0.04412  0.00839093 -0.00255692  0.00383681 -0.00582648  -0.0021625  0.00162106  0.0128655 0.00572595  0.0021642     3.7479 -0.0191831   -9.06473 
             28.9026   0.021502 -0.0459382 -0.0677117   0.0317871   0.0339339 -0.00077632 0 0 0   -0.011 -0.02329  0.04412  0.0077502 0.00372759 0.00539247 -0.00585221 -0.00214904  0.00158945  0.0128833 0.00559644 0.00206886    3.74791 -0.0191123   -9.06473 
             29.0028 0.0236493 -0.027303 -0.126125   0.0297059   0.0358361 -0.00230798 0 0 0   -0.011 -0.02329  0.04412  0.00153946  0.00646094 0.000448003 -0.00585672 -0.00216582  0.00164103  0.0130941 0.00547472  0.0022806    3.74777 -0.0190526   -9.06478 
             29.1076  0.0335756 -0.0243021  -0.111263   0.0262752   0.0345206 -0.00466755 0 0 0   -0.011 -0.02329  0.04412  -0.0110391 0.000914183 -0.00698618 -0.00586464  -0.0021587  0.00161993  0.0133294 0.00560949 0.00250069    3.74762 -0.0191324   -9.06485 
             29.2023 -0.0114518 -0.0257598 -0.0892997 0.0255681 0.0354459 -0.003507 0 0 0   -0.011 -0.02329  0.04412  -0.00721121   0.00361739 -0.000814668 -0.00582925  -0.0021627  0.00161025 0.0133522  0.005555 0.0022757    3.74766 -0.0191026   -9.06483 
             29.3016  0.0731011 -0.0607501  -0.112658   0.0258303   0.0355518 -0.00487466 0 0 0   -0.011 -0.02329  0.04412  -0.0071217  0.00152114 -0.00553506    -0.00589 -0.00214044  0.00162649   0.013229 0.00556473 0.00246164    3.74768 -0.0191061   -9.06482 
             29.4026  0.0309835 -0.0276379 -0.0905599   0.0274174   0.0342213 -0.00417274 0 0 0   -0.011 -0.02329  0.04412 -1.40257e-05  -0.00267928  -0.00162908  -0.0058647 -0.00216887   0.0016077  0.0130612 0.00567831 0.00234828    3.74778 -0.0191637   -9.06478 
             29.5099 -0.00999366  -0.0529655   -0.127164   0.0301448   0.0345333 -0.00359508 0 0 0   -0.011 -0.02329  0.04412   0.00682269 -0.000976457   0.00096845 -0.00583513 -0.00216069  0.00163651  0.0128437 0.00564381 0.00232151    3.74788 -0.0191415   -9.06474 
             29.6027 -0.0236867 -0.0414559  -0.143106  0.0272359  0.0350355 -0.0019989 0 0 0   -0.011 -0.02329  0.04412 -0.00458134  0.00246733  0.00600499 -0.00582607 -0.00216161  0.00164529  0.0131736 0.00560346 0.00204626    3.74778 -0.0191267   -9.06478 
             29.7026  0.0416729 -0.0451181  -0.144908   0.0281513   0.0357642 -0.00261494 0 0 0   -0.011 -0.02329  0.04412 0.000825492   0.0018982  0.00376132 -0.00587896 -0.00216325  0.00165145  0.0130389 0.00555982 0.00223886    3.74781 -0.0191026   -9.06477 
             29.8026  0.0703678 -0.0650849  -0.143901   0.0280293   0.0363976 -0.00514151 0 0 0   -0.011 -0.02329  0.04412 -0.00218051  0.00358287 -0.00654292 -0.00589706 -0.00214974  0.00164789  0.0129793 0.00552349 0.00259149    3.74777 -0.0190855   -9.06479 
             29.9021 -0.0252477   -0.05239  -0.132938   0.0245887   0.0365826 -0.00471276 0 0 0   -0.011 -0.02329  0.04412 -0.00842067  0.00312874 -0.00149936 -0.00582451 -0.00216093  0.00164187  0.0132809 0.00554447 0.00240023    3.74767 -0.0190954   -9.06483 
             30.0026  0.0336256 -0.0462702  -0.132786   0.0251052   0.0363919 -0.00490738 0 0 0   -0.011 -0.02329  0.04412 -0.00871058  0.00075531 -0.00236605 -0.00587676 -0.00216198  0.00164048  0.0131534  0.0055715 0.00243076    3.74772 -0.0191106   -9.06481 
             30.1025   0.028186 -0.0369497  -0.168846   0.0261226   0.0350396 -0.00399004 0 0 0   -0.011 -0.02329  0.04412 -0.000628651  -0.00216131   0.00182715 -0.00586674  -0.0021681  0.00166605  0.0130254 0.00568309 0.00232089    3.74779 -0.0191704   -9.06478 
             30.2027 -0.00978411  -0.0394963   -0.128011    0.030449   0.0356082 -0.00198349 0 0 0   -0.011 -0.02329  0.04412  0.00905963 0.000277254  0.00558727 -0.00584426 -0.00216752  0.00164158   0.012688 0.00562377 0.00218161   3.74797 -0.019144   -9.0647 
             30.3019 0.00710612 -0.0498644  -0.118757   0.0277696   0.0346227 -0.00237256 0 0 0   -0.011 -0.02329  0.04412  -0.0020753 -0.00242239  0.00408601 -0.00585802 -0.00215733  0.00162867  0.0129625 0.00569944 0.00223346    3.74784 -0.0191793   -9.06476 
             30.3988  0.0396142 -0.0318821  -0.128824   0.0275304   0.0341491 -0.00276528 0 0 0   -0.011 -0.02329  0.04412 1.51904e-05 -0.00457201  0.00267158 -0.00587633 -0.00216927  0.00163727  0.0129635 0.00570437 0.00234665   3.74782 -0.019182  -9.06477 
             30.5007 0.0683176 -0.044615 -0.149537   0.0299936   0.0321709 -0.00429003 0 0 0   -0.011 -0.02329  0.04412  0.00442947 -0.00781211 -0.00432509 -0.00589589 -0.00215831  0.00164981  0.0127106 0.00581319 0.00259874   3.74788 -0.019241  -9.06474 
             30.6026 -0.0246508 -0.0384566   -0.10952   0.0288475   0.0315605 -0.00400973 0 0 0   -0.011 -0.02329  0.04412    0.0025093  -0.00864864 -0.000884075 -0.00584786 -0.00216309   0.0016294  0.0128633 0.00580117 0.00249545    3.74783 -0.0192341   -9.06476 
             30.7026 -0.0100971 -0.0605699  -0.121707   0.0281619   0.0323824 -0.00313573 0 0 0   -0.011 -0.02329  0.04412 -0.00382656 -0.00160562  0.00116628 -0.00585223 -0.00214435  0.00163754  0.0129407 0.00569005 0.00236432    3.74783 -0.0191774   -9.06476 
             30.8025 0.0337374 -0.024911 -0.136804   0.0278807   0.0304953 -0.00384495 0 0 0   -0.011 -0.02329  0.04412 -0.000720466  -0.00692632 -0.000805969 -0.00588102 -0.00217151  0.00164825  0.0129284 0.00580625 0.00246327    3.74781 -0.0192368   -9.06477 
             30.9056 -0.0541433 -0.0535535  -0.104359  0.0272718  0.0300867 -0.0046539 0 0 0   -0.011 -0.02329  0.04412 -0.00569095 -0.00745021  -0.0034889 -0.00583148 -0.00215057  0.00162603  0.0129477 0.00578152 0.00253885    3.74779 -0.0192244   -9.06478 
             31.0025  0.0202272 -0.0729963 -0.0810411   0.0258663   0.0288098 -0.00435238 0 0 0   -0.011 -0.02329  0.04412   -0.0059878  -0.00858858 -0.000380736 -0.00588162 -0.00213633  0.00160706  0.0130296 0.00582398 0.00243792    3.74777 -0.0192452   -9.06478 
             31.1028  0.0285362 -0.0355409 -0.0696522   0.0256673   0.0303957 -0.00377216 0 0 0   -0.011 -0.02329  0.04412 -0.00678009 -0.00304848  0.00119164 -0.00588705 -0.00216743  0.00160607  0.0130164 0.00565138 0.00236295    3.74779 -0.0191567   -9.06478 
             31.2026  0.0273429 -0.0340181  -0.117745   0.0295028   0.0291881 -0.00428034 0 0 0   -0.011 -0.02329  0.04412   0.0052772 -0.00663418 -0.00225632 -0.00588793 -0.00216391  0.00163004  0.0126034 0.00571284 0.00252458    3.74794 -0.0191832   -9.06471 
             31.3025  -0.040886 -0.0681647 -0.0936203   0.0299112   0.0303844 -0.00260715 0 0 0   -0.011 -0.02329  0.04412 0.00572129 0.00149326 0.00492999 -0.00583154 -0.00214775  0.00162238  0.0126622 0.00559433 0.00229308   3.74795 -0.019123  -9.06471 
             31.4021  0.0242176 -0.0454832  -0.126122   0.0280974   0.0326075 -0.00250466 0 0 0   -0.011 -0.02329  0.04412 -0.00427957  0.00559999  0.00315831 -0.00587286 -0.00215716  0.00163936  0.0128362 0.00543304 0.00228776   3.74788 -0.019046  -9.06474 
             31.5027 0.00758327 -0.0305167  -0.142289   0.0285557   0.0337121 -0.00287168 0 0 0   -0.011 -0.02329  0.04412 0.00120117 0.00636993 0.00241031  -0.0058663 -0.00217001  0.00164886  0.0127662 0.00539173 0.00239214   3.74789 -0.019025  -9.06474 
             31.6025  -0.031475 -0.0445011  -0.113509   0.0300549   0.0313273 -0.00142789 0 0 0   -0.011 -0.02329  0.04412 0.00125961 0.00161589 0.00480168 -0.00583596 -0.00215774  0.00163442  0.0126728 0.00562108 0.00226771    3.74795 -0.0191365   -9.06471 
             31.7026  0.0214512 -0.0509465 -0.0977572   0.0302997   0.0317919 -0.00207584 0 0 0   -0.011 -0.02329  0.04412   0.00367459 -0.000579021   0.00148699 -0.00587944 -0.00215033  0.00162151  0.0126426 0.00557973 0.00240425    3.74794 -0.0191174   -9.06471 
             31.8026  0.0242093 -0.0348211 -0.0822122   0.0302402   0.0308802 -0.00349181 0 0 0   -0.011 -0.02329  0.04412  0.00203155 -0.00234343 -0.00309599 -0.00587985 -0.00216715  0.00160973  0.0126518 0.00564017 0.00259553    3.74791 -0.0191501   -9.06473 
             31.9025 -0.0363536 -0.0320675  -0.159343   0.0299149   0.0317405 -0.00241564 0 0 0   -0.011 -0.02329  0.04412 0.000742099  0.00198678  0.00113951 -0.00583531 -0.00216663  0.00166255  0.0127133 0.00558286 0.00240617    3.74791 -0.0191205   -9.06473 
             32.0026 -0.0166858 -0.0565429   -0.06122    0.0306701    0.0299326 -0.000264409 0 0 0   -0.011 -0.02329  0.04412  0.00237031 -0.00412099  0.00721083 -0.00585731 -0.00215473  0.00160487  0.0127094 0.00571756 0.00217192    3.74796 -0.0191845   -9.06471 
             32.1025 0.0329023 -0.028692 -0.111104   0.0319883   0.0326879 -0.00177393 0 0 0   -0.011 -0.02329  0.04412  0.00437933  0.00455108 -0.00072936  -0.0058886 -0.00216986  0.00162958  0.0125636 0.00548823 0.00245382    3.74797 -0.0190743    -9.0647 
             32.2026  0.0977928 -0.0245685  -0.167762   0.0341602   0.0375858 -0.00359993 0 0 0   -0.011 -0.02329  0.04412   0.0118618   0.0138348 -0.00553421 -0.0059296 -0.0021748 0.00166614  0.0123996 0.00516205  0.0026983    3.74799 -0.0189159    -9.0647 
             32.3025 -0.0164426 -0.0529297  -0.140714   0.0336188   0.0367075 -0.00126244 0 0 0   -0.011 -0.02329  0.04412 0.00278369 0.00886212 0.00292202 -0.0058497 -0.0021528 0.00164503  0.0125793 0.00532676 0.00232723    3.74798 -0.0189967    -9.0647 
             32.4027  0.0812785 -0.0478717  -0.101537   0.0288574   0.0350957 -0.00244026 0 0 0   -0.011 -0.02329  0.04412  -0.00874848   0.00105976 -5.58899e-05 -0.00591856 -0.00216078   0.0016189  0.0129651 0.00549187 0.00240244    3.74781 -0.0190781   -9.06477 
             32.5007  0.0153676 -0.0445462 -0.0759288   0.0312521   0.0343021 -0.00196455 0 0 0   -0.011 -0.02329  0.04412 -0.00143387 -0.00121388 0.000605652 -0.00587132 -0.00216079  0.00160523  0.0127103 0.00555243 0.00240605    3.74791 -0.0191077   -9.06473 
             32.6107  0.0434051 -0.0212103  -0.139732   0.0276754   0.0351913 -0.00513372 0 0 0   -0.011 -0.02329  0.04412 -0.00953567   0.0016492 -0.00826754 -0.00588599 -0.00217412   0.0016375  0.0129339 0.00548727 0.00273095    3.74776 -0.0190723   -9.06479 
             32.7026  0.0116771 -0.0524825  -0.061306    0.027608   0.0336532 -0.00384092 0 0 0   -0.011 -0.02329  0.04412 -0.00721696  -0.0044843 -0.00315462 -0.00586961 -0.00215685  0.00158723  0.0129082 0.00559561 0.00249297    3.74781 -0.0191276   -9.06477 
             32.8053  0.0743972 -0.0322658  -0.161101   0.0312302    0.035255 -0.00129174 0 0 0   -0.011 -0.02329  0.04412  0.00313568 0.000669667  0.00510148 -0.00591178 -0.00217322   0.0016528  0.0125983 0.00544683 0.00224263    3.74798 -0.0190562    -9.0647 
             32.9025  0.0565873 -0.0306888  -0.108787   0.0284745   0.0346547 -0.00371816 0 0 0   -0.011 -0.02329  0.04412 -0.00206776 -0.00222623 -0.00223401 -0.00590076 -0.00217382  0.00162112  0.0128063 0.00549461 0.00254063    3.74785 -0.0190781   -9.06475 
             33.0024   -0.04769  -0.041167 -0.0984423   0.0254363   0.0316694 -0.00329488 0 0 0   -0.011 -0.02329  0.04412  -0.0144109 -0.00863237 -0.00124579 -0.00582873 -0.00216221  0.00161055  0.0130291 0.00569197 0.00240358    3.74778 -0.0191759   -9.06478 
             33.1024  0.0126184 -0.0534923  -0.174111   0.0256952   0.0324489 -0.00293628 0 0 0   -0.011 -0.02329  0.04412 -0.00599401  0.00288731   0.0014591 -0.00587016 -0.00215772  0.00166758  0.0129095 0.00559464 0.00237916    3.74783 -0.0191291   -9.06476 
             33.2025  0.0292829 -0.0515269  -0.146846   0.0280163   0.0348443 -0.00338771 0 0 0   -0.011 -0.02329  0.04412 -0.00223389  0.00684314 -0.00278013 -0.00588838 -0.00216027  0.00165074    0.01264 0.00542748 0.00250526    3.74792 -0.0190486   -9.06472 
             33.3021 -0.0272769 -0.0358819  -0.120679   0.0303308   0.0355273 -0.00381115 0 0 0   -0.011 -0.02329  0.04412  0.00699953  0.00366803 -0.00228579   -0.005855 -0.00217007  0.00162688  0.0124268 0.00540984 0.00257777    3.74799 -0.0190411   -9.06469 
             33.4015 -0.0134581 -0.0364372  -0.152036   0.0268947   0.0345424 -0.00343048 0 0 0   -0.011 -0.02329  0.04412 -0.00455931  0.00595977 0.000443686 -0.00586555 -0.00217312  0.00165667  0.0127916  0.0055482 0.00242179    3.74787 -0.0191024   -9.06474 
             33.5025  0.0254784 -0.0615804 -0.0994869  0.0283315  0.0355964 -0.0027938 0 0 0   -0.011 -0.02329  0.04412 -0.00197694  0.00585605  0.00126784 -0.00588256 -0.00215741  0.00162021   0.012626  0.0055108 0.00238159   3.74795 -0.019086  -9.06471 
             33.6024 0.0294681 -0.047078 -0.139331   0.0301293   0.0361556 -0.00457267 0 0 0   -0.011 -0.02329  0.04412  0.00537688  0.00434196 -0.00452215 -0.00589831 -0.00216719  0.00164887  0.0124418 0.00549883 0.00264899    3.74798 -0.0190853    -9.0647 
             33.7026  -0.011528 -0.0247096  -0.124548  0.0260494  0.0347637 -0.0042998 0 0 0   -0.011 -0.02329  0.04412 -0.00852323  0.00296837 -0.00190576 -0.00586531 -0.00218097   0.0016363  0.0128134 0.00564522 0.00248023  3.74785 -0.01915 -9.06475 
             33.8025  0.0355352 -0.0805717  -0.163379   0.0266485   0.0339669 -0.00468251 0 0 0   -0.011 -0.02329  0.04412 -0.00363263 -0.00241086 -0.00211615 -0.00590705 -0.00214336  0.00166391  0.0126972 0.00571247 0.00252941   3.74789 -0.019182  -9.06473 
             33.9007 0.00131269 -0.0351171  -0.060558   0.0298902   0.0325622 -0.00443382 0 0 0   -0.011 -0.02329  0.04412  0.00387179 -0.00514854 -0.00209314 -0.00589088 -0.00217557  0.00159443  0.0124095  0.0057864 0.00253923      3.748 -0.0192177   -9.06469 
             34.0025 -0.0202225 -0.0569097  -0.110713   0.0337918     0.03203 -0.00230945 0 0 0   -0.011 -0.02329  0.04412   0.0151584 -0.00324784  0.00476374 -0.00587332 -0.00216352  0.00162512  0.0121717 0.00579777 0.00233054    3.74813 -0.0192231   -9.06464 
             34.1025 -0.0224358 -0.0762679  -0.146518    0.0340249    0.0318812 -0.000447796 0 0 0   -0.011 -0.02329  0.04412  0.00978703 -0.00396934  0.00922483 -0.00587526 -0.00215324  0.00165549  0.0122977 0.00578126 0.00214266    3.74811 -0.0192151   -9.06464 
             34.1995 0.00271582 -0.0553579  -0.107658   0.0335466   0.0342399 -0.00118257 0 0 0   -0.011 -0.02329  0.04412  0.0056461 0.00365114 0.00416879   -0.005891 -0.00216426  0.00162295  0.0123743 0.00558497  0.0023068    3.74805 -0.0191273   -9.06467 
             34.3004 -0.0125196 -0.0405949  -0.110417   0.0316994    0.037796 -0.00159628 0 0 0   -0.011 -0.02329  0.04412  0.0010419  0.0115333 0.00215348  -0.0058817 -0.00218082  0.00163072  0.0125735 0.00536271 0.00236455    3.74796 -0.0190277   -9.06471 
             34.4026 0.0410077 -0.022859 -0.168406   0.0291365   0.0395847 -0.00272864 0 0 0   -0.011 -0.02329  0.04412 -0.00881104    0.012943 -0.00168818 -0.00591933 -0.00218976  0.00166341  0.0127482 0.00531703 0.00247206    3.74788 -0.0190099   -9.06474 
             34.5026 -0.00429107  -0.0540275   -0.136312   0.0270135    0.036684 -0.00327007 0 0 0   -0.011 -0.02329  0.04412 -0.00913234  0.00278779 -0.00165121 -0.00588933 -0.00217414  0.00165002  0.0128645 0.00561751 0.00249562    3.74783 -0.0191473   -9.06476 
             34.6014  0.0468936 -0.0202374 -0.0924284   0.0289713   0.0393115 -0.00290315 0 0 0   -0.011 -0.02329  0.04412 -0.00542335  0.00838675 -0.00191596 -0.00592556 -0.00219341  0.00161886  0.0126252  0.0054448 0.00248155    3.74793 -0.0190691   -9.06472 
             34.7034  -0.034751 -0.0402438 -0.0871235   0.0269981   0.0349795 -0.00278118 0 0 0   -0.011 -0.02329  0.04412 -0.00577192 -0.00512543 0.000257048  -0.0058671 -0.00217991  0.00161231  0.0127579 0.00581285 0.00241852    3.74789 -0.0192346   -9.06474 
             34.8026 -0.0211649 -0.0562647  -0.158446   0.0287503   0.0342234 -0.00217202 0 0 0   -0.011 -0.02329  0.04412 -0.00215148 -0.00274762  0.00108823 -0.00587815  -0.0021709  0.00167156  0.0125741 0.00583745 0.00239388    3.74796 -0.0192452   -9.06471 
             34.9017  0.0262246 -0.0341164 -0.0648274    0.031006   0.0344104 -0.00165339 0 0 0   -0.011 -0.02329  0.04412  0.00514678 -0.00412177  0.00251441 -0.00590908 -0.00218453  0.00159362  0.0123728 0.00579474  0.0023873    3.74804 -0.0192251   -9.06467 
             35.0004  0.0105173 -0.0211481  -0.143833    0.036055   0.0358292 0.000994666 0 0 0   -0.011 -0.02329  0.04412   0.0173279 0.000363587  0.00909959 -0.00590711 -0.00219712  0.00165482  0.0120534  0.0056622 0.00218735    3.74819 -0.0191621   -9.06461 
             35.1016 0.00332986 -0.0260632  -0.188545   0.0352353   0.0363339 0.000368435 0 0 0   -0.011 -0.02329  0.04412 0.00956214  0.0036973 0.00450119 -0.00590125 -0.00218889  0.00168136   0.012222 0.00564161 0.00231675    3.74811 -0.0191555   -9.06465 
             35.2025  0.0255954 -0.0302432  -0.118884   0.0314222   0.0345954 -0.00184124 0 0 0   -0.011 -0.02329  0.04412 0.000135386 -0.00497988 -0.00157355 -0.00592174 -0.00218717  0.00163746   0.012584  0.0057804 0.00255035  3.74793 -0.01922 -9.06472 
             35.3024 0.0237044  -0.03279 -0.140605  0.0307195  0.0358296 -0.0034422 0 0 0   -0.011 -0.02329  0.04412 -0.00597585 -0.00238487 -0.00716067 -0.00592418 -0.00218231  0.00165072  0.0125998 0.00565395 0.00269951    3.7479 -0.019165  -9.06473 
             35.4026 -0.0169692 -0.0316846 -0.0755955  0.0297623  0.0333888 -0.0038826 0 0 0   -0.011 -0.02329  0.04412 -0.00416224 -0.00515194 -0.00446384 -0.00589241 -0.00218308  0.00160839  0.0126467 0.00581734 0.00266436    3.74789 -0.0192366   -9.06474 
             35.5025 -0.0270338 -0.0500101  -0.149027   0.0287935   0.0328681 -0.00201704 0 0 0   -0.011 -0.02329  0.04412 -0.00923025 -0.00371965  0.00107128 -0.00588653 -0.00217428  0.00165993  0.0127288 0.00582587 0.00237555    3.74791 -0.0192395   -9.06473 
             35.6006  0.0295178 -0.0244284  -0.137413   0.0265322    0.033847 -0.00294085 0 0 0   -0.011 -0.02329  0.04412 -0.00935158 -0.00512161 -0.00129593 -0.00592364 -0.00218706   0.0016447  0.0128236 0.00570465 0.00247073    3.74786 -0.0191867   -9.06475 
             35.7036 0.00484719 -0.0378256  -0.159351   0.0302892    0.034257 -0.00233777 0 0 0   -0.011 -0.02329  0.04412   0.00173238   -0.0021455 -0.000610619 -0.00591429 -0.00218563   0.0016645  0.0124545 0.00564082  0.0024695    3.74799 -0.0191598   -9.06469 
             35.8027  0.0225008 -0.0150365   -0.11793    0.0333554    0.0326935 -0.000230465 0 0 0   -0.011 -0.02329  0.04412  0.00876102 -0.00505368   0.0057673 -0.00592554 -0.00219929   0.0016282  0.0122445  0.0057389 0.00226809     3.7481 -0.0192022   -9.06465 
             35.8986 -0.0099161 -0.0358401  -0.162346   0.0323039   0.0342439 -0.00173656 0 0 0   -0.011 -0.02329  0.04412  0.00663606 0.000652639 0.000687429 -0.00591081 -0.00218869  0.00166331  0.0123818 0.00559752 0.00248066    3.74802 -0.0191408   -9.06468 
             36.0026  0.0537041 -0.0415899  -0.111943  0.0299634  0.0350836 -0.0036398 0 0 0   -0.011 -0.02329  0.04412 -0.00475217  0.00275996 -0.00519916  -0.0059538 -0.00218133  0.00162454  0.0125713 0.00553882 0.00265142    3.74792 -0.0191145   -9.06472 
             36.1025 -0.0159262 -0.0371202  -0.126603  0.0282238  0.0331571 -0.0040913 0 0 0   -0.011 -0.02329  0.04412  -0.0044904 -0.00438713 -0.00350817 -0.00590976 -0.00218415  0.00163643  0.0126846  0.0056943 0.00261877    3.74789 -0.0191801   -9.06474 
             36.2034  0.0116323 -0.0403651  -0.126962   0.0269814   0.0337219 -0.00405055 0 0 0   -0.011 -0.02329  0.04412   -0.0106878 -2.19639e-05  -0.00399265 -0.00592941 -0.00218367  0.00164006  0.0127444 0.00562857 0.00254971    3.74787 -0.0191513   -9.06474 
             36.3026  0.0145169 -0.0405411 -0.0934213   0.0268709   0.0350112 -0.00349327 0 0 0   -0.011 -0.02329  0.04412 -0.00465679  0.00180442 0.000557098 -0.00592937 -0.00218348  0.00161265  0.0126897 0.00553739 0.00245573    3.74791 -0.0191124   -9.06473 
             36.4025 -0.0055305 -0.0344498  -0.125744   0.0322305   0.0337408 -0.00057552 0 0 0   -0.011 -0.02329  0.04412   0.00808959 -0.000719649    0.0073123 -0.00592577 -0.00219112  0.00164093  0.0122634 0.00563912 0.00222175    3.7481 -0.019156  -9.06465 
             36.5055 -0.00190366  -0.0232908   -0.135801    0.0305463    0.0311091 -0.000276044 0 0 0   -0.011 -0.02329  0.04412  0.00107293 -0.00567094  0.00600634 -0.00592527 -0.00219444  0.00164154  0.0124486   0.005828 0.00222089    3.74803 -0.0192369   -9.06468 
              36.612 -0.0207646 -0.0385558  -0.149236   0.0293762   0.0321635 -0.00103631 0 0 0   -0.011 -0.02329  0.04412 -0.000180267  -0.00204128    0.0025506 -0.00591549 -0.00218852  0.00165366  0.0125459 0.00570983 0.00235873   3.74798 -0.019188   -9.0647 
             36.7025  0.0714598 -0.0492267  -0.103169    0.031265   0.0320893 -0.00314198 0 0 0   -0.011 -0.02329  0.04412  0.00204387 -0.00196288 -0.00609615 -0.00596457 -0.00217889  0.00162331  0.0123399 0.00569621 0.00263096    3.74801 -0.0191849   -9.06469 
             36.8025 -0.0180416  -0.044943  -0.113934   0.0283847   0.0334339 -0.00372701 0 0 0   -0.011 -0.02329  0.04412 -0.00225243  0.00167729 -0.00419427 -0.00590906 -0.00218869  0.00163881  0.0125916 0.00559651 0.00258795    3.74793 -0.0191422   -9.06472 
             36.9025  0.0457281 -0.0391749  -0.174725   0.0270459   0.0338549 -0.00337359 0 0 0   -0.011 -0.02329  0.04412  -0.0110522  0.00243431 -0.00362673 -0.00595492 -0.00218897   0.0016754  0.0126655  0.0055798 0.00248095   3.74791 -0.019135  -9.06473 
             37.0025  0.0322867  -0.048404 -0.0656319   0.0269672   0.0341227 -0.00448369 0 0 0   -0.011 -0.02329  0.04412  -0.00276205 -9.76728e-05   -0.0038482 -0.00594772 -0.00218332  0.00159971  0.0125904 0.00556759 0.00258522    3.74793 -0.0191302   -9.06472 
             37.1022  -0.027399 -0.0449075 -0.0867974   0.0313476   0.0330572 -0.00203751 0 0 0   -0.011 -0.02329  0.04412 0.00383562  0.0194655 -0.0120135 -0.00590822 -0.00218662  0.00161828   0.012238 0.00564833 0.00232842    3.74809 -0.0191654   -9.06465 
             37.2033  0.0179513 -0.0654603 -0.0854565   0.0246734   0.0319262 -0.00470456 0 0 0   -0.011 -0.02329  0.04412 -0.0821391  -0.007284 -0.0335771 -0.00590162  -0.0021903   0.0016286  0.0125098 0.00584245 0.00235996    3.74799 -0.0192474    -9.0647 
             37.3036 -0.0362869  0.0209703   0.153632   0.0137197   0.0317206 -0.00870105 0 0 0   -0.011 -0.02329  0.04412  -0.165139 -0.0274365 -0.0702643 -0.00590701 -0.00220031  0.00163714  0.0124527 0.00568347 0.00224781    3.74802 -0.0191804   -9.06468 
             37.4029 0.347895 0.258489 0.490342 -0.00569666   0.0360671   -0.020027 0 0 0   -0.011 -0.02329  0.04412 -0.220332 0.0272071  -0.13431 -0.00592003 -0.00220191  0.00166593  0.0123725 0.00525167 0.00248078      3.748 -0.0190003   -9.06469 
              37.503 0.377408 0.459019  0.80228  -0.038007  0.0375183 -0.0371364 0 0 0   -0.011 -0.02329  0.04412 -0.455491 0.0566658 -0.205035 -0.00590396 -0.00220306  0.00166635  0.0124075  0.0054009 0.00255608    3.74799 -0.0190631    -9.0647 
             37.6028 0.636338 0.814731  1.32237 -0.0892291  0.0430426 -0.0510738 0 0 0   -0.011 -0.02329  0.04412  -0.416274  0.0629734 -0.0448113 -0.00590115 -0.00221861  0.00165638  0.0126071 0.00569414 0.00297768    3.74788 -0.0191985   -9.06474 
             37.7023  -0.466572 -0.0360609    1.70732  -0.115632  0.0527965 -0.0603547 0 0 0   -0.011 -0.02329  0.04412   -0.34168   0.169074 -0.0296717 -0.00586478 -0.00219042  0.00170758  0.0118937 0.00594445 0.00317579    3.74799 -0.0189326    -9.0647 
             37.8027 -0.688942  0.168881   1.63716  -0.139149  0.0620147 -0.0689834 0 0 0   -0.011 -0.02329  0.04412 -0.245832  0.129239  0.019142 -0.00580197 -0.00222131  0.00175778   0.011566 0.00655096 0.00367374   3.74814 -0.018838  -9.06463 
             37.9024 -0.794905 0.0342552   1.77041  -0.152666  0.0571455 -0.0724064 0 0 0   -0.011 -0.02329  0.04412 -0.0880844  0.0452096   0.051389 -0.00580526 -0.00224044  0.00176696  0.0117831 0.00741758 0.00438846    3.74857 -0.0190462   -9.06446 
             38.0031   -0.76326 -0.0992655    2.22035  -0.158536   0.049317 -0.0775624 0 0 0   -0.011 -0.02329  0.04412 -0.0312604   0.062313  0.0332579 -0.00581438 -0.00224473  0.00173409  0.0122148 0.00797693 0.00563512    3.74899 -0.0195118   -9.06428 
             38.1005  -1.24953 -0.180183   2.29767  -0.159156  0.0471312 -0.0811288 0 0 0   -0.011 -0.02329  0.04412 -0.0314098  0.0430996  0.0176585 -0.00572456 -0.00223701   0.0017543  0.0124377 0.00854215 0.00663832   3.74948 -0.019718  -9.06408 
             38.2036  -1.89256 -0.195899   2.15399  -0.161086  0.0429575 -0.0860265 0 0 0   -0.011 -0.02329  0.04412   -0.05143 0.00187193 -0.0115456 -0.00569825 -0.00223987  0.00176281  0.0126081  0.0089832 0.00761714    3.74995 -0.0198868   -9.06388 
             38.3025  -1.99586 -0.384569   1.92174  -0.162401  0.0341573 -0.0894773 0 0 0   -0.011 -0.02329  0.04412 -0.0792679 -0.0171692  0.0271553 -0.00569775 -0.00219726  0.00180881   0.012944 0.00974697 0.00825731    3.75071 -0.0198948   -9.06357 
             38.4024  -1.97779 -0.431293   1.78132  -0.163225  0.0374206 -0.0896725 0 0 0   -0.011 -0.02329  0.04412 -0.00412182   0.0288321  -0.0177382 -0.00573291 -0.00222355   0.0017614  0.0123203 0.00984083 0.00845331     3.7506 -0.0195401   -9.06362 
             38.5024   -2.579 -1.09201  2.22678  -0.165997  0.0422801 -0.0893923 0 0 0   -0.011 -0.02329  0.04412     -0.00414    0.0198974 -0.000708421 -0.00569342 -0.00217415  0.00176699  0.0122686 0.00955541 0.00813395    3.75027 -0.0195638   -9.06375 
             38.6024 -3.10396 -1.22068  2.08801  -0.171018  0.0438628 -0.0901709 0 0 0   -0.011 -0.02329  0.04412 -0.00878395 -0.00396661 -0.00342898 -0.00566281 -0.00218299  0.00181139  0.0125424 0.00900426 0.00803064   3.74998 -0.019999  -9.06387 
             38.7018 -3.19787 -1.25559  2.36522  -0.172595  0.0414226 -0.0910834 0 0 0   -0.011 -0.02329  0.04412 -0.00733692  -0.0119229 -0.00590409 -0.00571728 -0.00217518  0.00176797  0.0127798 0.00898824 0.00812803    3.75011 -0.0201702   -9.06382 
             38.8024 -3.24439 -1.24557  2.44397 -0.171977 0.0477405 -0.092534 0 0 0   -0.011 -0.02329  0.04412  0.00130837   0.0139303 -0.00460155 -0.00570326 -0.00219779  0.00175104  0.0119534 0.00848699 0.00793563    3.74943 -0.0199643    -9.0641 
             38.9002 -3.30459 -1.27943  2.47783  -0.168576  0.0497181 -0.0899215 0 0 0   -0.011 -0.02329  0.04412  0.129694 0.0256552 0.0602812 -0.00568654 -0.00219247  0.00174523  0.0119822 0.00841269 0.00779109    3.74929 -0.0199976   -9.06416 
             39.0025 -3.23239 -1.51801  2.61401  -0.145969  0.0522158 -0.0809701 0 0 0   -0.011 -0.02329  0.04412  0.286438 0.0587401   0.09371 -0.00571428 -0.00217558  0.00175199  0.0120075 0.00883969 0.00781498    3.74954 -0.0197315   -9.06405 
             39.1008 -3.40886  -1.3808  2.67054  -0.113703  0.0596367 -0.0723921 0 0 0   -0.011 -0.02329  0.04412  0.261328 0.0535864 0.0714962  -0.0057388 -0.00220336  0.00175025  0.0116881 0.00910839 0.00776981    3.74953 -0.0193619   -9.06406 
             39.2024 -3.77823 -1.06769  2.69993 -0.0914003  0.0641182 -0.0644272 0 0 0   -0.011 -0.02329  0.04412  0.151486 0.0287405  0.030138 -0.00568649  -0.0022175   0.0018112  0.0114577 0.00972569 0.00734182    3.74942 -0.0187437    -9.0641 
             39.3038  -3.8139 -1.03234  2.86303 -0.0818066  0.0663087 -0.0639903 0 0 0   -0.011 -0.02329  0.04412 0.0665842 0.0252532 0.0038143 -0.00574516 -0.00220476   0.0017813  0.0116065 0.00940912 0.00753314    3.74947 -0.0190783   -9.06408 
             39.4022 -4.04572  -1.1886  3.03061 -0.0781896  0.0689507 -0.0639261 0 0 0   -0.011 -0.02329  0.04412   0.0174109   0.0126379 -0.00689758 -0.00572218 -0.00217115  0.00175098  0.0115497 0.00939586 0.00743442    3.74936 -0.0190425   -9.06413 
             39.5025 -4.13271 -1.68665  3.17222 -0.0762671  0.0670361 -0.0630847 0 0 0   -0.011 -0.02329  0.04412 -0.00193103 -0.00213299 -0.00810046 -0.00574574 -0.00218507  0.00175782   0.011752  0.0100253 0.00736341    3.74969 -0.0186598   -9.06399 
             39.6037  -4.1434 -2.45158  3.36808 -0.0801209  0.0612525 -0.0639031 0 0 0   -0.011 -0.02329  0.04412 -0.0135484 -0.0124396  0.0179756 -0.00571426 -0.00216832  0.00176629 0.0127489  0.010026 0.0076694   3.75036 -0.019196  -9.06371 
             39.7024 -4.04617 -2.82474  3.68586 -0.0784194  0.0605938 -0.0637599 0 0 0   -0.011 -0.02329  0.04412 -0.00622405  0.00794176  0.00620261 -0.00570636 -0.00218869   0.0017766  0.0127446  0.0100572 0.00798575    3.75064 -0.0191924    -9.0636 
             39.8063 -3.61667 -1.54444  3.86507 -0.0848533  0.0620033 -0.0638218 0 0 0   -0.011 -0.02329  0.04412   -0.037743  0.00436986 -0.00384625 -0.00573868 -0.00223177  0.00179261  0.0128015 0.00935822  0.0077837    3.75018 -0.0197789   -9.06379 
             39.9004  -3.60708 -0.769312   4.05224 -0.0963595  0.0600361 -0.0648168 0 0 0   -0.011 -0.02329  0.04412  -0.0782655 -0.00328487  -0.0156439 -0.00571747  -0.0022229  0.00174024  0.0133782 0.00866801 0.00773567   3.75012 -0.020643  -9.06381 
             40.0039  -3.56181 -0.594014   4.23384  -0.107041  0.0594099 -0.0651773 0 0 0   -0.011 -0.02329  0.04412  -0.0869091 -0.00626002 -0.00984832 -0.00572725 -0.00219402  0.00175451  0.0134765 0.00846566 0.00752975    3.74994 -0.0208615   -9.06389 
             40.1023    -3.504 -0.688841   4.42295  -0.107449  0.0559013 -0.0657274 0 0 0   -0.011 -0.02329  0.04412 -0.0649099 -0.0158636 -0.0109204 -0.00574443 -0.00217528  0.00173095  0.0135797 0.00990969 0.00791972    3.75084 -0.0197391   -9.06351 
             40.2007  -3.59137 -0.704616   4.52443 -0.113888  0.054789 -0.068084 0 0 0   -0.011 -0.02329  0.04412  -0.0593923 -0.00905532  -0.0184181 -0.00572239 -0.00218668  0.00172593  0.0135913 0.00970444 0.00804808    3.75084 -0.0199265   -9.06351 
             40.3024  -3.61604 -0.820671   4.49873  -0.114673  0.0591047 -0.0699823 0 0 0   -0.011 -0.02329  0.04412  -0.0398764 0.000420563  -0.0182019 -0.00574491 -0.00215862  0.00180735  0.0124403  0.0101047 0.00778751    3.75016 -0.0190816    -9.0638 
             40.4023  -3.68265 -0.871887   4.66353 -0.116455 0.0581813 -0.070064 0 0 0   -0.011 -0.02329  0.04412  -0.0346278 -0.00443709  -0.0149895 -0.00571969 -0.00213914  0.00174114  0.0124438  0.0107249 0.00770616    3.75035 -0.0185486   -9.06372 
             40.5026  -3.70978 -0.879142   4.64918  -0.118809    0.06225 -0.0695938 0 0 0   -0.011 -0.02329  0.04412  -0.0277335    0.010867 -0.00910406 -0.00571342 -0.00216274  0.00178472  0.0116288  0.0108946 0.00718832   3.74963 -0.018017  -9.06402 
             40.6014  -3.63694 -0.880885   4.71763  -0.123747  0.0621898 -0.0723426 0 0 0   -0.011 -0.02329  0.04412 -0.0291334 0.00969735 -0.0160249 -0.00575811 -0.00218462  0.00174425  0.0120038  0.0102164 0.00743107    3.74974 -0.0187713   -9.06397 
             40.6916  -3.66043 -0.932448   4.71103  -0.125899  0.0587313 -0.0724818 0 0 0   -0.011 -0.02329  0.04412  -0.0219441 -0.00349096 -0.00875376 -0.00575188 -0.00216255  0.00175034  0.0127861  0.0108315 0.00763199    3.75057 -0.0185774   -9.06363 
             40.8024 -3.67602  -0.9512  4.70828  -0.130226  0.0570928 -0.0740171 0 0 0   -0.011 -0.02329  0.04412  -0.0266065 -0.00370934  -0.0103366 -0.00575024 -0.00216727  0.00176677  0.0131737  0.0103906 0.00775683    3.75072 -0.0191211   -9.06357 
             40.9025  -3.64779 -0.941334   4.65683   -0.13744  0.0580836 -0.0762337 0 0 0   -0.011 -0.02329  0.04412  -0.0403884 0.000139377  -0.0117074 -0.00575288 -0.00218542  0.00177916  0.0131821 0.00933232 0.00766713    3.75028 -0.0200237   -9.06374 
             41.0039 -3.65185 -1.01008  4.58869  -0.141918  0.0576456 -0.0747254 0 0 0   -0.011 -0.02329  0.04412  -0.0410525 -0.00232727  -0.0026605 -0.00575198  -0.0021738  0.00180277  0.0132521 0.00964817 0.00737944    3.75029 -0.0197596   -9.06374 
             41.1023  -3.66028 -0.991267   4.70429  -0.143391   0.061293 -0.0767967 0 0 0   -0.011 -0.02329  0.04412  -0.0274484   0.0126178 -0.00805866 -0.00574781 -0.00218883  0.00171987  0.0125444 0.00957454 0.00734338     3.7498 -0.0195313   -9.06395 
             41.2023  -3.64155 -0.973031   4.70969   -0.14637  0.0571596 -0.0780485 0 0 0   -0.011 -0.02329  0.04412  -0.0261352 -0.00279158 -0.00691279 -0.00575808 -0.00220697  0.00170976  0.0134615 0.00970679 0.00776289    3.75065 -0.0198255   -9.06359 
             41.3024 -3.62774 -1.02081  4.57829  -0.144022  0.0586546 -0.0779342 0 0 0   -0.011 -0.02329  0.04412  -0.0109034  0.00323417 -0.00732593 -0.00576334 -0.00217689  0.00178792   0.012934  0.0104444 0.00766083    3.75054 -0.0189726   -9.06364 
             41.4024 -3.65781 -1.04716   4.6201  -0.144839  0.0560982 -0.0782857 0 0 0   -0.011 -0.02329  0.04412  -0.00858317 -0.000750816  -0.00510141 -0.00573458 -0.00217219  0.00176388  0.0134469  0.0106653 0.00785478    3.75105 -0.0190115   -9.06343 
             41.5023 -3.67767 -1.02275  4.64275  -0.144908  0.0581108 -0.0787333 0 0 0   -0.011 -0.02329  0.04412 -0.00606099  0.00527037 -0.00513314 -0.00572393 -0.00218528  0.00174953  0.0130569  0.0106778 0.00771908    3.75074 -0.0188285   -9.06356 
             41.5997 -3.62675 -1.02059  4.58327  -0.150779  0.0581411 -0.0818558 0 0 0   -0.011 -0.02329  0.04412 -0.0170202 0.00536219 -0.0120672 -0.00574782 -0.00219322  0.00176163  0.0134963 0.00948718 0.00793351    3.75068 -0.0200354   -9.06358 
             41.7024 -3.62573 -1.05509   4.5904  -0.152417  0.0560899 -0.0824088 0 0 0   -0.011 -0.02329  0.04412  -0.0162555 0.000814785 -0.00972959 -0.00573893 -0.00217321  0.00174434  0.0139763 0.00974458 0.00806388    3.75114 -0.0200288   -9.06339 
             41.8023 -3.59961 -1.03745  4.61236  -0.153002  0.0567807 -0.0833229 0 0 0   -0.011 -0.02329  0.04412 -0.0141181 0.00430596 -0.0111358 -0.00574521 -0.00218481  0.00170983  0.0138069 0.00990461 0.00803292    3.75108 -0.0198202   -9.06341 
             41.9042 -3.56006 -1.03644  4.55763  -0.153336  0.0545321 -0.0827825 0 0 0   -0.011 -0.02329  0.04412  -0.0123801 -0.00399377 -0.00651859 -0.00576129  -0.0021914  0.00172739  0.0141901  0.0104736 0.00806458    3.75155 -0.0195059   -9.06322 
             42.0022 -3.59262  -1.0522  4.53227  -0.158199  0.0549605 -0.0836704 0 0 0   -0.011 -0.02329  0.04412  -0.0220595  0.00222416 -0.00768523 -0.00574147 -0.00217975  0.00174068  0.0142758 0.00982093 0.00793746    3.75128 -0.0200819   -9.06333 
             42.1023 -3.5878  -1.072 4.51417  -0.156653  0.0545801 -0.0833031 0 0 0   -0.011 -0.02329  0.04412  -0.0079147  0.00363271 -0.00353995 -0.00574613 -0.00217851  0.00174933  0.0142046  0.0106069 0.00796978    3.75156 -0.0193946   -9.06322 
             42.2036 -3.60598 -1.06623  4.49305  -0.155915  0.0583407 -0.0828945 0 0 0   -0.011 -0.02329  0.04412  -0.00102918   0.00882584 -0.000797444 -0.00573563 -0.00218492  0.00175822 0.0134721 0.0107301 0.0076483   3.75099 -0.018954  -9.06345 
              42.302 -3.55563 -1.04655    4.494  -0.155668  0.0576647 -0.0831591 0 0 0   -0.011 -0.02329  0.04412  0.00153826  0.00694087 -0.00105078 -0.00576874 -0.00220164  0.00175396  0.0137684  0.0108287 0.00780788   3.75129 -0.019011  -9.06333 
             42.4023 -3.58112  -1.0882  4.51086  -0.155183  0.0586843 -0.0833766 0 0 0   -0.011 -0.02329  0.04412   0.00390117   0.00832674 -0.000382241  -0.0057657 -0.00217903  0.00174474  0.0137121  0.0108301 0.00782086    3.75127 -0.0189864   -9.06334 
             42.5024 -3.53291 -1.06943  4.50365  -0.157382  0.0562274 -0.0839631 0 0 0   -0.011 -0.02329  0.04412 -0.00269991  0.00209955 -0.00173343 -0.00579548 -0.00218838  0.00173786  0.0144437    0.01055 0.00806148    3.75173 -0.0195548   -9.06315 
             42.6037 -3.55313 -1.06713  4.50674  -0.156529  0.0553233 -0.0827726 0 0 0   -0.011 -0.02329  0.04412  0.00152462 -0.00135753  0.00339258 -0.00578975 -0.00219291  0.00173444  0.0145557  0.0109165 0.00802261    3.75192 -0.0192967   -9.06307 
             42.7036 -3.54874 -1.10533  4.50097    -0.1573  0.0560741 -0.0847251 0 0 0   -0.011 -0.02329  0.04412 -0.00373324  0.00441301 -0.00606428 -0.00579529 -0.00217498  0.00173104  0.0145102   0.010518 0.00817912    3.75182 -0.0196184   -9.06311 
             42.8012 -3.55197 -1.09591  4.52006  -0.157108  0.0531187 -0.0857882 0 0 0   -0.011 -0.02329  0.04412 7.70795e-05 -0.00553729 -0.00678136 -0.00579056 -0.00217861  0.00172289   0.014983  0.0106956 0.00844038    3.75232 -0.0196981    -9.0629 
             42.9003 -3.60613 -1.08563   4.4979  -0.155641  0.0564094 -0.0838481 0 0 0   -0.011 -0.02329  0.04412  0.00229217  0.00660901 0.000181328 -0.00577539 -0.00218178  0.00172875  0.0143669  0.0109671 0.00801433    3.75183 -0.0191716   -9.06311 
              43.002  -3.5723 -1.08062  4.42753  -0.155551  0.0557733 -0.0836495 0 0 0   -0.011 -0.02329  0.04412  0.000995088    0.0051398 -1.80043e-05 -0.00579171 -0.00218725  0.00176341  0.0145614   0.011044 0.00807212      3.752 -0.0191984   -9.06303 
             43.1022 -3.55456 -1.08922  4.40833  -0.156242  0.0539658 -0.0841859 0 0 0   -0.011 -0.02329  0.04412 -0.00141291 -0.00174701 -0.00184239 -0.00580827  -0.0021844  0.00178093   0.014903  0.0109907 0.00823016    3.75227 -0.0194049   -9.06292 
             43.2024 -3.55948 -1.09411  4.48385  -0.157682  0.0547969 -0.0848662 0 0 0   -0.011 -0.02329  0.04412 -0.00578194  0.00386063  -0.0047061 -0.00579831 -0.00218104  0.00172676  0.0148455  0.0107503 0.00819418    3.75212 -0.0195741   -9.06298 
             43.3023 -3.58235  -1.0862  4.45854  -0.154194  0.0563389 -0.0817986 0 0 0   -0.011 -0.02329  0.04412 0.00611182 0.00614891 0.00644482 -0.00579311 -0.00218934  0.00174554  0.0144085  0.0116417 0.00782442    3.75202 -0.0186206   -9.06303 
             43.3995 -3.61192 -1.08501  4.49098  -0.156503  0.0534688 -0.0821231 0 0 0   -0.011 -0.02329  0.04412 -0.00139553 0.000621383  0.00395417 -0.00577933 -0.00218867  0.00171403  0.0151479  0.0112944 0.00809541    3.75246 -0.0192552   -9.06284 
             43.5022 -3.64399  -1.0981  4.49433  -0.157352  0.0484281 -0.0847839 0 0 0   -0.011 -0.02329  0.04412 -0.00334093  -0.0124521 -0.00537228 -0.00576696 -0.00218083  0.00171511  0.0160925  0.0110902 0.00880407    3.75333 -0.0198995   -9.06248 
             43.6023 -3.60791 -1.09241  4.48238  -0.157736  0.0523783 -0.0847094 0 0 0   -0.011 -0.02329  0.04412 -0.00594127  0.00336198 -0.00506172 -0.00579607 -0.00218388  0.00172128  0.0152235   0.010885 0.00836063   3.75249 -0.019645  -9.06283 
             43.7015 -3.57378 -1.08833  4.50964  -0.15163 0.0508871 -0.082346 0 0 0   -0.011 -0.02329  0.04412    0.0122573 -0.000953124   0.00227181 -0.00582066 -0.00219115  0.00171161   0.015098  0.0123898 0.00831939      3.753 -0.0183557   -9.06262 
             43.8028 -3.51479 -1.08465  4.44843  -0.157609  0.0472278 -0.0845941 0 0 0   -0.011 -0.02329  0.04412 -0.00383742   -0.010745 -0.00344133 -0.00585977 -0.00219693  0.00173675  0.0161504  0.0111473 0.00867693    3.75332 -0.0198678   -9.06249 
             43.9032 -3.55027 -1.08696  4.44845  -0.159675  0.0527583 -0.0857373 0 0 0   -0.011 -0.02329  0.04412 -0.00834119  0.00881536 -0.00659636  -0.0058349 -0.00219614  0.00172917  0.0151731   0.010408 0.00826756    3.75222 -0.0200033   -9.06294 
             44.0023 -3.58189 -1.10443  4.48809  -0.158223  0.0533839 -0.0847338 0 0 0   -0.011 -0.02329  0.04412 -0.00399188  0.00724969 -0.00142199 -0.00581994 -0.00218523  0.00171127  0.0150317  0.0109825 0.00813678    3.75229 -0.0194613   -9.06291 
             44.1023 -3.51768  -1.0955  4.42764  -0.160162  0.0517146 -0.0848182 0 0 0   -0.011 -0.02329  0.04412 -0.00883828  0.00282569 -0.00198023 -0.00585606 -0.00219461  0.00174197  0.0155303  0.0109165 0.00825227    3.75262 -0.0197475   -9.06278 
             44.2024 -3.55355 -1.08009  4.47198  -0.158491  0.0542221 -0.0854159 0 0 0   -0.011 -0.02329  0.04412 -0.00124901  0.00649709 -0.00419013 -0.00583584 -0.00220244  0.00171832 0.0150193 0.0111134 0.0082068    3.75238 -0.0193547   -9.06288 
             44.3039 -3.56625 -1.08654  4.48174  -0.157457   0.055047 -0.0861492 0 0 0   -0.011 -0.02329  0.04412  0.00322352   0.0082358 -0.00633115 -0.00583178 -0.00219884  0.00170765  0.0149233   0.011225 0.00825131     3.7524 -0.0192248   -9.06287 
             44.3983 -3.54505 -1.09226  4.44404  -0.159821  0.0525171 -0.0860502 0 0 0   -0.011 -0.02329  0.04412 -0.00436192 0.000222468 -0.00434197 -0.00583873 -0.00220031   0.0017263  0.0156045   0.011125 0.00832857    3.75279 -0.0196189   -9.06271 
             44.5022 -3.52826  -1.0749  4.43768  -0.164069  0.0493233 -0.0871509 0 0 0   -0.011 -0.02329  0.04412  -0.0189807  -0.0107283 -0.00756623 -0.00584396 -0.00221226   0.0017264  0.0162406  0.0107434 0.00850662     3.7531 -0.0202291   -9.06258 
             44.5983 -3.54091 -1.09051  4.42955  -0.166807  0.0558332 -0.0889868 0 0 0   -0.011 -0.02329  0.04412 -0.0216845  0.0124997 -0.0112548 -0.00584371 -0.00220488  0.00173053  0.0152696  0.0102141 0.00815899    3.75213 -0.0201877   -9.06298 
             44.7027 -3.56094 -1.07648  4.44646  -0.163048  0.0562556 -0.0870086 0 0 0   -0.011 -0.02329  0.04412  7.96744e-05    0.0105957 -0.000593482 -0.00583633  -0.0022081  0.00172114  0.0150758  0.0112363 0.00802561    3.75237 -0.0192655   -9.06288 
             44.8021 -3.57584 -1.10549  4.44197  -0.164592  0.0504168 -0.0860801 0 0 0   -0.011 -0.02329  0.04412 -0.00493983 -0.00384372  0.00217672 -0.00580983 -0.00219039  0.00171938   0.016115  0.0115391 0.00829136    3.75324 -0.0195172   -9.06252 
             44.9029 -3.60005 -1.09711  4.48457  -0.16176  0.050224 -0.086105 0 0 0   -0.011 -0.02329  0.04412  0.00375331 -0.00454464 0.000761237 -0.00580311 -0.00219133  0.00170218  0.0159138  0.0119253 0.00838915    3.75334 -0.0191251   -9.06248 
             45.0033 -3.57184 -1.09884  4.42263   -0.15682  0.0557159 -0.0855355 0 0 0   -0.011 -0.02329  0.04412    0.0156251    0.0123987 -0.000134765  -0.0058293 -0.00218831  0.00173326  0.0147833  0.0122845 0.00808689    3.75267 -0.0182964   -9.06276 
             45.0987  -3.5543 -1.11924  4.41883  -0.154477  0.0570575 -0.0843998 0 0 0   -0.011 -0.02329  0.04412  0.0186469  0.0124117 0.00329453 -0.00583451 -0.00218429  0.00173972  0.0147312  0.0125142 0.00797205    3.75268 -0.0180781   -9.06276 
             45.2022 -3.53775  -1.1193   4.4264  -0.159935  0.0550898 -0.0869909 0 0 0   -0.011 -0.02329  0.04412 -0.00217963  -0.0012816 -0.00371159 -0.00585805 -0.00216307  0.00173053  0.0156021  0.0113505 0.00830782    3.75287 -0.0194361   -9.06267 
              45.306 -3.57499 -1.10548  4.41837  -0.162874  0.0522274 -0.0853319 0 0 0   -0.011 -0.02329  0.04412 -0.00971473 -0.00710797  0.00452774  -0.0058565 -0.00216149  0.00172751  0.0160941  0.0113706 0.00823148    3.75312 -0.0196372   -9.06257 
             45.4021 -3.50154 -1.10674  4.44657  -0.163548   0.051206 -0.0861422 0 0 0   -0.011 -0.02329  0.04412 -0.00877575  -0.0101217 0.000526474 -0.00590866 -0.00216172  0.00170933  0.0161067  0.0113026 0.00831926    3.75315 -0.0197053   -9.06256 
             45.5027 -3.58257  -1.0793  4.48117  -0.163453  0.0452677 -0.0862215 0 0 0   -0.011 -0.02329  0.04412  -0.00639864   -0.0207707 -0.000743068 -0.00586257 -0.00217488  0.00168214  0.0165456  0.0115696 0.00853287    3.75362 -0.0197149   -9.06236 
             45.6023 -3.56398  -1.1152  4.50964   -0.16247   0.047618 -0.0863228 0 0 0   -0.011 -0.02329  0.04412 -0.00142634  -0.0104448 -0.00112597 -0.00587786 -0.00215383  0.00167264  0.0160778  0.0115318 0.00838409    3.75326 -0.0195154   -9.06251 
             45.7022 -3.63531 -1.11673  4.48238  -0.161097  0.0498283 -0.0852086 0 0 0   -0.011 -0.02329  0.04412 0.00301105 0.00126392 0.00217366 -0.00581824 -0.00215719  0.00168131  0.0156904  0.0116594 0.00817125    3.75298 -0.0192158   -9.06263 
             45.8023 -3.55571 -1.10028  4.46439  -0.159765  0.0504457 -0.0829676 0 0 0   -0.011 -0.02329  0.04412 0.00611044 0.00145441 0.00777551 -0.00587079 -0.00216982  0.00169796   0.015566  0.0119413 0.00795553    3.75291 -0.0189149   -9.06266 
             45.9023 -3.56936 -1.13096  4.44176 -0.163158 0.0501194 -0.086267 0 0 0   -0.011 -0.02329  0.04412 -0.00661089  0.00157709 -0.00527897 -0.0058691 -0.0021483 0.00170748  0.0158886    0.01104 0.00834792    3.75293 -0.0198137   -9.06265 
             46.0002  -3.5894 -1.11982  4.48099  -0.163564  0.0502959 -0.0868551 0 0 0   -0.011 -0.02329  0.04412 -0.00568715  0.00298633 -0.00505059 -0.00585043 -0.00215556  0.00168776  0.0158892  0.0110787 0.00836734    3.75296 -0.0197853   -9.06264 
             46.1027 -3.51841 -1.11235  4.43337  -0.163679  0.0535081 -0.0876067 0 0 0   -0.011 -0.02329  0.04412 -0.00384123  0.00846051 -0.00573332 -0.00589754 -0.00216316  0.00170532  0.0154195  0.0109033 0.00821801   3.75254 -0.019693  -9.06281 
             46.2012 -3.60377 -1.10649  4.45034    -0.1634  0.0516474 -0.0861777 0 0 0   -0.011 -0.02329  0.04412  -0.00273261   0.00578975 -0.000897837  -0.0058469 -0.00216639  0.00169624  0.0157987  0.0114358 0.00817399    3.75295 -0.0194443   -9.06264 
              46.296 -3.56978 -1.11761      4.5 -0.162332 0.0538305 -0.086309 0 0 0   -0.011 -0.02329  0.04412   0.00165928   0.00717676 -0.000650739 -0.00586944 -0.00215976  0.00166601    0.01546  0.0114935 0.00810532    3.75275 -0.0192356   -9.06272 
             46.4023 -3.56753 -1.08605  4.45454  -0.157262   0.056487 -0.0845787 0 0 0   -0.011 -0.02329  0.04412  0.0147709  0.0160065 0.00345602 -0.00586984 -0.00218426  0.00169014  0.0148854  0.0122668 0.00790397    3.75265 -0.0183429   -9.06277 
             46.5023 -3.57684 -1.10786  4.42946   -0.15815  0.0569184 -0.0835021 0 0 0   -0.011 -0.02329  0.04412 0.00795859     0.0114 0.00556775 -0.00586635 -0.00217078  0.00171512  0.0151795  0.0121081 0.00782677     3.7527 -0.0185958   -9.06275 
             46.6021 -3.5225 -1.1173 4.41526  -0.159797  0.0545688 -0.0859724 0 0 0   -0.011 -0.02329  0.04412  0.00184935  0.00370761 -0.00292339 -0.00590544 -0.00216401  0.00171403  0.0158962  0.0116339 0.00835069   3.75318 -0.019352  -9.06254 
             46.7016 -3.56441 -1.13247  4.41685 -0.159671  0.055214 -0.086489 0 0 0   -0.011 -0.02329  0.04412  0.00228962  0.00505513 -0.00442484 -0.00587201 -0.00215626   0.0017222  0.0158691  0.0115898 0.00834851    3.75315 -0.0193737   -9.06256 
             46.8021 -3.53418 -1.11574  4.42555  -0.161551  0.0546689 -0.0858404 0 0 0   -0.011 -0.02329  0.04412 -0.00392183  0.00298629 -0.00115778 -0.00589841  -0.0021653  0.00170902  0.0161218   0.011502 0.00822008    3.75318 -0.0195464   -9.06255 
             46.9021 -3.51836 -1.11778   4.4108  -0.163265  0.0550767 -0.0876605 0 0 0   -0.011 -0.02329  0.04412 -0.00634778  0.00419369 -0.00688639 -0.00590212 -0.00216694  0.00171766  0.0162266  0.0111179 0.00838374    3.75316 -0.0199108   -9.06255 
             47.0021 -3.56745 -1.12934  4.44882  -0.164955  0.0565697 -0.0884623 0 0 0   -0.011 -0.02329  0.04412  -0.0106938  0.00475729 -0.00785287 -0.00587455 -0.00215928   0.0016986  0.0161134  0.0109156 0.00829522    3.75296 -0.0200056   -9.06263 
             47.1082 -3.52952 -1.09214  4.46016  -0.160211  0.0566759 -0.0859285 0 0 0   -0.011 -0.02329  0.04412 0.00581041 0.00581109 0.00131852 -0.00588947 -0.00218242  0.00168705  0.0157727  0.0120978 0.00807096    3.75317 -0.0189074   -9.06255 
             47.2022  -3.5905 -1.12861  4.42186  -0.160966  0.0557676 -0.0853115 0 0 0   -0.011 -0.02329  0.04412 0.00170158 0.00185686 0.00271443 -0.00585043 -0.00216491   0.0017162  0.0160763  0.0120863 0.00807334    3.75333 -0.0190592   -9.06248 
              47.302 -3.55373 -1.15045  4.41401  -0.159699  0.0487878 -0.0865858 0 0 0   -0.011 -0.02329  0.04412  0.00276593  -0.0154244 -0.00377672 -0.00588389 -0.00215024  0.00171349  0.0170569  0.0125094 0.00870537     3.7544 -0.0192591   -9.06204 
             47.3965 -3.62965 -1.13224  4.46417  -0.158783  0.0479869 -0.0853439 0 0 0   -0.011 -0.02329  0.04412 0.00567272 -0.0107947 0.00107291 -0.00584288 -0.00215835  0.00169258  0.0169191  0.0127206 0.00849934     3.7543 -0.0190095   -9.06208 
             47.5023 -3.58464 -1.12481  4.40637  -0.158172  0.0490884 -0.0844032 0 0 0   -0.011 -0.02329  0.04412  0.00486776 -0.00400404  0.00289776 -0.00587269 -0.00216805  0.00172462  0.0165987  0.0126698 0.00828096    3.75399 -0.0188749   -9.06221 
             47.6046 -3.51585 -1.09432  4.42637   -0.16258  0.0473244 -0.0863028 0 0 0   -0.011 -0.02329  0.04412 -0.00786952 -0.00771386 -0.00319152 -0.00590812 -0.00218126  0.00171434  0.0170876  0.0119285 0.00848267    3.75404 -0.0196974   -9.06219 
             47.7022 -3.58146 -1.12842  4.42754  -0.162513  0.0502416 -0.0885267 0 0 0   -0.011 -0.02329  0.04412 -0.00553598  0.00149999 -0.00899489 -0.00586849  -0.0021621  0.00171383  0.0165712  0.0116105 0.00850276    3.75363 -0.0197016   -9.06236 
             47.8021 -3.59728 -1.10681  4.45428  -0.160853  0.0516536 -0.0862651 0 0 0   -0.011 -0.02329  0.04412   0.00133792   0.00801654 -3.54302e-05 -0.00585651 -0.00217736  0.00169329  0.0162692  0.0121631 0.00813956    3.75351 -0.0190952   -9.06241 
             47.9025 -3.57016 -1.11219  4.41331  -0.162475  0.0527576 -0.0852424 0 0 0   -0.011 -0.02329  0.04412 -0.00432512  0.00687323  0.00357831 -0.00587903 -0.00217355  0.00171952  0.0162975  0.0120539 0.00795498    3.75338 -0.0191715   -9.06246 
             48.0022 -3.56872 -1.11585  4.42391  -0.159523  0.0535028 -0.0857404 0 0 0   -0.011 -0.02329  0.04412   0.00405093    0.0107536 -0.000500686 -0.00588088 -0.00217279  0.00170904  0.0161195  0.0123894 0.00813726    3.75353 -0.0188516    -9.0624 
             48.1021 -3.61597 -1.14777  4.44554  -0.161391   0.059161 -0.0880615 0 0 0   -0.011 -0.02329  0.04412 -0.00146489   0.0216413  -0.0075078 -0.00584522 -0.00215225  0.00170294  0.0156709   0.011592 0.00808368   3.75291 -0.019244  -9.06266 
             48.1997 -3.54659  -1.0999  4.41455   -0.1632 0.0544456 -0.086407 0 0 0   -0.011 -0.02329  0.04412  -0.00651658    0.0060058 -0.000794466 -0.00589131 -0.00217746  0.00171049  0.0166643   0.012052 0.00815239    3.75368 -0.0193688   -9.06234 
             48.3028 -3.54962 -1.12962  4.41912  -0.161365  0.0527955 -0.0857587 0 0 0   -0.011 -0.02329  0.04412  0.00037271 0.000954975  0.00113904 -0.00588685 -0.00216218  0.00171253  0.0168257  0.0125826 0.00826202    3.75406 -0.0190529   -9.06218 
             48.4021 -3.57742 -1.13533  4.40515  -0.163682  0.0548859 -0.0875573 0 0 0   -0.011 -0.02329  0.04412 -0.00725091  0.00555001  -0.0051059 -0.00587019 -0.00216032  0.00171397  0.0167169  0.0119764 0.00830573    3.75376 -0.0194677   -9.06231 
             48.5021 -3.52549 -1.11241  4.38893  -0.157421  0.0529577 -0.0836684 0 0 0   -0.011 -0.02329  0.04412  0.0127202 0.00197802  0.0072655 -0.00590359 -0.00217375  0.00172794  0.0166078  0.0134499 0.00812141    3.75425 -0.0182761    -9.0621 
             48.6022 -3.56977 -1.11513  4.38834  -0.161819    0.05171 -0.0845784 0 0 0   -0.011 -0.02329  0.04412 -0.00302775 -0.00310679  0.00231745    -0.00588 -0.00217493  0.00173016  0.0171501  0.0126817 0.00824681    3.75427 -0.0191299    -9.0621 
             48.7061 -3.55022 -1.07737  4.46334  -0.164243  0.0513264 -0.0869172 0 0 0   -0.011 -0.02329  0.04412  -0.00884643 -0.000903643  -0.00555677  -0.0058933 -0.00219055  0.00167603  0.0173194   0.012178 0.00849707    3.75427 -0.0196204   -9.06209 
              48.803 -3.58428  -1.1118  4.40896   -0.16472  0.0557329 -0.0884577 0 0 0   -0.011 -0.02329  0.04412 -0.00484013   0.0101307 -0.00782847 -0.00587234 -0.00217658  0.00171609  0.0167338  0.0118415 0.00837412    3.75374 -0.0195809   -9.06231 
             48.9064 -3.56214  -1.1045   4.3764  -0.163351    0.05413 -0.0863371 0 0 0   -0.011 -0.02329  0.04412  -0.00230355   0.00552515 -0.000964514 -0.00588397 -0.00217996  0.00172993  0.0169232  0.0125559 0.00822126    3.75408 -0.0191141   -9.06217 
             49.0021  -3.5715 -1.11904  4.40372  -0.163488   0.051231 -0.0864276 0 0 0   -0.011 -0.02329  0.04412 -0.000379866   -0.0025975 -0.000608455 -0.00587308 -0.00217139  0.00171485  0.0173917  0.0127817 0.00841697   3.75453 -0.019191  -9.06199 
             49.1025 -3.56721 -1.13235   4.3682 -0.166698 0.0528913 -0.089669 0 0 0   -0.011 -0.02329  0.04412 -0.0122028 0.00438122 -0.0110383 -0.00587771  -0.0021661  0.00173513  0.0173481  0.0119708 0.00858847    3.75424 -0.0198004   -9.06211 
             49.2022 -3.56765 -1.11933  4.45752  -0.164609  0.0522024 -0.0873005 0 0 0   -0.011 -0.02329  0.04412  -0.00331295    0.0030675 -0.000809101 -0.00587463 -0.00217251  0.00167724  0.0172615  0.0128124 0.00832859    3.75443 -0.0190963   -9.06203 
              49.302  -3.5533 -1.12006  4.32708  -0.163361  0.0530125 -0.0870756 0 0 0   -0.011 -0.02329  0.04412   0.00288164    0.0038546 -5.86044e-05 -0.00588603 -0.00217652   0.0017573  0.0171013  0.0129744 0.00830159    3.75441 -0.0188952   -9.06204 
             49.4021  -3.563 -1.1307 4.42426  -0.166713  0.0539788 -0.0896889 0 0 0   -0.011 -0.02329  0.04412 -0.00646219  0.00802111 -0.00743317 -0.00588118 -0.00216746  0.00169377  0.0172976  0.0122368 0.00849439    3.75428 -0.0195638   -9.06209 
             49.5009  -3.5698 -1.11727  4.39594  -0.163128  0.0557686 -0.0873012 0 0 0   -0.011 -0.02329  0.04412 0.00312386 0.00874451 0.00134788 -0.00587771 -0.00217832  0.00171267  0.0168642  0.0130138 0.00817496    3.75423 -0.0187375   -9.06211 
             49.6064 -3.58093 -1.11277  4.38073  -0.166088  0.0552834 -0.0871726 0 0 0   -0.011 -0.02329  0.04412 -0.00557028  0.00843742  0.00147717 -0.00587104 -0.00217867  0.00171746  0.0172467  0.0127288 0.00817433    3.75431 -0.0191329   -9.06208 
              49.702 -3.53558 -1.13155   4.3264  -0.161103   0.055212 -0.0849719 0 0 0   -0.011 -0.02329  0.04412  0.0103658 0.00640378 0.00708705 -0.00589451 -0.00217716  0.00175702  0.0170341  0.0136382 0.00813138    3.75458 -0.0183501   -9.06197 
             49.8024 -3.54191  -1.1119  4.36769  -0.159897  0.0613287 -0.0866969 0 0 0   -0.011 -0.02329  0.04412   0.00981024     0.019577 -0.000485854 -0.00589423 -0.00218479  0.00172552  0.0163078  0.0130591 0.00810136    3.75393 -0.0184261   -9.06224 
             49.9018 -3.49014  -1.1006  4.38599   -0.16173  0.0614788 -0.0857124 0 0 0   -0.011 -0.02329  0.04412  0.0032082  0.0160564 0.00291903 -0.00591169  -0.0021932  0.00171588    0.01671  0.0129675 0.00802143    3.75405 -0.0186772   -9.06219 
             50.0021 -3.62545 -1.14294   4.3533  -0.162244    0.05561 -0.0853568 0 0 0   -0.011 -0.02329  0.04412 -0.000433144  -0.00299688   0.00236049 -0.00583914 -0.00217092   0.0017395  0.0176828    0.01333 0.00838718    3.75491 -0.0189275   -9.06183 
             50.1021 -3.55777  -1.1229   4.3835  -0.165874  0.0534177 -0.0888324 0 0 0   -0.011 -0.02329  0.04412 -0.00930701  -0.0055667 -0.00831273 -0.00587572  -0.0021867  0.00171731  0.0181633  0.0127303 0.00879299     3.7551 -0.0196535   -9.06175 
             50.2022 -3.57006 -1.10627  4.40665  -0.162869  0.0548346 -0.0879821 0 0 0   -0.011 -0.02329  0.04412  0.00096013  -0.0022878 -0.00442333  -0.0058742 -0.00219757  0.00170448  0.0176884  0.0131727 0.00860101    3.75496 -0.0190741   -9.06181 
             50.3014 -3.59388  -1.1045  4.37327  -0.163947  0.0533208 -0.0878491 0 0 0   -0.011 -0.02329  0.04412 -0.00262717 -0.00192831 -0.00182318 -0.00585663  -0.0021973  0.00171924  0.0179129  0.0132033 0.00858534    3.75508 -0.0191581   -9.06176 
             50.4062 -3.53423 -1.13127  4.39472  -0.165827  0.0509844 -0.0889995 0 0 0   -0.011 -0.02329  0.04412 -0.00522066 -0.00817063 -0.00388174 -0.00588965 -0.00218493  0.00171347  0.0182863  0.0130277 0.00876722    3.75528 -0.0194915   -9.06167 
              50.502 -3.54682 -1.13926  4.34958  -0.166885  0.0551396 -0.0895084 0 0 0   -0.011 -0.02329  0.04412  -0.0103997  0.00528286 -0.00611781 -0.00588012 -0.00217986  0.00173306  0.0176975  0.0127074 0.00850434     3.7547 -0.0194058   -9.06192 
             50.6112 -3.53594 -1.10374   4.3779 -0.165962 0.0543419  -0.08816 0 0 0   -0.011 -0.02329  0.04412 -0.00317743  0.00193517 0.000199226 -0.00589082 -0.00219774  0.00172271  0.0177339  0.0131711 0.00840198    3.75487 -0.0190711   -9.06184 
             50.7021  -3.6051 -1.13837  4.34401  -0.166681  0.0520865 -0.0866442 0 0 0   -0.011 -0.02329  0.04412 -0.00607305 -0.00217424  0.00228283 -0.00585996  -0.0021811  0.00173627  0.0180287   0.013418 0.00835965    3.75512 -0.0190285   -9.06175 
             50.8095 -3.54047 -1.11692  4.38379  -0.168063  0.0514533 -0.0893993 0 0 0   -0.011 -0.02329  0.04412 -0.00773021 -0.00242425 -0.00674975  -0.0058902 -0.00218196  0.00171777  0.0181657  0.0130873 0.00867513     3.7552 -0.0193782   -9.06171 
             50.9021 -3.64283 -1.10026  4.41852  -0.165789  0.0547782 -0.0880938 0 0 0   -0.011 -0.02329  0.04412   0.0013787  0.00708143 -0.00139819 -0.00581879 -0.00220917  0.00169873  0.0175875  0.0133567 0.00837153    3.75487 -0.0188603   -9.06185 
             51.0021 -3.57647 -1.12019  4.35275   -0.15962  0.0566367 -0.0859477 0 0 0   -0.011 -0.02329  0.04412  0.0184816  0.0139716 0.00479963 -0.00585342 -0.00222363  0.00173443  0.0171288  0.0141011 0.00822069    3.7549 -0.018078  -9.06183 
              51.102 -3.60647 -1.13586  4.39011  -0.159618  0.0516839 -0.0854557 0 0 0   -0.011 -0.02329  0.04412   0.0110691 -0.00353652   0.0046518 -0.00585789 -0.00220744  0.00171253  0.0179473  0.0142842 0.00848148    3.75554 -0.0183791   -9.06157 
             51.2019 -3.56676 -1.14726  4.39228  -0.159132   0.050663 -0.0871057 0 0 0   -0.011 -0.02329  0.04412  0.00855024 -0.00340358 -0.00241406 -0.00588737 -0.00219645  0.00170883  0.0180631  0.0140491 0.00872358    3.75562 -0.0186397   -9.06154 
              51.302 -3.59907 -1.12281  4.38625  -0.161863   0.049702 -0.0864598 0 0 0   -0.011 -0.02329  0.04412  0.00178593 -0.00521864  0.00210276 -0.00586078 -0.00221383  0.00171578  0.0183679  0.0137875 0.00858027    3.75557 -0.0189558   -9.06156 
             51.4021  -3.5909 -1.12407  4.28875  -0.164994   0.050332 -0.0860131 0 0 0   -0.011 -0.02329  0.04412   -0.0106405 -0.000526589   0.00131678 -0.00587004 -0.00221108  0.00177641   0.018413  0.0134067 0.00840571    3.75533 -0.0192277   -9.06166 
              51.502 -3.56706 -1.11387  4.36278  -0.166841  0.0534259 -0.0883153 0 0 0   -0.011 -0.02329  0.04412  -0.0110527  0.00985071 -0.00589393 -0.00587763 -0.00221528  0.00173173  0.0181203  0.0128965 0.00850889      3.755 -0.0194672   -9.06179 
              51.602 -3.60233 -1.11169  4.45227  -0.162963  0.0539431 -0.0872206 0 0 0   -0.011 -0.02329  0.04412 0.00290115  0.0075216 -0.0018849 -0.00586093  -0.0022169  0.00167226  0.0178339  0.0136327 0.00845181    3.75517 -0.0187921   -9.06172 
             51.7019 -3.58646 -1.12055  4.30938  -0.165792  0.0532705 -0.0872269 0 0 0   -0.011 -0.02329  0.04412 -0.00663688  0.00826042 -0.00157658 -0.00587152  -0.0022137  0.00176154  0.0182319  0.0134303 0.00844433    3.75527 -0.0191295   -9.06168 
             51.8021 -3.53433 -1.12381  4.41364  -0.163272  0.0507824 -0.0871634 0 0 0   -0.011 -0.02329  0.04412    0.0029926  -0.00345922 -0.000581567 -0.00590753 -0.00221185  0.00169829  0.0184206  0.0139823 0.00866147    3.75573 -0.0188589   -9.06149 
              51.902  -3.5704 -1.11283  4.35956  -0.162246   0.052913 -0.0874884 0 0 0   -0.011 -0.02329  0.04412  0.00267284  0.00650656 -0.00335347 -0.00588552 -0.00221898   0.0017259 0.0180839 0.0139102 0.0085822    3.75549 -0.0187346   -9.06159 
              52.002  -3.613 -1.1046  4.3636    -0.1619  0.0524646 -0.0861811 0 0 0   -0.011 -0.02329  0.04412 0.00565173 0.00338315 0.00360973 -0.00585574 -0.00222566  0.00173167  0.0182167   0.014139 0.00845893     3.7556 -0.0186184   -9.06155 
              52.102 -3.59608 -1.12138   4.3284  -0.163194  0.0511775 -0.0857408 0 0 0   -0.011 -0.02329  0.04412 -0.000739868   0.00115757   0.00284465 -0.00586862 -0.00221806  0.00174791  0.0185378  0.0140576 0.00848402    3.75573 -0.0188367   -9.06149 
             52.2021 -3.50781 -1.12142  4.39732  -0.161572  0.0554171 -0.0862243 0 0 0   -0.011 -0.02329  0.04412   0.00443646    0.0106475 -1.06453e-05 -0.00592213 -0.00221442  0.00170547  0.0179203  0.0139166 0.00839152    3.75531 -0.0186215   -9.06166 
             52.3021 -3.58545 -1.11576  4.33941  -0.160666   0.057685 -0.0848824 0 0 0   -0.011 -0.02329  0.04412 0.0054561 0.0137777 0.0044774 -0.00587979 -0.00222243  0.00174205  0.0177293   0.014018 0.00818705    3.75516 -0.0184254   -9.06173 
              52.402  -3.5623 -1.15144    4.326  -0.160512  0.0552432 -0.0845139 0 0 0   -0.011 -0.02329  0.04412 0.00357086  0.0079503 0.00288545 -0.00588877 -0.00220017  0.00174937  0.0182468  0.0142425 0.00838695    3.75562 -0.0185506   -9.06154 
              52.502  -3.5378 -1.11277  4.39782  -0.162779  0.0545727 -0.0870966 0 0 0   -0.011 -0.02329  0.04412 -0.00415968 0.000350735  -0.0058222 -0.00591311 -0.00222141  0.00170569  0.0185943   0.013745 0.00871648    3.75573 -0.0191209   -9.06149 
             52.6025 -3.58458  -1.1198  4.32453  -0.165208   0.055808 -0.0883038 0 0 0   -0.011 -0.02329  0.04412 -0.00930078  0.00814469  -0.0078056 -0.00588467  -0.0022189  0.00174476  0.0186033   0.013415 0.00868505    3.75556 -0.0193521   -9.06156 
             52.7021 -3.55009 -1.12451  4.35148  -0.166839  0.0565933 -0.0874632 0 0 0   -0.011 -0.02329  0.04412 -0.00829628  0.00649154 -0.00158753 -0.00590153 -0.00221996  0.00173401  0.018648  0.013469 0.0084914    3.75551 -0.0193071   -9.06158 
              52.802 -3.57779 -1.13126   4.2871  -0.166971  0.0532411 -0.0884452 0 0 0   -0.011 -0.02329  0.04412   -0.011205 -0.00231019 -0.00645434 -0.00588897 -0.00221318  0.00176971 0.0190732 0.0137559  0.008792    3.75601 -0.0193619   -9.06138 
             52.9021 -3.59347 -1.12705  4.35878  -0.168033   0.054076 -0.0905207 0 0 0   -0.011 -0.02329  0.04412 -0.00747782  0.00228276  -0.0102129 -0.00587807 -0.00221446  0.00173049  0.0189927  0.0135638 0.00891055    3.75594 -0.0194742    -9.0614 
             53.0022 -3.55722 -1.12374  4.35157  -0.16491 0.0536397  -0.08668 0 0 0   -0.011 -0.02329  0.04412 0.000804497 0.000696057  0.00298833 -0.00590535 -0.00222042  0.00173243  0.0187614  0.0144556 0.00847463    3.75602 -0.0186731   -9.06137 
              53.102 -3.57337 -1.14189  4.31404  -0.162527  0.0545732 -0.0856358 0 0 0   -0.011 -0.02329  0.04412  0.0059317 0.00523855 0.00395472 -0.00589249 -0.00220708  0.00175163 0.0185269 0.0147379 0.0084068    3.75601 -0.0183511   -9.06138 
             53.2019 -3.52415 -1.12046  4.33954  -0.164553  0.0538989 -0.0875949 0 0 0   -0.011 -0.02329  0.04412 0.000988359 9.55116e-05  -0.0017028 -0.00592633 -0.00222243  0.00173987  0.0188431  0.0142863 0.00867121    3.75608 -0.0188613   -9.06134 
              53.302 -3.58844  -1.1183  4.36244  -0.164766  0.0555166 -0.0873616 0 0 0   -0.011 -0.02329  0.04412  -0.0022534  0.00825363 -0.00124706 -0.00588431 -0.00222298  0.00171829  0.0186909  0.0142232 0.00854466    3.75592 -0.0188095   -9.06141 
              53.402 -3.55128 -1.10722  4.36363  -0.165254  0.0535143 -0.0877466 0 0 0   -0.011 -0.02329  0.04412 -0.00122723 -0.00371594 -0.00137932 -0.00591448 -0.00222868  0.00172373 0.0190081 0.0143207 0.0086884    3.75619 -0.0189222    -9.0613 
             53.5019 -3.58583 -1.13227  4.33774  -0.163805  0.0495639 -0.0875758 0 0 0   -0.011 -0.02329  0.04412 0.000737404 -0.00707302  -0.0020038 -0.00588605 -0.00221661   0.0017374  0.0193447   0.014772 0.00887294    3.75666 -0.0188075   -9.06111 
              53.602 -3.58464 -1.12941   4.3681  -0.159291  0.0513502 -0.0870057 0 0 0   -0.011 -0.02329  0.04412    0.0137611    -0.002378 -5.03725e-05 -0.00588209 -0.00221635  0.00172372  0.0187846  0.0151447 0.00877072   3.75652 -0.018258  -9.06117 
             53.7019 -3.53804 -1.13429  4.28378  -0.156998  0.0571453 -0.0851799 0 0 0   -0.011 -0.02329  0.04412  0.0149224  0.0131717 0.00469585 -0.00591292 -0.00221852  0.00177239  0.0180056  0.0150272 0.00829078    3.75585 -0.0178764   -9.06144 
              53.802 -3.57223 -1.12216  4.34806  -0.161121  0.0537577 -0.0854336 0 0 0   -0.011 -0.02329  0.04412 0.000297876  0.00462481  0.00306798 -0.00588628 -0.00222298  0.00173317  0.0189351  0.0147164 0.00848097  3.75623 -0.01858 -9.06128 
              53.902 -3.51987 -1.13275  4.30898  -0.161791  0.0523277 -0.0872386 0 0 0   -0.011 -0.02329  0.04412   -0.001244 -0.00285824 -0.00272856 -0.00593049 -0.00221995  0.00175802  0.0191926  0.0145444 0.00878464    3.75643 -0.0188743    -9.0612 
              54.002 -3.59911 -1.11991  4.38309   -0.16669  0.0535485 -0.0885356 0 0 0   -0.011 -0.02329  0.04412   -0.014126  0.00567133 -0.00602209 -0.00587635 -0.00222359  0.00170887  0.0193564  0.0139079 0.00872637    3.75617 -0.0193794   -9.06131 
             54.1019 -3.57353 -1.11895  4.35916  -0.166443  0.0560664 -0.0876238 0 0 0   -0.011 -0.02329  0.04412  -0.00871035   0.00690293 -0.000899051  -0.0058956 -0.00222443  0.00172456  0.0190119  0.0140752 0.00849946    3.75597 -0.0190577   -9.06139 
             54.2021 -3.55763 -1.10771  4.36411  -0.166729  0.0549445 -0.0874814 0 0 0   -0.011 -0.02329  0.04412 -0.00898114  0.00625995 -0.00176301 -0.00590945 -0.00222876  0.00171909  0.0191798  0.0142929 0.00857105   3.75619 -0.019005   -9.0613 
              54.302 -3.56595 -1.13942  4.35023  -0.165809  0.0551073 -0.0886318 0 0 0   -0.011 -0.02329  0.04412 -0.00126409  0.00367168 -0.00356469 -0.00590209 -0.00221333  0.00173304 0.0191396 0.0144019 0.0087487    3.75632 -0.0189404   -9.06125 
             54.4019 -3.52704 -1.13036  4.36564  -0.159397  0.0540917 -0.0867156 0 0 0   -0.011 -0.02329  0.04412    0.0127664 -0.000345092  0.000844683 -0.00592955 -0.00221832  0.00171609  0.0188374  0.0153625 0.00869529    3.75661 -0.0181308   -9.06113 
              54.502 -3.57465 -1.11695  4.38502  -0.163206  0.0511093 -0.0866096 0 0 0   -0.011 -0.02329  0.04412 0.000894341 -0.00526395  0.00162802 -0.00589969 -0.00222494  0.00171242  0.0195101  0.0150621 0.00872512    3.75679 -0.0186732   -9.06105 
             54.6019 -3.51087 -1.15104  4.37102  -0.161916  0.0492872 -0.0873547 0 0 0   -0.011 -0.02329  0.04412   0.00458447   -0.0111317 -0.000526608 -0.00594098 -0.00220659  0.00171699 0.0195644 0.0151524 0.0089077    3.75695 -0.0186691   -9.06098 
             54.7018 -3.60053 -1.12247  4.33695  -0.162098  0.0521045 -0.0867844 0 0 0   -0.011 -0.02329  0.04412  0.000102292   0.00265927 -0.000435911 -0.00588506 -0.00222282  0.00173495  0.0191827  0.0149545 0.00864648    3.75655 -0.0185701   -9.06115 
             54.8021  -3.6441 -1.13245  4.35706  -0.15933 0.0552645 -0.083817 0 0 0   -0.011 -0.02329  0.04412 0.00956533 0.00878036 0.00926796 -0.00586282 -0.00221756  0.00172684  0.0186574  0.0152953 0.00823707    3.75627 -0.0180123   -9.06127 
              54.902 -3.52988 -1.10574  4.34113 -0.161276  0.055094  -0.08392 0 0 0   -0.011 -0.02329  0.04412 0.000301328  0.00877364  0.00572595 -0.00593281  -0.0022354  0.00172668  0.0189678  0.0149935 0.00833377    3.75631 -0.0183857   -9.06125 
             55.0019 -3.56536 -1.15085  4.30051  -0.160444  0.0551032 -0.0851407 0 0 0   -0.011 -0.02329  0.04412  0.00241627  0.00506717 6.37504e-05 -0.00591346 -0.00220742  0.00176079  0.0190324  0.0149761 0.00858955    3.75646 -0.0184725   -9.06119 
              55.102  -3.5656 -1.12997  4.36374  -0.157292   0.057669 -0.0856613 0 0 0   -0.011 -0.02329  0.04412  0.0101556  0.0123702 -0.0019538 -0.00592023 -0.00221724  0.00171957  0.0186275   0.015077 0.00861842    3.75634 -0.0182088   -9.06124 
              55.202 -3.61605 -1.10382  4.35744  -0.163857  0.0540518 -0.0870015 0 0 0   -0.011 -0.02329  0.04412 -0.00854643  0.00266959 -0.00429953 -0.00587996 -0.00223451  0.00172408  0.0196765  0.0145638 0.00880814    3.75667 -0.0191054    -9.0611 
              55.302 -3.55415 -1.13139  4.37586  -0.164496  0.0517831 -0.0887388 0 0 0   -0.011 -0.02329  0.04412 -0.00948166 -0.00601124 -0.00862078 -0.00593085 -0.00221384  0.00171241  0.0199017  0.0146214 0.00905616    3.75692 -0.0192218     -9.061 
              55.402 -3.60032 -1.13903  4.39883  -0.162663  0.0546455 -0.0883202 0 0 0   -0.011 -0.02329  0.04412 -0.00112087  0.00698629 -0.00602117 -0.00589274 -0.00221079  0.00169766 0.0193818 0.0148065 0.0088309    3.75666 -0.0188011    -9.0611 
             55.5019 -3.58282 -1.12831  4.36993 -0.159793 0.0555197 -0.087031 0 0 0   -0.011 -0.02329  0.04412   0.0059625  0.00395162 -0.00058428 -0.00591092 -0.00221769  0.00171887  0.0191395  0.0152355 0.00867526    3.75668 -0.0183689    -9.0611 
             55.6018 -3.55165 -1.10857  4.36479 -0.160129 0.0519835 -0.085594 0 0 0   -0.011 -0.02329  0.04412   0.00247791 -0.000935502   0.00364468 -0.00593546 -0.00222858  0.00172031  0.0196125  0.0155447 0.00866463    3.75704 -0.0183974   -9.06095 
             55.7018 -3.57102 -1.13945  4.32625  -0.163823  0.0516735 -0.0869672 0 0 0   -0.011 -0.02329  0.04412 -0.00666583 -0.00260338 -0.00029053 -0.00591855 -0.00221619  0.00174437 0.0199075 0.0150051  0.008782    3.75697 -0.0189224   -9.06098 
             55.8019 -3.54728 -1.11593  4.32453  -0.160327  0.0544599 -0.0858168 0 0 0   -0.011 -0.02329  0.04412 0.00154733 0.00529626 0.00137145 -0.00594501 -0.00222729  0.00174247  0.0192764  0.0153257 0.00859453    3.75675 -0.0183636   -9.06107 
             55.9018 -3.56021 -1.11739  4.34912  -0.162513  0.0535318 -0.0851236 0 0 0   -0.011 -0.02329  0.04412 -0.00201126   0.0025034  0.00454899 -0.00593356 -0.00222634  0.00173192  0.0196108  0.0152538 0.00856053    3.75685 -0.0185718   -9.06103 
              56.002 -3.55956 -1.11556  4.37136  -0.164802  0.0509258 -0.0882357 0 0 0   -0.011 -0.02329  0.04412 -0.00929734 -0.00448501 -0.00658761 -0.00593797 -0.00222848  0.00171543  0.0200678  0.0149269 0.00903185    3.75713 -0.0190972   -9.06091 
             56.1019 -3.63782 -1.12829  4.38985  -0.164301  0.0524263 -0.0881394 0 0 0   -0.011 -0.02329  0.04412 -0.00533417  0.00329369 -0.00478157 -0.00588934 -0.00221847   0.0017052 0.0197788 0.0150265 0.0088979    3.75698 -0.0188639   -9.06097 
             56.2018 -3.57198 -1.12594  4.30711  -0.159133  0.0530255 -0.0852472 0 0 0   -0.011 -0.02329  0.04412  0.0097509 0.00275368 0.00457022 -0.00593595 -0.00222731  0.00175516  0.0193438    0.01581 0.00863317    3.75704 -0.0180878   -9.06095 
             56.3016 -3.52062 -1.12099  4.33144    -0.1614  0.0509279 -0.0853957 0 0 0   -0.011 -0.02329  0.04412  0.000760167 -0.000768056    0.0028705 -0.00596225 -0.00222804  0.00173965  0.0198138  0.0156225 0.00873601    3.75721 -0.0184632   -9.06088 
             56.4018 -3.57593 -1.13617  4.40677  -0.159863  0.0508566 -0.0859906 0 0 0   -0.011 -0.02329  0.04412  0.00555601 -0.00422359 0.000768594 -0.00593188 -0.00221801  0.00169708  0.0197186  0.0156628 0.00885944    3.75724 -0.0184116   -9.06086 
             56.5018 -3.59355  -1.1293  4.34402  -0.164339  0.0522796 -0.0868817 0 0 0   -0.011 -0.02329  0.04412 -0.00959237  0.00442728 -0.00246086 -0.00591972 -0.00222094  0.00172891  0.0198662  0.0150463 0.00878015    3.75697 -0.0188711   -9.06098 
             56.6019 -3.53329 -1.12401  4.33605  -0.164063  0.0547966 -0.0864408 0 0 0   -0.011 -0.02329  0.04412  -0.00402153   0.00795705 -0.000162685 -0.00595559 -0.00222857  0.00174326  0.0195705  0.0150682 0.00863797    3.75678 -0.0186835   -9.06106 
             56.7019 -3.57017 -1.13882  4.32048  -0.164104  0.0538525 -0.0884338 0 0 0   -0.011 -0.02329  0.04412  -0.0058473  0.00497338 -0.00779078 -0.00593359 -0.00221855  0.00174529  0.0197363  0.0150557 0.00893673    3.75699 -0.0188279   -9.06097 
             56.8018 -3.55309 -1.13352  4.39842  -0.162896  0.0535253 -0.0875001 0 0 0   -0.011 -0.02329  0.04412 0.000236884  0.00367519 -0.00264161 -0.00594203 -0.00221829  0.00170035  0.0197049  0.0154175 0.00882437     3.7571 -0.0185592   -9.06092 
             56.9017 -3.59421 -1.13004  4.34465  -0.159506  0.0525249 -0.0854228 0 0 0   -0.011 -0.02329  0.04412    0.0082707 -0.000338612   0.00371205 -0.00592438 -0.00222211  0.00173317  0.0196063  0.0159888 0.00869702  3.75728 -0.01812 -9.06085 
             57.0018 -3.51966  -1.1214  4.35557  -0.164611  0.0489844 -0.0872844 0 0 0   -0.011 -0.02329  0.04412 -0.00734291 -0.00775046 -0.00243367 -0.00596565 -0.00222621  0.00172215 0.0203648 0.0155078 0.0089652     3.7575 -0.0188578   -9.06076 
             57.1019 -3.61243 -1.12216  4.36937  -0.166114  0.0499955 -0.0884481 0 0 0   -0.011 -0.02329  0.04412  -0.0075411 -0.00500212 -0.00476057 -0.00591924 -0.00222592  0.00171853  0.0202446  0.0152347 0.00897357    3.75732 -0.0189737   -9.06083 
             57.2019 -3.60005 -1.13357  4.34257  -0.165812  0.0482457 -0.0877496 0 0 0   -0.011 -0.02329  0.04412 -0.00732192 -0.00364996 -0.00301307 -0.00592557 -0.00221836  0.00173131  0.0203033  0.0155467 0.00892343    3.75747 -0.0187947   -9.06077 
             57.3019  -3.5265 -1.15061  4.37688  -0.166033  0.0498791 -0.0886159 0 0 0   -0.011 -0.02329  0.04412 -0.00418326 -0.00231176 -0.00417411 -0.00597295 -0.00220792  0.00171402  0.0200567  0.0154004 0.00890284    3.75729 -0.0187607   -9.06085 
             57.4018 -3.59362   -1.154  4.31752  -0.162196  0.0521306 -0.0869391 0 0 0   -0.011 -0.02329  0.04412 0.00383247 0.00748258 0.00045291 -0.00593808 -0.00220784  0.00174419  0.0195228  0.0158277 0.00866277    3.75715 -0.0181764    -9.0609 
             57.5019 -3.55233  -1.1106  4.35737  -0.163035    0.05506 -0.0872758 0 0 0   -0.011 -0.02329  0.04412   0.00198567    0.0128793 -0.000200427 -0.00596039 -0.00223424  0.00172531  0.0193932  0.0155424 0.00858524    3.75691 -0.0182785     -9.061 
             57.6018 -3.60824 -1.11303  4.30567  -0.159601  0.0554005 -0.0843338 0 0 0   -0.011 -0.02329  0.04412  0.0113484  0.0110376 0.00871357 -0.00592655 -0.00223628   0.0017507  0.0192607  0.0161182 0.00837238    3.75704 -0.0178083   -9.06095 
             57.7017 -3.52147 -1.11119  4.28341  -0.157762  0.0577168 -0.0844937 0 0 0   -0.011 -0.02329  0.04412  0.0126942  0.0166635 0.00460259 -0.00597128  -0.0022373    0.001768  0.0191161  0.0160476 0.00845021    3.75698 -0.0177946   -9.06098 
             57.8021 -3.60282 -1.12893  4.34441  -0.159357  0.0561973 -0.0851345 0 0 0   -0.011 -0.02329  0.04412 0.00443858 0.00296582 0.00155599  -0.0059362 -0.00222165   0.0017319  0.0196049  0.0159006 0.00863657     3.7572 -0.0181678   -9.06088 
              57.902  -3.5498 -1.11592  4.39303  -0.159745  0.0567217 -0.0859397 0 0 0   -0.011 -0.02329  0.04412  0.00348121  0.00977163 -0.00102689 -0.00596467 -0.00222844  0.00169778  0.0196664  0.0157392 0.00872944    3.75719 -0.0183174   -9.06089 
             58.0019 -3.53848  -1.1379  4.40457  -0.161416  0.0562878 -0.0866382 0 0 0   -0.011 -0.02329  0.04412 -0.00196337  0.00358047 -0.00253407 -0.00597252 -0.00221548  0.00169833   0.019934  0.0155948 0.00880941    3.75727 -0.0185573   -9.06085 
             58.1017 -3.54817 -1.11389  4.33308  -0.160884  0.0544637 -0.0871191 0 0 0   -0.011 -0.02329  0.04412 -0.000274577  0.000447732  -0.00473896 -0.00596916 -0.00222973  0.00173088  0.0200922  0.0157806 0.00893234    3.75749 -0.0185443   -9.06076 
             58.2018 -3.61899 -1.11094  4.39013  -0.164527  0.0520859 -0.0864682 0 0 0   -0.011 -0.02329  0.04412  -0.00980117  -0.00284313 -0.000596879 -0.00592417 -0.00223435  0.00170316  0.0205816  0.0157262 0.00884642    3.75763 -0.0188089    -9.0607 
             58.3019  -3.5591 -1.11017  4.28519 -0.159898 0.0537732 -0.083974 0 0 0   -0.011 -0.02329  0.04412  0.00502079 0.000912253  0.00596123 -0.00596665 -0.00223711  0.00176241  0.0199943  0.0162777 0.00859725    3.75754 -0.0181223   -9.06074 
             58.4018 -3.54006 -1.12979  4.30149  -0.159056  0.0562171 -0.0856056 0 0 0   -0.011 -0.02329  0.04412  0.00692242  0.00978662 -0.00104868 -0.00597523 -0.00222427    0.001756  0.0197708  0.0159998 0.00875056    3.75738 -0.0182122   -9.06081 
             58.5018 -3.58713 -1.13943  4.37849   -0.16175  0.0554209 -0.0869703 0 0 0   -0.011 -0.02329  0.04412 -0.00389026  0.00320308 -0.00503306 -0.00595218 -0.00221816  0.00171002  0.0201558  0.0157125 0.00888227    3.75746 -0.0186091   -9.06077 
             58.6017 -3.59084 -1.10902  4.36851  -0.165059  0.0536554 -0.0868919 0 0 0   -0.011 -0.02329  0.04412  -0.0108371  0.00117139 -0.00286115  -0.0059472 -0.00223451  0.00171259  0.0205567  0.0156574 0.00884922    3.75758 -0.0188384   -9.06072 
             58.7019 -3.54421 -1.13264  4.38855  -0.165979  0.0542109 -0.0876276 0 0 0   -0.011 -0.02329  0.04412  -0.0102807 0.000444476 -0.00399656 -0.00597535  -0.0022247  0.00170512  0.0205072  0.0155885 0.00888089   3.75754 -0.018862  -9.06074 
             58.8018  -3.5769 -1.13694  4.31912  -0.160354  0.0553065 -0.0857568 0 0 0   -0.011 -0.02329  0.04412  0.00544831  0.00533609 0.000422461 -0.00595708 -0.00222031  0.00173994  0.0199543     0.0163 0.00872605    3.75759 -0.0181159   -9.06072 
             58.9018 -3.55525 -1.10933  4.35351  -0.162495  0.0554318 -0.0864259 0 0 0   -0.011 -0.02329  0.04412  0.00204894   0.0044292 0.000282948 -0.00596841 -0.00223968  0.00172382  0.0201955  0.0160131 0.00877236    3.75757 -0.0184227   -9.06073 
             59.0017 -3.54111 -1.10461  4.31142  -0.159538  0.0583733 -0.0852797 0 0 0   -0.011 -0.02329  0.04412 0.00662996  0.0111653 0.00116938 -0.00597793 -0.00224156  0.00174744  0.0197559  0.0161912 0.00860087     3.7574 -0.0180588    -9.0608 
             59.1018 -3.59792 -1.13005  4.31819  -0.160929   0.056775 -0.0866196 0 0 0   -0.011 -0.02329  0.04412 0.00306681 0.00565145  -0.002034 -0.00594583 -0.00222767   0.0017434  0.0201735  0.0160905 0.00883222    3.75763 -0.0183759    -9.0607 
             59.2018 -3.52454 -1.16009  4.34109  -0.155509  0.0586662 -0.0846775 0 0 0   -0.011 -0.02329  0.04412  0.0157894 0.00796361  0.0025417 -0.00599475 -0.00221052  0.00172932   0.019691  0.0165786 0.00864512    3.75759 -0.0177994   -9.06072 
             59.3018 -3.58195 -1.10851  4.34806   -0.15886   0.057177 -0.0850723 0 0 0   -0.011 -0.02329  0.04412  0.0015995  0.0044379 0.00115456 -0.00595417 -0.00224043   0.0017221  0.0202416  0.0162969 0.00871634     3.7577 -0.0182616   -9.06067 
             59.4018 -3.55156 -1.13845  4.33714  -0.163503  0.0547149 -0.0872896 0 0 0   -0.011 -0.02329  0.04412 -0.00993324 -0.00512838 -0.00429388 -0.00598002 -0.00222536  0.00173412  0.0208298  0.0158839 0.00897963    3.75786 -0.0188596   -9.06061 
             59.5017 -3.55493 -1.14265  4.41398  -0.168014  0.0532442 -0.0906203 0 0 0   -0.011 -0.02329  0.04412   -0.019974 -0.00404978  -0.0132011 -0.00597368 -0.00221952  0.00168392  0.0211804  0.0154551 0.00925811    3.75792 -0.0193496   -9.06058 
             59.6018 -3.59645 -1.13382  4.27058  -0.164519  0.0549376 -0.0882843 0 0 0   -0.011 -0.02329  0.04412  -0.00542013 -0.000315409  -0.00289951 -0.00594779 -0.00223246  0.00177502  0.0206072   0.016062 0.00889303    3.75782 -0.0186235   -9.06063 
             59.7018 -3.57734 -1.12684  4.28256  -0.164949  0.0528824 -0.0874445 0 0 0   -0.011 -0.02329  0.04412  -0.00579876  -0.00219482 -0.000102816 -0.00596088 -0.00223495  0.00176333  0.0207802  0.0162914 0.00885304    3.75798 -0.0185657   -9.06056 
             59.8017 -3.54814 -1.14207  4.37794  -0.167606  0.0505135 -0.0875426 0 0 0   -0.011 -0.02329  0.04412  -0.0102553 -0.00796097 0.000158587 -0.00597526 -0.00222617  0.00171136  0.0211228  0.0162532 0.00890711    3.75813 -0.0187726    -9.0605 
             59.9018 -3.54998 -1.11836  4.39961  -0.166011  0.0511524 -0.0884921 0 0 0   -0.011 -0.02329  0.04412 -0.00518778 -0.00653778 -0.00400216 -0.00598811  -0.0022354  0.00169504  0.0207983  0.0162899 0.00899705    3.75806 -0.0186047   -9.06053 
             60.0018 -3.59745 -1.12899  4.29931  -0.161008  0.0541659 -0.0854453 0 0 0   -0.011 -0.02329  0.04412  0.0106811  0.0076337 0.00569001 -0.00594655 -0.00223556  0.00175634  0.0201272  0.0167912 0.00861216    3.75786 -0.0178905   -9.06061 
             60.1017 -3.53167 -1.15279  4.26454  -0.155437  0.0540974 -0.0832204 0 0 0   -0.011 -0.02329  0.04412  0.0220971 0.00106073   0.010105 -0.00599397  -0.0022229  0.00177743  0.0198851  0.0173115 0.00855034      3.758 -0.0174471   -9.06055 
             60.2018 -3.56285 -1.12822  4.36409   -0.15642   0.053489 -0.0841251 0 0 0   -0.011 -0.02329  0.04412  0.0137101 0.00493689 0.00455034 -0.00597268 -0.00223347  0.00171419  0.0201838  0.0169765 0.00872196    3.75803 -0.0178305   -9.06054 
             60.2998 -3.54335 -1.12156  4.33866  -0.155904  0.0589914 -0.0847053 0 0 0   -0.011 -0.02329  0.04412  0.0127233  0.0160002 0.00233288 -0.00598031 -0.00224043  0.00173475  0.0198039  0.0165083 0.00862834     3.7576 -0.0178942   -9.06072 
             60.4046 -3.54298 -1.11397  4.33794  -0.156864  0.0572559 -0.0847017 0 0 0   -0.011 -0.02329  0.04412  0.00332838  0.00909649 0.000565507 -0.00598348 -0.00224314  0.00172722  0.0202231  0.0165344 0.00872573   3.75782 -0.018111  -9.06062 
             60.5017 -3.54468 -1.14041  4.35437  -0.158647  0.0523518 -0.0851977 0 0 0   -0.011 -0.02329  0.04412 0.000432226 -0.00388795 0.000520851  -0.0059777 -0.00223044  0.00172608  0.0209119   0.016691 0.00896973    3.75828 -0.0184181   -9.06043 
             60.6017 -3.61724 -1.12786  4.38725   -0.15983  0.0513615 -0.0852347 0 0 0   -0.011 -0.02329  0.04412  -0.00436614  -0.00542067 -0.000121274  -0.0059351 -0.00223671  0.00169917  0.0210399  0.0166257 0.00897519     3.7583 -0.0185221   -9.06042 
             60.7017  -3.611 -1.1213 4.44731   -0.16289   0.050584 -0.0868444 0 0 0   -0.011 -0.02329  0.04412  -0.0109073   -0.005004 -0.00515831 -0.00594065 -0.00223681  0.00166876   0.021249    0.01634 0.00909933     3.7583 -0.0188199   -9.06043 
             60.8016 -3.60319 -1.11845  4.36403  -0.164289  0.0491923 -0.0866923 0 0 0   -0.011 -0.02329  0.04412   -0.011407 -0.00744503  -0.0032461 -0.00595037 -0.00224114  0.00171925  0.0213397  0.0164131 0.00905679    3.75835 -0.0188143    -9.0604 
             60.9017 -3.58177 -1.14618  4.40075  -0.159386  0.0508329 -0.0861706 0 0 0   -0.011 -0.02329  0.04412  0.00356504 0.000609564 -0.00225374   -0.005959 -0.00222387  0.00169359  0.0207408  0.0168191 0.00899915    3.75829 -0.0182616   -9.06043 
             61.0016 -3.59917 -1.11716  4.38861  -0.161445  0.0511638 -0.0861927 0 0 0   -0.011 -0.02329  0.04412  -0.00171111 -4.06128e-05 -0.000473083 -0.00594982 -0.00224118  0.00170445  0.0208741  0.0166171 0.00892179   3.75821 -0.018432  -9.06046 
             61.1016 -3.58238 -1.11629  4.32314  -0.158842  0.0549782 -0.0852229 0 0 0   -0.011 -0.02329  0.04412  0.00443102   0.0137844 0.000723571 -0.00596291 -0.00224469  0.00173861  0.0203576  0.0166823 0.00872497    3.75794 -0.0180938   -9.06057 
             61.2017 -3.53997 -1.14612  4.38486   -0.15823  0.0551447 -0.0857928 0 0 0   -0.011 -0.02329  0.04412   0.00525387   0.00800286 -0.000758725 -0.00597872 -0.00222917  0.00171196  0.0204483  0.0167196 0.00883577    3.75805 -0.0181401   -9.06053 
             61.3017 -3.58695 -1.11211   4.3965  -0.156455  0.0513114 -0.0847437 0 0 0   -0.011 -0.02329  0.04412  0.00685807 -0.00247169  0.00135374 -0.00595657  -0.0022473   0.0017022 0.0207658 0.0171804 0.0089148    3.75844 -0.0180469   -9.06037 
             61.4017  -3.6072 -1.13714  4.38553   -0.15441  0.0549682 -0.0833407 0 0 0   -0.011 -0.02329  0.04412  0.0126188 0.00876553 0.00561207 -0.00594119 -0.00223278  0.00171203  0.0203586   0.017144 0.00867703    3.75816 -0.0178142   -9.06049 
             61.5017  -3.5571 -1.13523  4.39686  -0.157756  0.0536005 -0.0869706 0 0 0   -0.011 -0.02329  0.04412 0.000153433 0.000899024 -0.00710073 -0.00597406  -0.0022388  0.00170327  0.0208447  0.0166282 0.00908952    3.75827 -0.0184431   -9.06044 
             61.6018 -3.53684 -1.13742  4.35161  -0.161375  0.0538998 -0.0877874 0 0 0   -0.011 -0.02329  0.04412  -0.0101975  0.00458548 -0.00767989  -0.0059813 -0.00223963  0.00173169  0.0210643  0.0163589 0.00902796     3.7582 -0.0186972   -9.06047 
             61.7017 -3.55341 -1.11302  4.29678  -0.161287  0.0578006 -0.0858473 0 0 0   -0.011 -0.02329  0.04412 -0.00688631   0.0105514  0.00101384  -0.0059786 -0.00225759  0.00176158  0.0206762  0.0164004 0.00864154    3.75789 -0.0183987   -9.06059 
             61.8017 -3.56806 -1.12216  4.32303  -0.167151  0.0538944 -0.0870797 0 0 0   -0.011 -0.02329  0.04412  -0.0218102  0.00263102 -0.00375847 -0.00596678 -0.00225186  0.00174208  0.0214502  0.0162518 0.00886257    3.75822 -0.0189205   -9.06046 
             61.9016 -3.56574 -1.13342  4.40956    -0.1688  0.0531217 -0.0891128 0 0 0   -0.011 -0.02329  0.04412  -0.0187706 -0.00351123 -0.00737616 -0.00596591 -0.00224382  0.00169818  0.0215067   0.016222 0.00908308    3.75832 -0.0190117   -9.06042 
             62.0018 -3.62731   -1.124   4.3747  -0.167291  0.0515794 -0.0885096 0 0 0   -0.011 -0.02329  0.04412  -0.0114849 -0.00388571 -0.00490325 -0.00592975 -0.00225052  0.00171204  0.0213891  0.0166608 0.00905112    3.75848 -0.0186981   -9.06035 
             62.1026 -3.57999 -1.10699  4.29764   -0.16289  0.0548532 -0.0856813 0 0 0   -0.011 -0.02329  0.04412 0.00377283 0.00619429 0.00384996 -0.00595292 -0.00226379   0.0017625  0.0207117  0.0170917 0.00868049    3.75828 -0.0180349   -9.06044 
             62.2018 -3.56797 -1.14428  4.39195  -0.16306  0.052506 -0.086442 0 0 0   -0.011 -0.02329  0.04412  0.00230837 -0.00277978 0.000688125 -0.00596592 -0.00223848   0.0017015 0.0209896  0.017139 0.0088903     3.7585 -0.0181932   -9.06034 
             62.3016 -3.50358 -1.12617  4.36013  -0.165764  0.0551177 -0.0893022 0 0 0   -0.011 -0.02329  0.04412 -0.00597865  0.00711075  -0.0085833 -0.00599796 -0.00225118  0.00172292  0.0209562  0.0165557 0.00903269    3.75826 -0.0185342   -9.06044 
             62.4017 -3.58886 -1.12327  4.29995  -0.163458  0.0581139 -0.0873289 0 0 0   -0.011 -0.02329  0.04412  0.00171628  0.00916532 -0.00121915 -0.00595371 -0.00225491  0.00175969  0.0205475  0.0168094 0.00870292    3.75809 -0.0181157   -9.06051 
             62.5017  -3.5514 -1.13238  4.28152  -0.166121  0.0579318 -0.0876925 0 0 0   -0.011 -0.02329  0.04412 -0.00569417  0.00984981 -0.00176127 -0.00597458 -0.00225125  0.00176614  0.0208287  0.0166554 0.00871282    3.75812 -0.0183459    -9.0605 
             62.6016  -3.5479 -1.11615  4.35197 -0.167984 0.0552745 -0.089796 0 0 0   -0.011 -0.02329  0.04412 -0.00965913 -0.00360022   -0.007595 -0.00598204 -0.00225963  0.00172978  0.0212434  0.0166668 0.00902466   3.75841 -0.018616  -9.06038 
             62.7017  -3.5981 -1.10891  4.38795  -0.166087  0.0520372 -0.0888024 0 0 0   -0.011 -0.02329  0.04412 -0.00310841 -0.00925565 -0.00401047 -0.00596019 -0.00225673  0.00170393  0.0212792  0.0171983 0.00899291    3.75868 -0.0183356   -9.06027 
             62.8016 -3.58373 -1.11519   4.3218  -0.166367  0.0549191 -0.0879067 0 0 0   -0.011 -0.02329  0.04412 0.000517502  0.00209628  0.00136659 -0.00596476 -0.00226173  0.00174806  0.0209787  0.0170382 0.00873166    3.75838 -0.0182146   -9.06039 
             62.9017 -3.56777 -1.13599   4.4422  -0.162956  0.0488697 -0.0868084 0 0 0   -0.011 -0.02329  0.04412 0.00537248 -0.0154545 0.00181591 -0.00598324 -0.00224147  0.00167136  0.0212512  0.0177465 0.00890279    3.75891 -0.0180017   -9.06017 
             63.0017 -3.55892 -1.14153  4.37798   -0.16402  0.0526309 -0.0880587 0 0 0   -0.011 -0.02329  0.04412   0.00264204 -0.000472527   -0.0019191 -0.00598467  -0.0022391  0.00171216  0.0209293  0.0172096 0.00883838    3.75849 -0.0181199   -9.06035 
             63.1015 -3.5624 -1.1114 4.30358  -0.159889  0.0564227 -0.0854381 0 0 0   -0.011 -0.02329  0.04412  0.0129409 0.00818289 0.00585506 -0.00598482 -0.00226283  0.00175297  0.0203374  0.0174369 0.00848037   3.75824 -0.017619  -9.06045 
             63.2018 -3.60985 -1.12604  4.35441 -0.156172 0.0576282 -0.082992 0 0 0   -0.011 -0.02329  0.04412 0.0184491 0.0124245 0.0099512   -0.005956 -0.00225191  0.00172203 0.0201447 0.0177458 0.0083201    3.75825 -0.0173175   -9.06045 
             63.3017 -3.54947 -1.14917  4.37855 -0.156051 0.0547929  -0.08503 0 0 0   -0.011 -0.02329  0.04412   0.0148327 2.75583e-05  0.00196403 -0.00599991 -0.00223868  0.00171479  0.0206032    0.01765 0.00874126    3.75855 -0.0176922   -9.06032 
             63.4018 -3.55271 -1.12526  4.35431  -0.157347  0.0533603 -0.0847954 0 0 0   -0.011 -0.02329  0.04412    0.0061458 -0.000882516   0.00100834 -0.00599436  -0.0022521  0.00172241  0.0209101  0.0175562 0.00873521    3.75861 -0.0178969    -9.0603 
             63.5017 -3.56181  -1.1411  4.38947  -0.160236  0.0533387 -0.0847686 0 0 0   -0.011 -0.02329  0.04412 -0.00180411 -0.00378643  0.00204259 -0.00599029  -0.0022417  0.00170751 0.0211272 0.0172854 0.0086761   3.75853 -0.018141  -9.06033 
             63.6017 -3.62353  -1.1231  4.34507  -0.165492  0.0478557 -0.0867486 0 0 0   -0.011 -0.02329  0.04412  -0.0167486  -0.0133696 -0.00440003 -0.00596172 -0.00225155  0.00172785   0.021904  0.0171118 0.00899252    3.75886 -0.0186955   -9.06019 
             63.7015 -3.52956 -1.12569  4.32182  -0.167867  0.0492985 -0.0885977 0 0 0   -0.011 -0.02329  0.04412  -0.0169318  -0.0069844 -0.00797493 -0.00601239 -0.00225088  0.00174718  0.0217315  0.0167878 0.00902767    3.75865 -0.0187915   -9.06028 
             63.8018  -3.6162 -1.11301  4.36292   -0.16656  0.0504338 -0.0888021 0 0 0   -0.011 -0.02329  0.04412 -0.00956679  -0.0025074 -0.00714722  -0.0059648 -0.00225724  0.00172107  0.0213769   0.016919 0.00895679    3.75856 -0.0185264   -9.06032 
             63.9018 -3.57505  -1.1244  4.28488  -0.164226  0.0522484 -0.0869582 0 0 0   -0.011 -0.02329  0.04412  -0.00198578   0.00625189 -0.000688953 -0.00598026 -0.00225499  0.00176742  0.0210006  0.0172197 0.00868738    3.75846 -0.0181164   -9.06036 
             64.0018 -3.53693 -1.12437  4.30327  -0.165989  0.0567065 -0.0903772 0 0 0   -0.011 -0.02329  0.04412  -0.0040239   0.0124118 -0.00953688 -0.00600803 -0.00225612  0.00175909  0.0207989  0.0166125 0.00886746    3.75816 -0.0183789   -9.06048 
             64.1016  -3.5734 -1.13136  4.37863  -0.167827  0.0570724 -0.0902449 0 0 0   -0.011 -0.02329  0.04412  -0.0100959   0.0137556 -0.00763947 -0.00598731 -0.00224796  0.00171146  0.0209644  0.0166667 0.00875774     3.7582 -0.0184087   -9.06047 
             64.2016 -3.55621 -1.11746  4.37327  -0.170378  0.0560999 -0.0911707 0 0 0   -0.011 -0.02329  0.04412  -0.0122564  0.00463114 -0.00653997 -0.00599832 -0.00225744  0.00171897  0.0212578  0.0166814 0.00882799    3.75834 -0.0185645   -9.06041 
             64.3017 -3.51472 -1.12247  4.38913  -0.170277  0.0534291 -0.0907883 0 0 0   -0.011 -0.02329  0.04412  -0.0111592 -0.00166063 -0.00496731 -0.00602393 -0.00225289  0.00170553  0.0214029  0.0170391 0.00884139    3.75857 -0.0184531   -9.06031 
             64.4017 -3.56472 -1.14704  4.35559 -0.164985 0.0528044 -0.088221 0 0 0   -0.011 -0.02329  0.04412  0.00749747 -0.00285047  0.00343737 -0.00598802  -0.0022412  0.00172678  0.0210316  0.0177052 0.00866579    3.75871 -0.0178777   -9.06026 
             64.5016 -3.65309 -1.10735  4.36328  -0.163285   0.050948 -0.0866125 0 0 0   -0.011 -0.02329  0.04412  0.00802471 -0.00584507  0.00591336 -0.00594588 -0.00226405  0.00171867 0.0210875 0.0179529 0.0086072    3.75883 -0.0177634   -9.06021 
             64.6018 -3.59408 -1.12201  4.38554  -0.160698   0.046616 -0.0845149 0 0 0   -0.011 -0.02329  0.04412  0.0126785 -0.0110183  0.0104962 -0.00597247 -0.00225485  0.00171021  0.0212754  0.0184172 0.00862058    3.75914 -0.0176178   -9.06008 
             64.7019 -3.56784 -1.13115  4.38315  -0.164746   0.047278 -0.0876858 0 0 0   -0.011 -0.02329  0.04412  -0.0013473 -0.00931814 -0.00107182 -0.00598901 -0.00225544  0.00171117   0.021472  0.0176593 0.00888252    3.75893 -0.0181735   -9.06016 
             64.8018 -3.62053 -1.13241  4.37711  -0.169183  0.0463881 -0.0897158 0 0 0   -0.011 -0.02329  0.04412  -0.0128278 -0.00901545 -0.00751222  -0.0059576 -0.00225973  0.00171031 0.0217429 0.0172459 0.0089867    3.75886 -0.0185503   -9.06019 
             64.9018 -3.58482  -1.1069  4.38588 -0.174572 0.0502214 -0.091469 0 0 0   -0.011 -0.02329  0.04412  -0.0237007 0.000149169 -0.00892501 -0.00598298 -0.00227961  0.00171151  0.0216594  0.0166209 0.00887146    3.75847 -0.0188115   -9.06036 
             65.0017 -3.48589 -1.12439  4.35455  -0.172121  0.0557427 -0.0924488 0 0 0   -0.011 -0.02329  0.04412 -0.0122449  0.0145145 -0.0110027 -0.00604699 -0.00226287  0.00172124  0.0209087  0.0166218 0.00877522    3.75817 -0.0184134   -9.06048 
             65.1018 -3.56134 -1.15165  4.30572  -0.171573   0.056158 -0.0935071 0 0 0   -0.011 -0.02329  0.04412 -0.00455424   0.0130557  -0.0101343 -0.00599761 -0.00225176  0.00175697  0.0209057  0.0168175 0.00884662    3.75829 -0.0183254   -9.06043 
             65.2018 -3.59177 -1.14284  4.34945   -0.16949  0.0546444 -0.0913696 0 0 0   -0.011 -0.02329  0.04412 -0.00200783  0.00680149 -0.00304933 -0.00598672 -0.00225322  0.00172895  0.0209332  0.0173701 0.00865989    3.75851 -0.0180115   -9.06034 
             65.3018 -3.52562 -1.11809  4.31709  -0.166225  0.0573558 -0.0884976 0 0 0   -0.011 -0.02329  0.04412 0.00842258  0.0127346 0.00655611  -0.0060221 -0.00226639  0.00174758  0.0205431  0.0176782 0.00833292    3.75839 -0.0175848   -9.06039 
             65.4017 -3.53556 -1.11977  4.27422 -0.162851 0.0560913 -0.086847 0 0 0   -0.011 -0.02329  0.04412  0.0151887 0.00510197 0.00968315 -0.00602168 -0.00227155  0.00177163  0.0205728   0.018059 0.00836199    3.75861 -0.0174125    -9.0603 
             65.5017 -3.56052 -1.11283  4.35707  -0.167358  0.0569437 -0.0887418 0 0 0   -0.011 -0.02329  0.04412 -0.0016957 0.00870652 0.00114703 -0.00600839 -0.00226763  0.00172234  0.0209646  0.0174754 0.00853475    3.75851 -0.0179422   -9.06034 
             65.6017 -3.54433 -1.11685  4.30637   -0.16759  0.0564398 -0.0881632 0 0 0   -0.011 -0.02329  0.04412 0.000133206  0.00275755  0.00351868 -0.00602015 -0.00227072  0.00175647  0.0210722  0.0175587 0.00853203    3.75859 -0.0179541   -9.06031 
             65.7017 -3.56931 -1.13906  4.35434  -0.166958  0.0560428 -0.0888871 0 0 0   -0.011 -0.02329  0.04412 -1.13904e-05   0.00356668 -0.000699189 -0.00600201 -0.00225497  0.00172093  0.0210858  0.0176028 0.00867398    3.75867 -0.0179718   -9.06027 
             65.8015 -3.54578 -1.11133   4.4287  -0.168145  0.0556427 -0.0892098 0 0 0   -0.011 -0.02329  0.04412  -0.00131391  -0.00117583 -0.000847016 -0.00601903 -0.00227021  0.00168334  0.0212253  0.0175436 0.00870125     3.7587 -0.0180774   -9.06026 
             65.9017 -3.59128 -1.11973   4.3795  -0.166943  0.0495567 -0.0884357 0 0 0   -0.011 -0.02329  0.04412 0.00020358 -0.0137152 0.00100926 -0.00599543 -0.00226807   0.0017098  0.0215877  0.0180765 0.00883304    3.75914 -0.0180254   -9.06008 
             66.0018 -3.60925 -1.11605  4.41433  -0.163638  0.0510115 -0.0867668 0 0 0   -0.011 -0.02329  0.04412   0.0100381 -0.00562035  0.00524586 -0.00598073 -0.00226994   0.0016919  0.0211661  0.0182154 0.00864177      3.759 -0.0177009   -9.06014 
             66.1017 -3.58008 -1.15136  4.37571  -0.159287  0.0473753 -0.0863782 0 0 0   -0.011 -0.02329  0.04412  0.0174809 -0.0149892 0.00402161 -0.00600546 -0.00225142   0.0017125  0.0211638  0.0186106 0.00880841   3.75926 -0.017539  -9.06003 
             66.2017 -3.62508 -1.13778  4.42623  -0.157635  0.0524064 -0.0856489 0 0 0   -0.011 -0.02329  0.04412   0.016161  0.0054115 0.00405767 -0.00597339 -0.00225682  0.00168342  0.0206726  0.0182359 0.00855887    3.75881 -0.0174256   -9.06022 
             66.3018 -3.59128 -1.12708  4.36175  -0.160427  0.0535344 -0.0847271 0 0 0   -0.011 -0.02329  0.04412 0.0525605 0.0121798  0.032153 -0.00599968 -0.00226567  0.00172334  0.0209638  0.0178198 0.00847862    3.75866 -0.0177643   -9.06028 
             66.4017 -3.57356 -1.38491  4.45148  -0.147292  0.0595212 -0.0795935 0 0 0   -0.011 -0.02329  0.04412  0.266209 0.0480094  0.107273 -0.00600533 -0.00226332  0.00170158  0.0208197  0.0173033 0.00852486    3.75837 -0.0179651    -9.0604 
             66.5016 -3.52068 -1.52133  4.66949 -0.112723 0.0616043  -0.06872 0 0 0   -0.011 -0.02329  0.04412   0.43324 0.0391878  0.106599 -0.00603515 -0.00226493  0.00171532  0.0211122  0.0173866 0.00862814    3.75856 -0.0180924   -9.06032 
             66.6017  -3.43873 -0.898905   4.66058 -0.0668092  0.0596744 -0.0565308 0 0 0   -0.011 -0.02329  0.04412  0.570337 0.0213762  0.142202 -0.00600607 -0.00228915  0.00172899  0.0217334  0.0174462 0.00883226    3.75888 -0.0184195   -9.06018 
             66.7027 -3.10173 0.649199  5.22176 -0.00361762   0.0709147  -0.0360612 0 0 0   -0.011 -0.02329  0.04412 0.443753 0.145983 0.267689 -0.00604854 -0.00232782  0.00169696  0.0206286  0.0177977 0.00868964     3.7586 -0.0176361    -9.0603 
             66.8017 -4.13684 0.174985  5.17427  0.0328476    0.07831 -0.0134411 0 0 0   -0.011 -0.02329  0.04412  0.366154 0.0893369  0.130805  -0.0059543 -0.00230653  0.00171458  0.0212631  0.0179383 0.00854765    3.75891 -0.0178284   -9.06017 
             66.9018  -3.15047 -0.351646   6.04906   0.0736078   0.0921148 -0.00401486 0 0 0   -0.011 -0.02329  0.04412  0.291288  0.208366 -0.020568 -0.00604496 -0.00227073  0.00171608  0.0207469  0.0183708 0.00846504   3.75884 -0.017318  -9.06021 
             67.0017 -3.69501 0.783576  6.04289  0.0971984   0.107503 0.00569324 0 0 0   -0.011 -0.02329  0.04412   0.196484   0.144661 0.00714405 -0.00600869 -0.00231624  0.00174701  0.0209069  0.0188696 0.00805592    3.75911 -0.0169087   -9.06009 
             67.1016    -2.06416 -0.00186855     6.91117   0.109603    0.11756 0.00854191 0 0 0   -0.011 -0.02329  0.04412  0.0913202    0.15836 -0.0291268 -0.00618794 -0.00222662  0.00168285  0.0219829  0.0192078 0.00794363    3.75995 -0.0170325   -9.05975 
             67.2018 -2.53802 0.386955  6.52403  0.112202  0.124352 0.0133759 0 0 0   -0.011 -0.02329  0.04412 0.00886887   0.151773 -0.0155392  -0.0061153 -0.00225964  0.00171454  0.0239217   0.019743 0.00785632    3.76155 -0.0173127   -9.05908 
             67.3022 -2.97925 0.300833  6.17788  0.107923  0.131304 0.0165022 0 0 0   -0.011 -0.02329  0.04412 -0.093987  0.137887 0.0153519 -0.00609609 -0.00224935  0.00176521  0.0252461  0.0200827 0.00793182    3.76269 -0.0175494   -9.05861 
             67.4018 -3.86073 0.103722   6.2443  0.102666  0.124124 0.0172186 0 0 0   -0.011 -0.02329  0.04412 -0.208748 0.0294599 -0.022903 -0.00603038 -0.00222913  0.00172672  0.0272071  0.0222777 0.00859378    3.76506 -0.0167416   -9.05762 
             67.5017 -3.89747 0.170288  6.46071  0.0767585   0.106912 0.00929273 0 0 0   -0.011 -0.02329  0.04412 -0.376492 -0.033201 -0.132133 -0.00609801 -0.00224585  0.00171287  0.0294679  0.0237171 0.00953633   3.76736 -0.016673  -9.05667 
             67.6017 -4.17516 0.477421    6.611   0.0325918   0.0956016 -0.00913977 0 0 0   -0.011 -0.02329  0.04412  -0.506301 -0.0817301  -0.210992 -0.0060518  -0.002283 0.00172228 0.0302306 0.0242532 0.0100745    3.76818 -0.0166666   -9.05632 
             67.7018 -4.25281 0.606388  6.98392 -0.0191084   0.085631 -0.0396953 0 0 0   -0.011 -0.02329  0.04412  -0.630077 -0.0057838  -0.417738 -0.00606282 -0.00225286  0.00168567 0.0303983 0.0248474 0.0104427    3.76859 -0.0163654   -9.05615 
             67.8017 -3.19719  1.98443  7.10216 -0.0820889  0.0769654 -0.0651678 0 0 0   -0.011 -0.02329  0.04412  -0.566094 -0.0887598  -0.197885 -0.00612342 -0.00235788  0.00170064 0.0302443   0.02546 0.0106771   3.76876 -0.015909  -9.05609 
             67.9021 -3.23488 0.571386  6.37281  -0.137982  0.0696594 -0.0869972 0 0 0   -0.011 -0.02329  0.04412 -0.469793 -0.103076  -0.24848 -0.00605838 -0.00220452  0.00178273 0.0302203 0.0245972 0.0104597    3.76839 -0.0165263   -9.05624 
             68.0018 -2.89165 0.364472  6.88039 -0.173671 0.0607967  -0.10358 0 0 0   -0.011 -0.02329  0.04412 -0.282917 -0.065114 -0.158688 -0.00603971  -0.0022362  0.00169862 0.0304303 0.0253253 0.0101171    3.76876 -0.0158323   -9.05609 
             68.1017 -2.79409 -0.26247  6.84669 -0.191929 0.0596586 -0.110887 0 0 0   -0.011 -0.02329  0.04412  -0.107215 -0.0143266 -0.0950321 -0.00602549 -0.00222292  0.00172515  0.0305974  0.0255643 0.00941294     3.7689 -0.0154015   -9.05603 
             68.2021  -2.85238 -0.156387     7.407 -0.198668 0.0639466 -0.112042 0 0 0   -0.011 -0.02329  0.04412  -0.0166756 0.000732695  -0.0313979 -0.00601886 -0.00226603  0.00172303  0.0302831  0.0252296 0.00859577    3.76848 -0.0153155    -9.0562 
             68.3018   -3.07737 -0.0379763    7.65374 -0.198336 0.0620758 -0.108061 0 0 0   -0.011 -0.02329  0.04412   0.0157128 -0.00300018  0.00194962 -0.00599174 -0.00229498  0.00171433  0.0309407  0.0254474 0.00819593    3.76905 -0.0152487   -9.05596 
             68.4014    -3.04367 -0.00316103     7.70702 -0.197829 0.0635724 -0.104837 0 0 0   -0.011 -0.02329  0.04412  0.00520225 -0.00313538  0.00843278 -0.00600566 -0.00227782  0.00174478  0.0308401   0.025258 0.00780423    3.76889 -0.0152944   -9.05603 
             68.5015   -2.79477 0.00287793    7.67311 -0.194332 0.0650492 -0.102613 0 0 0   -0.011 -0.02329  0.04412 0.00745406 0.00268804 0.00799047 -0.00603416   -0.002277  0.00175918  0.0303892  0.0258272 0.00761822    3.76872 -0.0146396   -9.05611 
             68.6018  -2.52175 0.0148897   7.83526 -0.192877 0.0688056  -0.10153 0 0 0   -0.011 -0.02329  0.04412  0.0149816 0.00870475 0.00616265 -0.00603576   -0.002294  0.00170851  0.0297945  0.0257554 0.00739084     3.7682 -0.0144688   -9.05632 
             68.7018   -2.31068 -0.0119268    7.87555 -0.194157 0.0686664 -0.101093 0 0 0   -0.011 -0.02329  0.04412 -0.00800519 -0.00122755  0.00317133 -0.00605139  -0.0022858  0.00173065  0.0300341  0.0255028 0.00744253    3.76831 -0.0147675   -9.05627 
             68.8021   -2.01085 -0.0717544    7.83404 -0.195807 0.0692635 -0.101761 0 0 0   -0.011 -0.02329  0.04412  -0.00445114 -0.000408498   0.00139596 -0.00604032 -0.00228316   0.0017367 0.0299524 0.0252429 0.0074541    3.76816 -0.0149623   -9.05634 
             68.9018   -1.95101 -0.0440238    7.72489 -0.195821 0.0686318  -0.10311 0 0 0   -0.011 -0.02329  0.04412  0.0154957  0.0111595 0.00439567 -0.00603483 -0.00230179  0.00171172  0.0300321  0.0252004 0.00766251    3.76821 -0.0150512   -9.05632 
             69.0023   -2.02228 -0.0780884    7.65509 -0.196048 0.0677492 -0.104184 0 0 0   -0.011 -0.02329  0.04412  0.0193491  0.0225567 0.00600369 -0.00602964 -0.00229221  0.00171412  0.0306787  0.0248543 0.00797845    3.76862 -0.0155976   -9.05614 
             69.1021  -2.41525 0.0332249   7.63078 -0.195933 0.0683473 -0.102921 0 0 0   -0.011 -0.02329  0.04412  0.0106341  0.0170542 0.00528013 -0.0060107 -0.0022894 0.00171742  0.0310517  0.0246614 0.00803237    3.76887 -0.0158941   -9.05604 
             69.2018   -2.74383 0.00562418    7.62554 -0.192786 0.0677376 -0.101196 0 0 0   -0.011 -0.02329  0.04412  0.00912978 -0.00345595  0.00863232 -0.00602863 -0.00227953  0.00170785  0.0311238  0.0251724 0.00804462    3.76911 -0.0154954   -9.05594 
             69.3016  -3.04941 0.0110382   7.76011  -0.192848  0.0706106 -0.0999478 0 0 0   -0.011 -0.02329  0.04412  0.0097805 0.00643081 0.00566371 -0.00599547  -0.0022987  0.00168981  0.0307367  0.0247935 0.00779381    3.76867 -0.0156444   -9.05612 
             69.4087   -3.29866 -0.0295975    7.81777  -0.195742  0.0729284 -0.0996115 0 0 0   -0.011 -0.02329  0.04412  0.0040667 0.00684073 0.00915069 -0.00597401 -0.00231083  0.00172968  0.0307228  0.0239118 0.00765579    3.76836 -0.0163542   -9.05625 
             69.5015   -3.33731 -0.0707208    7.87277  -0.194056  0.0757836 -0.0991906 0 0 0   -0.011 -0.02329  0.04412 0.00129235  0.0122782 0.00788346  -0.0060308 -0.00230411  0.00174696 0.0302099  0.024057 0.0075666    3.76798 -0.0160518   -9.05641 
             69.6017  -3.46579 -0.109323   7.90306  -0.194146  0.0748879 -0.0995866 0 0 0   -0.011 -0.02329  0.04412 0.00147029 0.00725258 0.00203105 -0.00602361 -0.00229932  0.00175678  0.0305508   0.024089 0.00779233    3.76829 -0.0161692   -9.05628 
             69.7021  -3.64863 -0.115851   7.92738  -0.192038  0.0760054 -0.0974053 0 0 0   -0.011 -0.02329  0.04412   0.0096089 0.000785817  0.00957149 -0.00600369 -0.00231839  0.00177269  0.0303593  0.0244568 0.00761163    3.76823 -0.0157674   -9.05631 
             69.8017  -3.75613 -0.175053   8.02072 -0.189737 0.0749114 -0.096199 0 0 0   -0.011 -0.02329  0.04412   0.0100573 -0.00187581  0.00805306 -0.00599875 -0.00229713  0.00175772  0.0304662  0.0247856 0.00767086    3.76843 -0.0155276   -9.05622 
             69.9017  -3.70836 -0.155208   8.12964  -0.18649 0.0754735 -0.095118 0 0 0   -0.011 -0.02329  0.04412  0.0150559 0.00122018 0.00821869 -0.00603364 -0.00230096  0.00170474  0.0302085  0.0252053 0.00763759    3.76835 -0.0150849   -9.05626 
             70.0021  -3.73086 -0.147666   8.05823  -0.188621    0.07985 -0.0953745 0 0 0   -0.011 -0.02329  0.04412 0.00501469 0.00641301 0.00601982 -0.00603796 -0.00231123  0.00174547  0.0296112  0.0242328 0.00735012    3.76753 -0.0157079    -9.0566 
             70.1017  -3.77375 -0.151152   8.00178  -0.188033  0.0781509 -0.0962069 0 0 0   -0.011 -0.02329  0.04412 0.00347733 0.00438226 0.00194322 -0.00601392 -0.00231124  0.00178779  0.0300101   0.024319 0.00765462    3.76793 -0.0157945   -9.05643 
             70.2021  -3.69837 -0.174087   8.05959  -0.186877  0.0804455 -0.0957298 0 0 0   -0.011 -0.02329  0.04412 0.00836343 0.00611168 0.00411228 -0.00605874 -0.00229695  0.00176648  0.0296147   0.024373 0.00749782    3.76761 -0.0156109   -9.05657 
             70.3021  -3.77716 -0.166005    8.0516   -0.18989  0.0798954 -0.0962701 0 0 0   -0.011 -0.02329  0.04412 -0.00067028  0.00410581  0.00161811 -0.00601738 -0.00230568  0.00177163  0.0300557  0.0236115 0.00759517    3.76774 -0.0164139   -9.05651 
             70.4066  -3.74479 -0.153733   8.08339    -0.1898  0.0782059 -0.0967922 0 0 0   -0.011 -0.02329  0.04412  0.000758248  -0.00139197 -0.000726283 -0.00602908 -0.00231083  0.00175076  0.0304027  0.0237027 0.00780946    3.76808 -0.0164657   -9.05637 
             70.5023   -3.6829 -0.180494   8.02116  -0.190044  0.0778218 -0.0971019 0 0 0   -0.011 -0.02329  0.04412 -0.00440643 -0.00452028 -0.00196398 -0.00606747 -0.00229581  0.00178411  0.0304095  0.0236961 0.00782883    3.76809 -0.0164763   -9.05636 
             70.6018    -3.749 -0.156016   8.09044  -0.191945  0.0743409 -0.0988898 0 0 0   -0.011 -0.02329  0.04412 -0.00454769  -0.0109314 -0.00515784 -0.00602798 -0.00230945  0.00174861  0.0310288  0.0234596 0.00816578  3.76857 -0.01691 -9.05616 
             70.7017  -3.68284 -0.154771   8.09892  -0.192754   0.076377 -0.0983779 0 0 0   -0.011 -0.02329  0.04412  -0.00463438   -0.0054368 -0.000957966 -0.00606557 -0.00231437  0.00174334  0.0305001  0.0232594 0.00783982    3.76803 -0.0168824   -9.05639 
             70.8016  -3.75006 -0.161181   8.02336  -0.189457  0.0779982 -0.0966728 0 0 0   -0.011 -0.02329  0.04412 0.00418782 0.00316152 0.00280845 -0.00602373 -0.00231142  0.00178166  0.0299668  0.0239934 0.00761294    3.7678 -0.016058  -9.05649 
             70.9018   -3.6935 -0.179224   8.03086  -0.187115  0.0807957 -0.0956912 0 0 0   -0.011 -0.02329  0.04412 0.00873179 0.00941804 0.00395755 -0.00605888 -0.00230301  0.00177384  0.0294026   0.024295 0.00741239   3.76741 -0.015603  -9.05665 
             71.0017  -3.81394 -0.180404   8.08959  -0.189004  0.0807011 -0.0954136 0 0 0   -0.011 -0.02329  0.04412 0.000251468  0.00992892   0.0035235 -0.00600975 -0.00231017  0.00175264  0.0298119  0.0238488 0.00747448     3.7676 -0.0161174   -9.05657 
             71.1016  -3.91894 -0.168224    8.1379  -0.188938  0.0806087 -0.0955469 0 0 0   -0.011 -0.02329  0.04412 0.00177254 0.00756653  0.0020648 -0.00601375 -0.00232425  0.00175628  0.0299595  0.0238702 0.00761055    3.76775 -0.0161625    -9.0565 
             71.2018  -4.03714 -0.226898   8.20147  -0.187066  0.0779658 -0.0956623 0 0 0   -0.011 -0.02329  0.04412  0.00518097 -0.00455128  0.00101254 -0.00600664 -0.00231241  0.00175383  0.0303873  0.0243325 0.00788913  3.76828 -0.01593 -9.05629 
             71.3032  -4.02334 -0.243308   8.22731   -0.18525  0.0789328 -0.0960557 0 0 0   -0.011 -0.02329  0.04412    0.0107203  -0.00231964 -0.000226563 -0.00603094 -0.00230348  0.00174896  0.0300333   0.024455 0.00784826    3.76803 -0.0157151   -9.05639 
             71.4021   -3.9967 -0.232862   8.21851 -0.179472 0.0783163 -0.091891 0 0 0   -0.011 -0.02329  0.04412   0.0230957 -0.00480833   0.0115306 -0.00604994 -0.00231234  0.00175845  0.0299376  0.0255469 0.00762222    3.76824 -0.0147071    -9.0563 
              71.502  -4.07694 -0.240712   8.22578 -0.181531 0.0770312  -0.09269 0 0 0   -0.011 -0.02329  0.04412   0.0102411 -0.00545334  0.00725101 -0.00600023 -0.00230655  0.00175536  0.0303052  0.0247342 0.00777829    3.76831 -0.0155413   -9.05627 
             71.6018  -4.03771 -0.211259   8.25971  -0.184518  0.0772217 -0.0947402 0 0 0   -0.011 -0.02329  0.04412  0.000556651  -0.00131529 -0.000124832 -0.00603897 -0.00232545  0.00173932   0.030351  0.0237996 0.00788813     3.7681 -0.0163831   -9.05636 
              71.702  -4.06872 -0.232589   8.23896  -0.188794  0.0785968 -0.0959189 0 0 0   -0.011 -0.02329  0.04412 -0.0112135 0.00254206 -0.0024128 -0.00603225 -0.00231801  0.00175724   0.030306  0.0228722 0.00779662    3.76777 -0.0171645    -9.0565 
             71.8017  -4.05798 -0.226918   8.30842   -0.19089  0.0769867 -0.0969127 0 0 0   -0.011 -0.02329  0.04412 -0.00913962 -0.00502964 -0.00234453 -0.00605749 -0.00231664  0.00172652  0.0306529  0.0226793 0.00797081    3.76802 -0.0174558   -9.05639 
             71.9021  -4.04833 -0.247918   8.26646 -0.190084 0.0755737 -0.096098 0 0 0   -0.011 -0.02329  0.04412   -0.0083699  -0.00554993 -0.000850809 -0.00607691 -0.00230842  0.00175284  0.0307306  0.0231411 0.00797395    3.76821 -0.0170761   -9.05631 
             72.0021  -4.12449 -0.223206   8.25662  -0.191464  0.0783931 -0.0957744 0 0 0   -0.011 -0.02329  0.04412 -0.00996314  0.00171949 0.000278601 -0.00603547 -0.00232429   0.0017571  0.030179 0.0229109 0.0076869    3.76766 -0.0170793   -9.05654 
             72.1021  -4.13328 -0.237212   8.27624  -0.187709  0.0818084 -0.0949185 0 0 0   -0.011 -0.02329  0.04412 0.00321946 0.00848382 0.00212638 -0.00604349 -0.00231745  0.00174513  0.0292794  0.0236983 0.00745498    3.76714 -0.0161052   -9.05676 
             72.2017  -4.12478 -0.259436   8.27135  -0.184811  0.0801558 -0.0933229 0 0 0   -0.011 -0.02329  0.04412  0.0109548 0.00544656 0.00639666 -0.00604902 -0.00230852  0.00175394  0.0296496  0.0244022 0.00757943    3.76767 -0.0156159   -9.05654 
             72.2991  -4.10393 -0.259764   8.30731  -0.184728  0.0780047 -0.0934743 0 0 0   -0.011 -0.02329  0.04412  0.00724097 -0.00564776  0.00470582 -0.00606522 -0.00230498  0.00173481  0.0301196  0.0242711 0.00780609    3.76804 -0.0158961   -9.05638 
             72.4017 -4.13484 -0.24235  8.27847  -0.183688  0.0807414 -0.0931241 0 0 0   -0.011 -0.02329  0.04412 0.00991277 0.00540861 0.00451229 -0.00604721 -0.00231503  0.00174491 0.0295446 0.0241632 0.0075973   3.76752 -0.015796   -9.0566 
             72.5017  -4.14417 -0.243648   8.30487  -0.185349  0.0793782 -0.0951698 0 0 0   -0.011 -0.02329  0.04412   0.00323181 -0.000999519  -0.00217436 -0.00604584  -0.0023156  0.00174398  0.0299746  0.0235838 0.00790072    3.76775 -0.0164652    -9.0565 
             72.6021  -4.11875 -0.265945   8.30871  -0.186368    0.07633 -0.0961211 0 0 0   -0.011 -0.02329  0.04412 -0.00148814 -0.00822096 -0.00450467 -0.00606595 -0.00229887  0.00174025  0.0305304  0.0234396 0.00813812    3.76819 -0.0167832   -9.05632 
              72.702  -4.10375 -0.266071   8.29391   -0.18773  0.0789781 -0.0974868 0 0 0   -0.011 -0.02329  0.04412 -0.00278735 -0.00118538 -0.00510064 -0.00607464 -0.00230298  0.00175339  0.0299702  0.0229718 0.00794999    3.76758 -0.0170017   -9.05658 
             72.8017  -4.14281 -0.250246   8.30306  -0.185848  0.0799043 -0.0965315 0 0 0   -0.011 -0.02329  0.04412  0.00196149  0.00187385 -0.00162613 -0.00605482 -0.00231121   0.0017465  0.0296819  0.0234122 0.00778222    3.76745 -0.0165132   -9.05663 
             72.9021  -4.13516 -0.242038   8.28649  -0.185647  0.0797527 -0.0960782 0 0 0   -0.011 -0.02329  0.04412  0.00344891  0.00036072 0.000683667 -0.00605459 -0.00231665  0.00175371  0.0297753  0.0234568 0.00775529    3.76753 -0.0164979    -9.0566 
             73.0017  -4.18466 -0.275998   8.31948    -0.1846  0.0788359 -0.0949372 0 0 0   -0.011 -0.02329  0.04412  0.00454364 -0.00177411  0.00346906 -0.00603459 -0.00229641  0.00173779  0.0299105  0.0237162 0.00773564     3.7677 -0.0163097   -9.05653 
             73.1031  -4.11178 -0.245641   8.29745   -0.18461  0.0795019 -0.0948739 0 0 0   -0.011 -0.02329  0.04412  0.00382683 0.000625038  0.00282936 -0.00607365 -0.00231521  0.00174735 0.0297912 0.0235677 0.0076942    3.76756 -0.0163977   -9.05659 
             73.2021  -4.12216 -0.240361   8.25755  -0.185979  0.0789866 -0.0951133 0 0 0   -0.011 -0.02329  0.04412 -0.000327789  -0.00361526   0.00236491  -0.0060683 -0.00232102  0.00177326 0.0299724 0.0232252 0.0077439     3.7676 -0.0167535   -9.05657 
             73.3022  -4.14846 -0.282784   8.31411  -0.189435  0.0778856 -0.0963364 0 0 0   -0.011 -0.02329  0.04412 -0.00977608 -0.00304488 -0.00211829 -0.00605029 -0.00229498  0.00174159  0.0302887  0.0225797 0.00786544    3.76768 -0.0174202   -9.05653 
              73.402  -4.16926 -0.249888    8.2622  -0.189512  0.0799097 -0.0951726 0 0 0   -0.011 -0.02329  0.04412 -0.00672079  0.00101955  0.00341468  -0.0060378 -0.00231877  0.00177407  0.0298803   0.022689 0.00761183    3.76734 -0.0171705   -9.05667 
             73.5021  -4.16396 -0.229082   8.26965  -0.189241  0.0800905 -0.0961375 0 0 0   -0.011 -0.02329  0.04412  -0.00448075   0.00234208 -0.000825826 -0.00604623 -0.00232754  0.00176698  0.0297635  0.0227769 0.00773344    3.76731 -0.0170776   -9.05669 
              73.602  -4.09889 -0.238473   8.27294  -0.188605   0.081572 -0.0952572 0 0 0   -0.011 -0.02329  0.04412 0.00102709 0.00583035 0.00268747  -0.0060756 -0.00232507  0.00176622  0.0295194  0.0229444 0.00758814    3.76714 -0.0168409   -9.05676 
             73.7018  -4.16077 -0.256725   8.31474  -0.187696  0.0780352 -0.0957289 0 0 0   -0.011 -0.02329  0.04412 0.000564469 -0.00366585 0.000385715 -0.00604718  -0.0023115  0.00174332  0.0301182  0.0232569 0.00794353    3.76777 -0.0168003   -9.05649 
              73.802  -4.16873 -0.284143   8.29275  -0.184363  0.0791421 -0.0941222 0 0 0   -0.011 -0.02329  0.04412    0.0111659 -0.000864054   0.00550234 -0.00604237 -0.00229678  0.00175695   0.029715  0.0238491 0.00777023    3.76761 -0.0161474   -9.05656 
              73.902 -4.10079 -0.25639  8.29648  -0.182919   0.080899 -0.0932564 0 0 0   -0.011 -0.02329  0.04412  0.0131354   0.002027 0.00611104 -0.00607881 -0.00231294  0.00175959  0.0293726  0.0238124 0.00761778     3.7673 -0.0160554   -9.05669 
              74.002  -4.13703 -0.258574   8.32024  -0.185953  0.0750281 -0.0941901 0 0 0   -0.011 -0.02329  0.04412 0.000159311  -0.0105928  0.00179317  -0.0060526 -0.00231136  0.00173671  0.0306477  0.0232954 0.00810124    3.76822 -0.0169474   -9.05631 
             74.1021  -4.13005 -0.257211   8.36828  -0.182356  0.0768223 -0.0942628 0 0 0   -0.011 -0.02329  0.04412  0.0126712   -0.00594 0.00277372 -0.00605855    -0.00231  0.00171633  0.0299355   0.023734 0.00799638    3.76779 -0.0163441   -9.05649 
             74.2022    -4.148 -0.254564   8.30162  -0.181909  0.0752846 -0.0948341 0 0 0   -0.011 -0.02329  0.04412  0.00810032 -0.00658709 -0.00101323 -0.00604871 -0.00231603   0.0017489  0.0301188  0.0236041 0.00811518    3.76792 -0.0165269   -9.05643 
             74.3021  -4.13561 -0.252801   8.24236  -0.182498  0.0823476 -0.0948256 0 0 0   -0.011 -0.02329  0.04412  0.00619468   0.0118141 0.000389856 -0.00605579 -0.00231459  0.00178383  0.0289388  0.0229974 0.00757119    3.76672 -0.0166158   -9.05693 
              74.402  -4.10308 -0.264108   8.28746  -0.185122   0.080492 -0.0971196 0 0 0   -0.011 -0.02329  0.04412 -0.000668776   0.00312322  -0.00559894 -0.00607477  -0.0023094  0.00175176  0.0295692  0.0224272 0.00791379     3.7671 -0.0173414   -9.05677 
             74.5021  -4.13624 -0.266433    8.2598  -0.185987  0.0808193 -0.0963846 0 0 0   -0.011 -0.02329  0.04412 -0.00400338  0.00520345 -0.00235459 -0.00605371 -0.00230935  0.00177202  0.0296762  0.0223803 0.00779895    3.76713 -0.0173972   -9.05676 
             74.6017  -4.11481 -0.255367   8.30266 -0.182495 0.0798506 -0.095437 0 0 0   -0.011 -0.02329  0.04412   0.00472998 -0.000800722  0.000775356 -0.00606597 -0.00231284  0.00174676  0.0296678  0.0231837 0.00785374    3.76739 -0.0167178   -9.05665 
             74.7019  -4.05874 -0.281363   8.27533  -0.186051  0.0785331 -0.0964835 0 0 0   -0.011 -0.02329  0.04412 -0.00466194 -0.00306299 -0.00170817 -0.00609462 -0.00229958  0.00175989  0.0300992  0.0224732 0.00795992    3.76752 -0.0174689    -9.0566 
             74.8016  -4.12631 -0.244788   8.32418  -0.187029  0.0784767 -0.0966052 0 0 0   -0.011 -0.02329  0.04412    -0.005548  -0.00494976 -0.000790297 -0.00605917 -0.00231889  0.00173503 0.0300871 0.0223435 0.0079306    3.76746 -0.0175712   -9.05662 
             74.9021  -4.11668 -0.252519   8.26704  -0.187047   0.078301 -0.0953779 0 0 0   -0.011 -0.02329  0.04412 -0.00561748 -0.00310968  0.00309585 -0.00606461 -0.00231365   0.0017606 0.0300358 0.0225244 0.0078046   3.76745 -0.017384  -9.05663 
             75.0032  -4.16111 -0.261198   8.29338  -0.188943  0.0792532 -0.0947832 0 0 0   -0.011 -0.02329  0.04412  -0.00721542 -0.000852133   0.00527219 -0.00604355 -0.00230843  0.00175265 0.0299388 0.0222336  0.007675    3.76725 -0.0175823   -9.05671 
              75.102  -4.14973 -0.275732   8.28823  -0.186521  0.0801489 -0.0952771 0 0 0   -0.011 -0.02329  0.04412  2.9069e-05   0.0028627 0.000714013 -0.00605494 -0.00229977  0.00175117 0.0295549 0.0226735 0.0077537    3.76713 -0.0171027   -9.05676 
             75.2022   -4.1643 -0.271392   8.25363  -0.186486  0.0814283 -0.0957895 0 0 0   -0.011 -0.02329  0.04412   0.00103385   0.00569749 -0.000257434 -0.00604401 -0.00230689  0.00177309  0.0293889  0.0225947 0.00774888    3.76698 -0.0171175   -9.05682 
             75.3019  -4.11758 -0.269249   8.31436   -0.18331  0.0817636 -0.0952247 0 0 0   -0.011 -0.02329  0.04412 0.00857902 0.00371221 0.00122126 -0.00607307 -0.00230696  0.00173711  0.0292154  0.0231363 0.00775681    3.76702 -0.0166069   -9.05681 
             75.4031  -4.12212 -0.277857   8.26953   -0.18373   0.079908 -0.0959387 0 0 0   -0.011 -0.02329  0.04412   0.00489449 -0.000329932 -0.000432373 -0.00606873 -0.00230517  0.00176157  0.029647 0.0229948 0.0079549    3.76734 -0.0168888   -9.05667 
             75.5021  -4.13955 -0.251972   8.33408   -0.18341    0.07782 -0.0950807 0 0 0   -0.011 -0.02329  0.04412  0.00524457 -0.00746666  0.00292747 -0.00606639 -0.00231935  0.00172757  0.0299948  0.0230969 0.00799979    3.76764 -0.0169171   -9.05655 
             75.6019  -4.18847 -0.252662   8.24759  -0.184326  0.0798798 -0.0955422 0 0 0   -0.011 -0.02329  0.04412   0.00200809 -0.000100834   0.00140988 -0.00604622 -0.00232494  0.00177668  0.0296285   0.022693 0.00786449    3.76721 -0.0171243   -9.05673 
             75.7016   -4.161 -0.25118  8.30787  -0.186018   0.080238 -0.0960286 0 0 0   -0.011 -0.02329  0.04412  -0.00219891  -0.00125467 -0.000274917 -0.00606658 -0.00232651  0.00174643   0.029669  0.0223159 0.00785735    3.76712 -0.0174538   -9.05676 
              75.802  -4.19517 -0.271657   8.29809  -0.186503  0.0811479 -0.0942762 0 0 0   -0.011 -0.02329  0.04412 -0.00288774  0.00302837  0.00496975 -0.00604644 -0.00231394  0.00175237  0.0295837  0.0223386 0.00764185    3.76701 -0.0173765   -9.05681 
             75.9032  -4.18277 -0.273049   8.25408  -0.188478  0.0821528 -0.0958119 0 0 0   -0.011 -0.02329  0.04412  -0.00716329   0.00448331 -0.000817847 -0.00605149 -0.00231637  0.00177876   0.029532  0.0219045 0.00774523    3.76686 -0.0177409   -9.05687 
             76.0032 -4.18002 -0.26374  8.29429  -0.185246  0.0812628 -0.0940032 0 0 0   -0.011 -0.02329  0.04412 0.000354481  0.00557752  0.00421006 -0.00605917 -0.00231826  0.00175195 0.0295316 0.0227181 0.0077334   3.76712 -0.017055  -9.05677 
             76.1042 -4.11473 -0.29128  8.30077   -0.18707  0.0806099 -0.0952102 0 0 0   -0.011 -0.02329  0.04412  -0.00274615  -0.00058423 -0.000418072 -0.00609687 -0.00230157  0.00174644  0.0297766  0.0223806 0.00790468    3.76723 -0.0174405   -9.05672 
             76.2031  -4.16198 -0.267825   8.31861  -0.186514  0.0804954 -0.0948559 0 0 0   -0.011 -0.02329  0.04412   0.00108858 -0.000500845   0.00118264  -0.0060741 -0.00231605  0.00173777  0.0297451  0.0225136 0.00788898    3.76725 -0.0173167   -9.05671 
             76.3031  -4.19785 -0.260308   8.29404  -0.186387  0.0801054 -0.0960604 0 0 0   -0.011 -0.02329  0.04412 -0.000912744   0.00214055  -0.00394657 -0.00605035 -0.00232033  0.00174888  0.0297983  0.0225024 0.00804266    3.76732 -0.0173652   -9.05668 
              76.403 -4.15383 -0.25988   8.2919  -0.187617    0.08048 -0.0967138 0 0 0   -0.011 -0.02329  0.04412 -0.00290208 -0.00206826 -0.00357381 -0.00608504 -0.00231996   0.0017556  0.0298011  0.0222671 0.00802426    3.76724 -0.0175604   -9.05671 
             76.5019   -4.1315 -0.285869   8.23184  -0.185592  0.0819917 -0.0952713 0 0 0   -0.011 -0.02329  0.04412  0.00358142  0.00526478 0.000897882 -0.00609545 -0.00231014  0.00177982  0.0294404  0.0226727 0.00780378    3.76706 -0.0170746   -9.05679 
             76.6016  -4.18124 -0.267384   8.26011  -0.185481  0.0809822 -0.0961782 0 0 0   -0.011 -0.02329  0.04412   0.00438659 -7.33814e-05 -0.000897824 -0.00606067 -0.00232163  0.00176629  0.0296832  0.0226329 0.00799531    3.76727 -0.0172131    -9.0567 
             76.7019  -4.16876 -0.252576   8.29049  -0.184291   0.082564 -0.0949783 0 0 0   -0.011 -0.02329  0.04412 0.00470615 0.00460288 0.00236992 -0.00607299 -0.00232695  0.00174794  0.0294082  0.0227592 0.00779322    3.76706 -0.0169902   -9.05679 
              76.803  -4.12705 -0.300765   8.30626     -0.181  0.0809639 -0.0945173 0 0 0   -0.011 -0.02329  0.04412    0.0120464 -0.000257601   0.00287426 -0.00609503 -0.00229954  0.00173839  0.0295366  0.0233364 0.00794567    3.76738 -0.0165735   -9.05666 
             76.9021  -4.17565 -0.301485    8.2376  -0.182598    0.08168 -0.0948885 0 0 0   -0.011 -0.02329  0.04412 0.00484879   0.001372 0.00156014 -0.00607203 -0.00230517  0.00177976  0.0295886  0.0228165 0.00790965    3.76724 -0.0170172   -9.05672 
             77.0061  -4.18103 -0.281498    8.2521  -0.182758  0.0817437 -0.0940357 0 0 0   -0.011 -0.02329  0.04412  0.00394562 0.000382032  0.00413329 -0.00607958 -0.00231739  0.00177278  0.0296562  0.0227521 0.00783872   3.76725 -0.017082  -9.05671 
             77.1022  -4.21388 -0.317363   8.31147  -0.183195  0.0811999 -0.0930251 0 0 0   -0.011 -0.02329  0.04412 4.9342e-05 -0.0029883 0.00553381 -0.00606872 -0.00229927  0.00174951  0.0297924  0.0226905 0.00779989    3.76731 -0.0171716   -9.05668 
             77.2073  -4.17419 -0.278609   8.30274  -0.183319  0.0807681 -0.0937473 0 0 0   -0.011 -0.02329  0.04412  0.00178003 -0.00180564  0.00250843 -0.00608436  -0.0023207   0.0017476  0.0298019  0.0225966 0.00792204    3.76732 -0.0172703   -9.05668 
              77.303  -4.19992 -0.277731   8.29557  -0.181007  0.0792844 -0.0928062 0 0 0   -0.011 -0.02329  0.04412  0.00811289 -0.00746483  0.00429494 -0.00607341 -0.00232371  0.00175627  0.0298709  0.0230126 0.00797578   3.76752 -0.016956   -9.0566 
             77.4018  -4.21357 -0.292088   8.33656   -0.18139  0.0756776 -0.0922006 0 0 0   -0.011 -0.02329  0.04412 0.00540339 -0.0135729 0.00547101  -0.0060655 -0.00231375  0.00173052  0.0303643  0.0229808 0.00811169     3.7679 -0.0171627   -9.05644 
             77.5021  -4.20255 -0.307691   8.29402  -0.183626  0.0759531 -0.0945891 0 0 0   -0.011 -0.02329  0.04412 -0.0027106 -0.0099883 -0.0035364 -0.00606534  -0.0023104  0.00175611  0.0302381  0.0223345 0.00822055    3.76762 -0.0176724   -9.05656 
             77.6019  -4.21081 -0.292026   8.25672   -0.18386  0.0806113 -0.0956703 0 0 0   -0.011 -0.02329  0.04412 -0.00173309  0.00421658 -0.00583817 -0.00606605 -0.00231941  0.00177524  0.0293724  0.0220109 0.00794449    3.76682 -0.0176179   -9.05689 
              77.703  -4.14609 -0.294101   8.29212  -0.181635  0.0813328 -0.0950845 0 0 0   -0.011 -0.02329  0.04412  0.00480454  0.00586534 -0.00210351 -0.00609888 -0.00232115  0.00175146  0.0292065  0.0224207 0.00787085    3.76682 -0.0172144   -9.05689 
              77.803   -4.2007 -0.306882   8.28932  -0.183765  0.0811526 -0.0948758 0 0 0   -0.011 -0.02329  0.04412 -0.00243712 0.000661909 0.000123426 -0.00607198 -0.00231212  0.00175524  0.0294682  0.0220844 0.00782854    3.76689 -0.0175713   -9.05686 
             77.9019 -4.22398 -0.28717  8.30103  -0.183136  0.0809993 -0.0939046 0 0 0   -0.011 -0.02329  0.04412 4.45681e-05  0.00402319  0.00298242 -0.00605707 -0.00232669  0.00174278  0.029501 0.0222897 0.0077854    3.76697 -0.0174068   -9.05683 
              78.003  -4.22877 -0.295858   8.28318  -0.183362  0.0825223 -0.0942387 0 0 0   -0.011 -0.02329  0.04412 0.00116088 0.00425319 0.00177632 -0.00606161 -0.00232554  0.00176313  0.0293199  0.0221589 0.00776636    3.76679 -0.0174518    -9.0569 
              78.103  -4.22722 -0.314629   8.31409  -0.184887  0.0842976 -0.0949487 0 0 0   -0.011 -0.02329  0.04412 -0.00477358  0.00776054 -0.00115678 -0.00606455 -0.00231708  0.00173248  0.0292006  0.0218054 0.00773473    3.76658 -0.0176983   -9.05699 
             78.2018  -4.28675 -0.320271   8.29477  -0.185852  0.0797024 -0.0948025 0 0 0   -0.011 -0.02329  0.04412  -0.00711707  -0.00456145 -0.000386114 -0.0060336 -0.0023125 0.00175111  0.0300301  0.0220312 0.00802651    3.76732 -0.0178301   -9.05668 
              78.303  -4.24737 -0.305341   8.26914  -0.185677  0.0801828 -0.0933448 0 0 0   -0.011 -0.02329  0.04412  -0.00606125 -1.44105e-05   0.00494046 -0.00605684 -0.00232034  0.00176095  0.0298572  0.0221912 0.00785514    3.76721 -0.0176164   -9.05673 
              78.402  -4.20881 -0.314192   8.29239  -0.180885   0.080166 -0.0926484 0 0 0   -0.011 -0.02329  0.04412   0.0100084 -0.00284628   0.0046183 -0.00608393 -0.00231458  0.00174875  0.0295107  0.0229976 0.00792162    3.76725 -0.0168503   -9.05671 
             78.5031  -4.21455 -0.303111   8.29389  -0.182351  0.0798091 -0.0931222 0 0 0   -0.011 -0.02329  0.04412  0.00433658 -0.00701725  0.00144892 -0.00608156 -0.00231945  0.00174993  0.0296311  0.0225614 0.00795472     3.7672 -0.0172523   -9.05673 
             78.6031  -4.22427 -0.311418   8.30085  -0.17988 0.0789857 -0.092318 0 0 0   -0.011 -0.02329  0.04412   0.010213  -0.005331 0.00426406 -0.00607236  -0.0023152  0.00174201  0.0295569  0.0229286 0.00795289    3.76727 -0.0169271    -9.0567 
             78.7031  -4.25074 -0.305962   8.27382  -0.180582  0.0814482 -0.0917196 0 0 0   -0.011 -0.02329  0.04412  0.00560636 0.000592112  0.00511191  -0.0060613 -0.00231866  0.00176329  0.0292346  0.0225207 0.00773083    3.76685 -0.0171198   -9.05688 
             78.8019   -4.2145 -0.310281   8.26329   -0.18324  0.0830155 -0.0930982 0 0 0   -0.011 -0.02329  0.04412 -0.00367417  0.00594541 -0.00103762 -0.00607868   -0.002315   0.0017651  0.0291755  0.0218801 0.00775157    3.76659 -0.0176256   -9.05698 
              78.903  -4.25909 -0.303673    8.3169  -0.184972  0.0803939 -0.0938126 0 0 0   -0.011 -0.02329  0.04412 -0.00523658 -0.00263844  -0.0020115 -0.00605532 -0.00231836  0.00174147   0.029717  0.0217857 0.00797491      3.767 -0.0179174   -9.05682 
             79.0029  -4.24913 -0.310961   8.26658  -0.184239  0.0797101 -0.0937936 0 0 0   -0.011 -0.02329  0.04412  -0.0037974 -0.00394212 -0.00175211 -0.00605974 -0.00231597  0.00176545  0.0296897  0.0220031 0.00800277    3.76706 -0.0177355   -9.05679 
             79.1021  -4.23153 -0.297553   8.30634  -0.176824  0.0778104 -0.0907594 0 0 0   -0.011 -0.02329  0.04412   0.0181704 -0.00703549  0.00747029 -0.00606467 -0.00232174  0.00174085  0.0294939  0.0233929 0.00794567   3.76738 -0.016532  -9.05666 
              79.203  -4.27324 -0.307743   8.30183  -0.176937   0.075828 -0.0903647 0 0 0   -0.011 -0.02329  0.04412  0.0134276 -0.0114939 0.00719215 -0.00604668 -0.00231902    0.001747  0.0297822   0.023145 0.00801645    3.76752 -0.0168411    -9.0566 
              79.303  -4.21516 -0.291571   8.28592 -0.178726 0.0786379 -0.090708 0 0 0   -0.011 -0.02329  0.04412  0.00512918 0.000136014   0.0046527 -0.00607711 -0.00232717  0.00175308  0.0294114  0.0224605 0.00783737    3.76698 -0.0172438   -9.05682 
             79.4031  -4.18943 -0.304294   8.25961  -0.182734  0.0828659 -0.0933293 0 0 0   -0.011 -0.02329  0.04412 -0.00471438  0.00662293 -0.00279138 -0.00609599 -0.00232094  0.00177215  0.0290194  0.0214074 0.00778263    3.76633 -0.0179561   -9.05709 
              79.503  -4.23431 -0.297826   8.32008  -0.183022  0.0796557 -0.0928305 0 0 0   -0.011 -0.02329  0.04412 -0.00567404 0.000879396 -0.00131723 -0.00606672 -0.00232172  0.00173198  0.0295867  0.0216938 0.00794202   3.76686 -0.017941  -9.05687 
             79.6029  -4.15528 -0.311313    8.3434 -0.184811 0.0787476 -0.094923 0 0 0   -0.011 -0.02329  0.04412 -0.00863461 -0.00530046 -0.00696757 -0.00611146 -0.00231348  0.00172554  0.0297223  0.0214391 0.00813723    3.76692 -0.0182222   -9.05685 
             79.7019  -4.22775 -0.272152   8.31535  -0.186476  0.0790052 -0.0958659 0 0 0   -0.011 -0.02329  0.04412 -0.00993981 -0.00286874  -0.0066713 -0.00606808 -0.00233578  0.00173287  0.0296576  0.0212673 0.00810496     3.7668 -0.0183337   -9.05689 
             79.8029  -4.16124 -0.303859   8.30199  -0.185244  0.0824198 -0.0949051 0 0 0   -0.011 -0.02329  0.04412 -0.00241735  0.00579894 -0.00168804 -0.00610332 -0.00232211    0.001749  0.0290508  0.0214693 0.00779178    3.76637 -0.0179166   -9.05707 
             79.9029  -4.30092 -0.309694   8.24112  -0.185453  0.0772599 -0.0928634 0 0 0   -0.011 -0.02329  0.04412 -0.00487775  -0.0090069    0.003555 -0.00602271 -0.00231631  0.00178156  0.0298869  0.0219198 0.00792049    3.76715 -0.0178603   -9.05675 
              80.003  -4.22963 -0.300194   8.32104  -0.182947  0.0786744 -0.0926159 0 0 0   -0.011 -0.02329  0.04412  0.00573549 -0.00109512   0.0048167 -0.00606263 -0.00232083   0.0017362  0.0293882  0.0222047 0.00786091    3.76688 -0.0174509   -9.05686 
              80.103  -4.22391 -0.283261   8.26754  -0.180341  0.0799563 -0.0914712 0 0 0   -0.011 -0.02329  0.04412    0.0100774 -0.000357651   0.00647037 -0.00606658  -0.0023325  0.00176807  0.0290693  0.0224492 0.00775193    3.76672 -0.0171284   -9.05693 
              80.203  -4.23115 -0.317993   8.30697  -0.179725  0.0797862 -0.0917467 0 0 0   -0.011 -0.02329  0.04412 0.00896732 0.00155238 0.00287058 -0.00606308 -0.00230938  0.00174184   0.029092  0.0223717 0.00783536   3.76673 -0.017211  -9.05693 
             80.3018  -4.17776 -0.308075   8.31013 -0.182073 0.0790609 -0.093365 0 0 0   -0.011 -0.02329  0.04412  0.00243321 -0.00280482 -0.00150369 -0.00609368 -0.00231789  0.00174609  0.0293648  0.0218228 0.00799755    3.76677 -0.0177692   -9.05691 
             80.4029  -4.25965 -0.299341   8.28404  -0.18289 0.0798915 -0.092289 0 0 0   -0.011 -0.02329  0.04412  -0.00310004 -0.000218905   0.00192547 -0.00604737 -0.00232328  0.00175374  0.0293059  0.0217102 0.00781546    3.76664 -0.0178111   -9.05696 
             80.5029   -4.2739 -0.279943   8.24436  -0.181009  0.0821926 -0.0923808 0 0 0   -0.011 -0.02329  0.04412 0.00588473 0.00717042 0.00272504 -0.00604207 -0.00233651  0.00178284  0.0288875  0.0218894 0.00776772     3.7664 -0.0175154   -9.05706 
              80.603  -4.26321 -0.328071   8.26727  -0.181219  0.0803011 -0.0922953 0 0 0   -0.011 -0.02329  0.04412 0.00171841  0.0024055 0.00103297 -0.00604814 -0.00231109  0.00177112  0.0292803  0.0219131 0.00790756    3.76672 -0.0176546   -9.05693 
             80.7029  -4.23422 -0.291647   8.30725  -0.179177  0.0799621 -0.0923538 0 0 0   -0.011 -0.02329  0.04412  0.00592636  0.00315972 0.000144528 -0.00605783 -0.00232746  0.00174488  0.0292461  0.0222122 0.00798874    3.76682 -0.0174174   -9.05689 
             80.8019  -4.26206 -0.292753   8.24344  -0.178895  0.0806468 -0.0929662 0 0 0   -0.011 -0.02329  0.04412  0.00650461  0.00333529 -0.00195103 -0.00605029 -0.00233115  0.00178082  0.0291993  0.0220898 0.00801545    3.76675 -0.0175024   -9.05692 
              80.903  -4.25064 -0.308707   8.24425  -0.178028  0.0785189 -0.0928086 0 0 0   -0.011 -0.02329  0.04412    0.0062372 -7.11665e-05 -0.000372178 -0.00605208 -0.00232251  0.00178034   0.029541  0.0222796 0.00813294    3.76708 -0.0174897   -9.05678 
             81.0032  -4.30298 -0.299059   8.27206  -0.182329  0.0798069 -0.0931511 0 0 0   -0.011 -0.02329  0.04412  -0.00610335   0.00143822 -0.000225663 -0.00602885  -0.0023263  0.00176736  0.0296753  0.0215092 0.00800722    3.76687 -0.0181267   -9.05687 
             81.1029  -4.26027 -0.279605   8.29339  -0.186205   0.082208 -0.0938611 0 0 0   -0.011 -0.02329  0.04412  -0.0154328  0.00869107 -0.00244708 -0.00605505 -0.00233461  0.00174547  0.0295717   0.020921 0.00789383    3.76656 -0.0185373     -9.057 
              81.203  -4.24935 -0.281966   8.29073  -0.184274  0.0811422 -0.0928651 0 0 0   -0.011 -0.02329  0.04412 -0.00433574  0.00423946  0.00260402 -0.00606215 -0.00233555  0.00175753  0.0296458  0.0215408 0.00795346    3.76684 -0.0180836   -9.05688 
             81.3029  -4.29113 -0.314222   8.30678  -0.182979  0.0810815 -0.0931453 0 0 0   -0.011 -0.02329  0.04412 -0.00261585  0.00246898 -0.00123713  -0.0060396 -0.00231395  0.00174403  0.0295663  0.0217917 0.00804372     3.7669 -0.0178722   -9.05685 
             81.4031 -4.17575 -0.29557  8.33755  -0.182019  0.0795917 -0.0938207 0 0 0   -0.011 -0.02329  0.04412  0.00367061 -0.00183297 -0.00174375 -0.00610367 -0.00232546  0.00172853  0.0297168  0.0219943 0.00820973    3.76712 -0.0177919   -9.05676 
              81.503  -4.25781 -0.295113   8.24371  -0.182403  0.0803833 -0.0936633 0 0 0   -0.011 -0.02329  0.04412  0.000752157 -0.000497428 -0.000758635 -0.00605895    -0.00233  0.00178309  0.0296439  0.0218497 0.00811775      3.767 -0.0178656   -9.05682 
             81.6029  -4.22841 -0.313048    8.2799  -0.181973  0.0785692 -0.0932714 0 0 0   -0.011 -0.02329  0.04412  0.00227415 -0.00327452 0.000753557 -0.00607177 -0.00231736  0.00175785  0.0298766  0.0220274 0.00818053   3.76723 -0.017818  -9.05672 
             81.7015   -4.2128 -0.293831   8.28605 -0.182697 0.0791827 -0.092958 0 0 0   -0.011 -0.02329  0.04412 0.000790118 -0.00370837  0.00250504 -0.00608509 -0.00232899  0.00176413  0.0298006  0.0218416 0.00808509    3.76709 -0.0179219   -9.05678 
              81.803  -4.24876 -0.305907   8.26137  -0.184416  0.0798542 -0.0939679 0 0 0   -0.011 -0.02329  0.04412  -0.0048329  0.00161866 -0.00217616 -0.00605911 -0.00232223  0.00176765  0.0297743  0.0214999 0.00811749    3.76696 -0.0181853   -9.05683 
             81.9017  -4.24213 -0.281139   8.34522  -0.183182  0.0773687 -0.0935277 0 0 0   -0.011 -0.02329  0.04412 0.000208559  -0.0069525 0.000968433 -0.00606638 -0.00233248  0.00172872  0.0300074  0.0218816 0.00822761    3.76728 -0.0179875    -9.0567 
              82.003  -4.20331 -0.323291    8.2894  -0.185702  0.0758914 -0.0928989 0 0 0   -0.011 -0.02329  0.04412 -0.00771137 -0.00958934  0.00243696 -0.00608408 -0.00231175  0.00175316 0.0302704 0.0216208 0.0081735    3.76735 -0.0182769   -9.05667 
              82.103  -4.21617 -0.307193   8.30602    -0.1833  0.0802173 -0.0935457 0 0 0   -0.011 -0.02329  0.04412   0.00334702   0.00442318 -0.000137712 -0.00607797 -0.00232187  0.00175018  0.0293988  0.0217082 0.00803625    3.76676 -0.0178745   -9.05691 
             82.2029  -4.22394 -0.288212   8.26385  -0.181275   0.081604 -0.0929222 0 0 0   -0.011 -0.02329  0.04412 0.00616673 0.00550073 0.00070594 -0.00608042 -0.00233121  0.00177222  0.0291564  0.0219213 0.00795494    3.76666 -0.0176086   -9.05696 
             82.3029  -4.26037 -0.305513    8.2275  -0.182932  0.0831453 -0.0924863 0 0 0   -0.011 -0.02329  0.04412 0.00186077  0.0104594  0.0042475  -0.0060522 -0.00232569  0.00179112   0.029219  0.0215884 0.00785355    3.76655 -0.0178744     -9.057 
              82.403  -4.27636 -0.303805   8.27401  -0.185637  0.0847049 -0.0925508 0 0 0   -0.011 -0.02329  0.04412 -0.00618606   0.0099611    0.003287 -0.00604976 -0.00232279  0.00176847  0.0293189  0.0211607 0.00781694    3.76645 -0.0182366   -9.05704 
             82.5021   -4.2294 -0.283676   8.24791  -0.183361  0.0837076 -0.0924721 0 0 0   -0.011 -0.02329  0.04412 0.00163394  0.0080386 0.00133673 -0.00607107 -0.00233648  0.00177964  0.0293941  0.0216345 0.00799261    3.76672 -0.0179248   -9.05693 
              82.603  -4.18991 -0.296567   8.30657  -0.181915  0.0828812 -0.0913304 0 0 0   -0.011 -0.02329  0.04412  0.00476465 0.000945391  0.00570763  -0.0060986 -0.00232611  0.00175509  0.0295141  0.0219134 0.00800365    3.76691 -0.0177547   -9.05685 
              82.703  -4.21177 -0.299132   8.27613  -0.182798  0.0795501 -0.0924901 0 0 0   -0.011 -0.02329  0.04412 0.000826193  -0.0056693 0.000536911 -0.00609007  -0.0023226  0.00176675  0.0300171   0.021847 0.00831466    3.76729 -0.0180387   -9.05669 
             82.8029  -4.22275 -0.289268   8.28952  -0.184836  0.0811621 -0.0957806 0 0 0   -0.011 -0.02329  0.04412 -0.000683497  -0.00153289  -0.00644359 -0.00608088 -0.00232963  0.00176506  0.0298502  0.0212746 0.00847896   3.76701 -0.018445  -9.05681 
             82.9031  -4.22993 -0.305631   8.25161 -0.181547 0.0817711 -0.095098 0 0 0   -0.011 -0.02329  0.04412  0.00684199  0.00376085 -0.00333208 -0.00607892 -0.00232101  0.00178453  0.0295649  0.0217494 0.00837672    3.76697 -0.0179593   -9.05683 
              83.003  -4.17836 -0.317815   8.25491  -0.180712  0.0821607 -0.0938229 0 0 0   -0.011 -0.02329  0.04412 0.00580507 0.00531499   0.002208 -0.00610076 -0.00231512  0.00178543  0.0295859  0.0218663 0.00824039    3.76699 -0.0178556   -9.05682 
             83.1029  -4.17971 -0.297913   8.19853  -0.182193  0.0862719 -0.0929037 0 0 0   -0.011 -0.02329  0.04412 -0.000330718    0.0123022   0.00489877 -0.00609847 -0.00232923  0.00181609  0.0292821  0.0214378 0.00796382    3.76657 -0.0180281   -9.05699 
              83.203  -4.22884 -0.295873   8.28336   -0.18455  0.0857279 -0.0932013 0 0 0   -0.011 -0.02329  0.04412 -0.00596065  0.00993578   0.0034649 -0.00606805 -0.00232761  0.00176604    0.02965  0.0211965 0.00808771   3.76675 -0.018368  -9.05692 
             83.3029  -4.22016 -0.264255   8.29135   -0.18801   0.081186 -0.0949707 0 0 0   -0.011 -0.02329  0.04412  -0.0115931 -0.00641716 -0.00172837 -0.00607336 -0.00234458  0.00176403  0.0304624  0.0210028 0.00849687    3.76731 -0.0188819   -9.05668 
             83.4029  -4.21295 -0.311264   8.25231  -0.185367  0.0775747 -0.0937331 0 0 0   -0.011 -0.02329  0.04412 -0.00342573  -0.0123439  0.00201984 -0.00606967 -0.00231808  0.00178063  0.0305959  0.0217168 0.00857676    3.76768 -0.0184016   -9.05653 
              83.503   -4.2232 -0.309235   8.34295  -0.184567  0.0792358 -0.0945841 0 0 0   -0.011 -0.02329  0.04412   0.00164418  -0.00668199 -0.000101317 -0.00607044 -0.00231576  0.00174157  0.0301546   0.021641 0.00854223    3.76735 -0.0182898   -9.05667 
             83.6029  -4.14181 -0.308587   8.23868  -0.179816  0.0813066 -0.0933429 0 0 0   -0.011 -0.02329  0.04412    0.013022 -0.00187717  0.00181891 -0.00611199 -0.00232077  0.00178785  0.0295322  0.0221441 0.00836047    3.76709 -0.0176475   -9.05678 
             83.7028  -4.21929 -0.286916   8.28494  -0.182866   0.078014 -0.0934873 0 0 0   -0.011 -0.02329  0.04412  0.00240317 -0.00784228  0.00285448 -0.00606866 -0.00233305  0.00176997   0.030209  0.0217467 0.00848712    3.76742 -0.0182211   -9.05664 
              83.803  -4.26548 -0.307449   8.31125  -0.181382  0.0793384 -0.0921807 0 0 0   -0.011 -0.02329  0.04412 0.00556148 -0.0035271 0.00638833 -0.00604603 -0.00231963  0.00175466    0.02988  0.0218285 0.00830909   3.76719 -0.018008  -9.05673 
             83.9029  -4.23453 -0.299012   8.27699  -0.182643   0.082586 -0.0929284 0 0 0   -0.011 -0.02329  0.04412 0.00127364 0.00704822 0.00183473 -0.00605516  -0.0023261  0.00176967 0.0295547 0.0213582  0.008232    3.76678 -0.0182299    -9.0569 
             84.0028  -4.23517 -0.239322   8.31721  -0.189776  0.0807701 -0.0943497 0 0 0   -0.011 -0.02329  0.04412   -0.0171429  -0.00123824 -0.000762532 -0.00605837 -0.00235632  0.00175073  0.0302772  0.0204955 0.00837758    3.76696 -0.0191753   -9.05683 
             84.1019  -4.21256 -0.304576   8.27027 -0.188124 0.0806093  -0.09481 0 0 0   -0.011 -0.02329  0.04412   -0.0091829 -0.000330597  -0.00321596 -0.00606784 -0.00231922  0.00176906  0.0300563  0.0209269 0.00846383     3.767 -0.018781  -9.05681 
             84.2018  -4.22047 -0.291561   8.30266  -0.187209  0.0826969 -0.0947615 0 0 0   -0.011 -0.02329  0.04412 -0.00126135  0.00384627 0.000121319 -0.00606718 -0.00232947  0.00176165     0.0297  0.0210239 0.00836241    3.76678 -0.0185585    -9.0569 
             84.3028  -4.17921 -0.299847   8.23928  -0.181906  0.0842207 -0.0927116 0 0 0   -0.011 -0.02329  0.04412  0.0101558 0.00666153 0.00354891 -0.00608542 -0.00232538  0.00178782  0.0292372  0.0217546 0.00820286    3.76672 -0.0178089   -9.05693 
             84.4018  -4.24874 -0.317625   8.22484  -0.177628  0.0817542 -0.0907791 0 0 0   -0.011 -0.02329  0.04412    0.0206612 -0.000419965    0.0082343 -0.00604563  -0.0023177  0.00180312  0.0294428  0.0223929 0.00827419    3.76711 -0.0174178   -9.05677 
             84.5029  -4.23476 -0.313875   8.27494  -0.173658  0.0806798 -0.0898953 0 0 0   -0.011 -0.02329  0.04412   0.0243419 -0.00345067  0.00788629 -0.00605641 -0.00231852  0.00177034   0.029428  0.0226697 0.00834423    3.76723 -0.0172162   -9.05672 
             84.6029  -4.24607 -0.299841   8.29547  -0.175146  0.0811034 -0.0921095 0 0 0   -0.011 -0.02329  0.04412    0.0151768   0.00021065 -0.000216586 -0.00604778 -0.00232475  0.00175942  0.0295513   0.022019 0.00851869     3.7671 -0.0177772   -9.05677 
             84.7018  -4.17991 -0.303662   8.27042  -0.177582  0.0803889 -0.0940117 0 0 0   -0.011 -0.02329  0.04412  0.00488862 -0.00534755  -0.0048951 -0.00608853 -0.00232744  0.00177654 0.0298337 0.0214634 0.0086511     3.7671 -0.0183199   -9.05677 
             84.8029  -4.25132 -0.305602   8.24725  -0.181342  0.0807514 -0.0942924 0 0 0   -0.011 -0.02329  0.04412 -0.00627103 0.000352915 -0.00401755 -0.00604497 -0.00232544  0.00178354  0.0300348  0.0209371 0.00853163      3.767 -0.0187688   -9.05681 
             84.9029  -4.20151 -0.302017   8.28294   -0.18576  0.0815072 -0.0951835 0 0 0   -0.011 -0.02329  0.04412  -0.0149315 -0.00128616 -0.00398758  -0.0060761 -0.00232814  0.00176977  0.0301733  0.0203869 0.00847864    3.76686 -0.0192217   -9.05687 
             85.0029   -4.2479 -0.302214   8.27911  -0.181933  0.0804577 -0.0928605 0 0 0   -0.011 -0.02329  0.04412   -0.0039292 -0.000270722    0.0025033 -0.00604785 -0.00232564  0.00176743  0.0299776  0.0212254 0.00836413    3.76703 -0.0185065    -9.0568 
             85.1018   -4.2486 -0.321834   8.21991 -0.180854 0.0828792 -0.091707 0 0 0   -0.011 -0.02329  0.04412 0.00355931 0.00757293 0.00707177 -0.00604314 -0.00232185  0.00180735  0.0296615     0.0213 0.00820885    3.76682 -0.0183053   -9.05689 
             85.2029  -4.24009 -0.307955   8.31747  -0.176984  0.0831671 -0.0904521 0 0 0   -0.011 -0.02329  0.04412  0.0110068 0.00278921 0.00704723 -0.00604682 -0.00232708  0.00175182  0.0294616  0.0217532 0.00821851    3.76687 -0.0178954   -9.05687 
             85.3019  -4.26682 -0.281409   8.27117  -0.179892  0.0843455 -0.0939556 0 0 0   -0.011 -0.02329  0.04412 0.00262507   0.006101 -0.0050044 -0.00602763 -0.00234166  0.00177021  0.0295654  0.0210431 0.00849425    3.76673 -0.0185043   -9.05693 
             85.4028   -4.2256 -0.296882   8.31655   -0.18094  0.0796794 -0.0941761 0 0 0   -0.011 -0.02329  0.04412 -0.000106629  -0.00936791   -0.0030756  -0.0060616 -0.00233104  0.00174936  0.0302403  0.0211597 0.00869108    3.76725 -0.0187089   -9.05671 
              85.503  -4.20452 -0.317119   8.23771 -0.183926 0.0780928 -0.095896 0 0 0   -0.011 -0.02329  0.04412  -0.0095325 -0.00860527 -0.00762894 -0.00606451 -0.00232276  0.00179028 0.0304951 0.0208077 0.0088054     3.7673 -0.0190848   -9.05669 
             85.6018  -4.21906 -0.324092   8.30943  -0.186009  0.0803563 -0.0965169 0 0 0   -0.011 -0.02329  0.04412  -0.0128942 -0.00349162 -0.00658857 -0.00605858 -0.00231618  0.00175602  0.0301891  0.0204955 0.00862455    3.76694 -0.0191676   -9.05684 
             85.7029  -4.24458 -0.298567   8.23541  -0.185021  0.0817454 -0.0940119 0 0 0   -0.011 -0.02329  0.04412 -0.00655098  0.00360863  0.00212908 -0.00604096 -0.00233357  0.00178824  0.0299161  0.0208171 0.00830621    3.76682 -0.0187744   -9.05689 
             85.8029  -4.26321 -0.296123   8.32129  -0.183534  0.0776409 -0.0930495 0 0 0   -0.011 -0.02329  0.04412 0.000457064  -0.0086401    0.004734 -0.00603111 -0.00233357  0.00174681  0.0303081  0.0213253 0.00848668    3.76731 -0.0185826   -9.05668 
              85.903  -4.22553 -0.301437   8.26655  -0.179955  0.0766773 -0.0914771 0 0 0   -0.011 -0.02329  0.04412  0.00718139 -0.00947007  0.00687196 -0.00605351 -0.00232908  0.00177275  0.0300851  0.0218078 0.00844112   3.76735 -0.018136  -9.05667 
             86.0029  -4.21594 -0.300272   8.33096  -0.178612  0.0794524 -0.0931729 0 0 0   -0.011 -0.02329  0.04412   0.0136719 0.000702049 0.000917548 -0.00605637 -0.00232864   0.0017389  0.0296009  0.0215633 0.00849637    3.76696 -0.0181368   -9.05683 
             86.1028   -4.2197 -0.305169   8.30101  -0.177684   0.080988 -0.0927565 0 0 0   -0.011 -0.02329  0.04412 0.00879766 0.00229045 0.00139519 -0.00605992 -0.00232802  0.00175789  0.0294462  0.0214495 0.00838686   3.76679 -0.018142   -9.0569 
             86.2029 -4.23251 -0.31463  8.22608  -0.183676  0.0818002 -0.0955258 0 0 0   -0.011 -0.02329  0.04412 -0.00889716  0.00658232 -0.00678832 -0.00604919  -0.0023218  0.00179579  0.0297829  0.0205176 0.00851372    3.76667 -0.0189729   -9.05695 
             86.3028  -4.21216 -0.310454   8.27202  -0.184784  0.0810072 -0.0954641 0 0 0   -0.011 -0.02329  0.04412 -0.00794461 0.000587942 -0.00377636 -0.00606734 -0.00232714  0.00177753  0.0299648  0.0205548 0.00850865    3.76679 -0.0190156    -9.0569 
             86.4027  -4.23248 -0.297133   8.27224  -0.183851   0.080809 -0.0935541 0 0 0   -0.011 -0.02329  0.04412 -0.00622409  0.00206847  0.00178208 -0.00604876 -0.00233233  0.00176635  0.0299247  0.0208992 0.00834712    3.76687 -0.0187236   -9.05687 
              86.503  -4.27374 -0.305956   8.35979  -0.183206  0.0795733 -0.0931531 0 0 0   -0.011 -0.02329  0.04412 -6.45928e-05  -0.00350004   0.00337358 -0.00602836 -0.00232554  0.00173007 0.0300079 0.0211101 0.0084141    3.76702 -0.0186145    -9.0568 
             86.6029  -4.22108 -0.308377   8.31077  -0.183561  0.0779842 -0.0947458 0 0 0   -0.011 -0.02329  0.04412 -0.00225088 -0.00585269 -0.00237097 -0.00605413 -0.00232594  0.00175049  0.0301251  0.0210641 0.00863516    3.76712 -0.0187299   -9.05676 
             86.7028  -4.21089 -0.294123   8.29887  -0.181156  0.0776038 -0.0939704 0 0 0   -0.011 -0.02329  0.04412  0.00664969 -0.00607407 0.000561368 -0.00605564 -0.00233607  0.00176213  0.0299618  0.0213872 0.00857795    3.76714 -0.0184233   -9.05676 
             86.8029  -4.20904 -0.306292   8.29495  -0.177722  0.0776473 -0.0917019 0 0 0   -0.011 -0.02329  0.04412   0.0117635 -0.00533953  0.00631764 -0.00606104 -0.00232738  0.00176197 0.0297279  0.021769 0.0083919     3.7671 -0.0180256   -9.05677 
             86.9028 -4.22541 -0.29906  8.24783   -0.18254  0.0806123 -0.0939936 0 0 0   -0.011 -0.02329  0.04412 -0.00175906  0.00593114 -0.00112547  -0.0060453 -0.00233349  0.00178668   0.029704  0.0207833 0.00841225     3.7667 -0.0187305   -9.05694 
             87.0027  -4.22489 -0.297801   8.32628  -0.182414  0.0829529 -0.0954489 0 0 0   -0.011 -0.02329  0.04412 9.46373e-05   0.0072145 -0.00438033 -0.00605238 -0.00233174  0.00174819  0.0294442  0.0206375 0.00845099  3.76649 -0.01874 -9.05702 
             87.1028 -4.21217 -0.28903  8.26776  -0.181429  0.0821007 -0.0925832 0 0 0   -0.011 -0.02329  0.04412 -0.000228324   0.00486741   0.00486532 -0.00604918 -0.00233954  0.00177175  0.0296264  0.0210032 0.00824518     3.7667 -0.0185152   -9.05694 
             87.2017  -4.28033 -0.313069   8.29086  -0.186465   0.079024 -0.0940368 0 0 0   -0.011 -0.02329  0.04412  -0.0110344 -0.00620751  0.00129372 -0.00602356 -0.00232273  0.00176979  0.0303072   0.020535 0.00849698    3.76699 -0.0191597   -9.05681 
              87.302   -4.2502 -0.284701   8.25569  -0.185025  0.0806055 -0.0933632 0 0 0   -0.011 -0.02329  0.04412 -0.00436439  0.00120059  0.00180377  -0.0060365 -0.00234171  0.00177632  0.0299099  0.0207277 0.00838827     3.7668 -0.0188476   -9.05689 
             87.4009 -4.23509 -0.30718   8.2893  -0.182285  0.0782383 -0.0926196 0 0 0   -0.011 -0.02329  0.04412  0.00532096 -0.00467209  0.00464717  -0.0060425 -0.00232843  0.00176946  0.0299906  0.0212399 0.00850721    3.76708 -0.0185344   -9.05678 
             87.5028  -4.23552 -0.306858   8.27476  -0.182426  0.0761566 -0.0926879 0 0 0   -0.011 -0.02329  0.04412 0.00265907 -0.0121218 0.00286458 -0.00604353 -0.00232658  0.00176994 0.0301746 0.0212303 0.0086064    3.76721 -0.0186305   -9.05672 
             87.6027  -4.19566 -0.313787    8.2236  -0.181984  0.0798646 -0.0934117 0 0 0   -0.011 -0.02329  0.04412    0.0039744   0.00215057 -0.000516446 -0.00605608 -0.00233073  0.00180198  0.0296364  0.0209442 0.00849423    3.76674 -0.0186019   -9.05692 
             87.7029  -4.20797 -0.306041   8.26337  -0.179724  0.0824771 -0.0933087 0 0 0   -0.011 -0.02329  0.04412  0.00975917  0.00533237 0.000832164 -0.00605296 -0.00233291  0.00178145    0.02924  0.0210048 0.00840072     3.7665 -0.0183861   -9.05702 
             87.8027  -4.18607 -0.295652   8.25474   -0.18063  0.0832703 -0.0924928 0 0 0   -0.011 -0.02329  0.04412 0.00417667  0.0081962 0.00312008 -0.00606381 -0.00233756  0.00178081  0.0293639  0.0208296 0.00829481    3.76649 -0.0185411   -9.05703 
             87.9028  -4.21118 -0.311517   8.27748  -0.183926  0.0818118 -0.0937239 0 0 0   -0.011 -0.02329  0.04412  -0.00445786   1.6425e-05 -0.000676066 -0.00605706 -0.00232738  0.00177769  0.0298105  0.0204698 0.00847062    3.76665 -0.0190016   -9.05696 
             88.0029  -4.20007 -0.312882   8.26118  -0.185295  0.0824555 -0.0940967 0 0 0   -0.011 -0.02329  0.04412 -0.00720792  0.00296672 -0.00190844 -0.00605995 -0.00232608  0.00177419  0.0297977   0.020332 0.00845792    3.76658 -0.0190908   -9.05698 
             88.1027  -4.23173 -0.300544   8.27449  -0.181642   0.083451 -0.0929807 0 0 0   -0.011 -0.02329  0.04412 0.00487633 0.00392197 0.00206766 -0.00604177 -0.00233446  0.00177174 0.0294701 0.0208183 0.0083827    3.76657 -0.0186071   -9.05699 
             88.2027  -4.18473 -0.306077   8.26996  -0.179233   0.081293 -0.0927124 0 0 0   -0.011 -0.02329  0.04412  0.00882097 -0.00201739  0.00225361 -0.00607391 -0.00232986  0.00177399   0.029592  0.0211632 0.00850575    3.76681 -0.0184362   -9.05689 
             88.3029  -4.26166 -0.312391   8.25179  -0.177032  0.0800059 -0.0918924 0 0 0   -0.011 -0.02329  0.04412   0.0137567 -0.00386596   0.0036372 -0.00602834 -0.00232985  0.00178248 0.0296539 0.0213896 0.0085208    3.76694 -0.0183061   -9.05684 
             88.4027  -4.24751 -0.318702   8.26182  -0.180436  0.0800576 -0.0933467 0 0 0   -0.011 -0.02329  0.04412 0.000116094 -0.00423345 -0.00141231  -0.0060404 -0.00232477  0.00177797  0.0298694  0.0207739 0.00858959    3.76683 -0.0188322   -9.05688 
             88.5027  -4.22298 -0.318999    8.2246  -0.181673  0.0775262 -0.0917395 0 0 0   -0.011 -0.02329  0.04412 -0.00256474 -0.00701335  0.00455216 -0.00604665 -0.00232591  0.00179359 0.0302127 0.0208391 0.0085149    3.76705 -0.0189129   -9.05679 
             88.6029  -4.20797 -0.309331    8.2899   -0.18107   0.076655 -0.0941533 0 0 0   -0.011 -0.02329  0.04412 -0.000635433   -0.0108868  -0.00386894 -0.00606192 -0.00232808  0.00176336   0.030104   0.020805 0.00877973    3.76703 -0.0189373    -9.0568 
             88.7027  -4.25056 -0.316001   8.27208 -0.183628   0.07776 -0.095366 0 0 0   -0.011 -0.02329  0.04412 -0.00778449 -0.00218085 -0.00663763 -0.00603122 -0.00232378  0.00176626  0.0300411  0.0204144 0.00872856    3.76682 -0.0191729   -9.05689 
             88.8027  -4.21314 -0.306372    8.3119 -0.181289 0.0771081 -0.092613 0 0 0   -0.011 -0.02329  0.04412   0.0019546 -0.00555436  0.00397873 -0.00605376 -0.00233014  0.00174972   0.029936  0.0208781 0.00848913    3.76689 -0.0187704   -9.05686 
             88.9029  -4.21776 -0.288104   8.29446  -0.182439  0.0765425 -0.0917017 0 0 0   -0.011 -0.02329  0.04412 -0.00429516 -0.00468446  0.00525865 -0.00605342 -0.00233737   0.0017544  0.0300223  0.0207707 0.00842129   3.76689 -0.018868  -9.05686 
             89.0028  -4.23116 -0.297727   8.29702  -0.180555  0.0796322 -0.0922406 0 0 0   -0.011 -0.02329  0.04412 0.00577789 0.00389603  0.0031642 -0.00604443 -0.00233353   0.0017574  0.0294987  0.0207607 0.00840559    3.76657 -0.0186601   -9.05699 
             89.1026  -4.30705 -0.305677   8.27884  -0.176915  0.0810755 -0.0909014 0 0 0   -0.011 -0.02329  0.04412  0.0117094 0.00761202 0.00579431 -0.00600609 -0.00232958  0.00176861  0.0292082  0.0210783 0.00832166    3.76651 -0.0183096   -9.05702 
             89.2028  -4.21145 -0.303321   8.27303 -0.178169 0.0794581 -0.090149 0 0 0   -0.011 -0.02329  0.04412  0.0055294  0.0026237 0.00658449 -0.00605429 -0.00232869  0.00177202  0.0296125  0.0209654 0.00836276    3.76671 -0.0185578   -9.05693 
             89.3027  -4.23438 -0.308327    8.2763  -0.179884  0.0804622 -0.0921253 0 0 0   -0.011 -0.02329  0.04412  0.000893284   0.00242087 -0.000839759 -0.00604607  -0.0023255  0.00176946  0.0296301  0.0205686 0.00852641    3.76659 -0.0188657   -9.05698 
             89.4027  -4.22614 -0.319252   8.29445  -0.179924   0.082968 -0.0932265 0 0 0   -0.011 -0.02329  0.04412 0.000468758   0.0100249  -0.0048325 -0.00604403 -0.00232013  0.00175561   0.029395  0.0204071 0.00852365    3.76639 -0.0188808   -9.05707 
             89.5028  -4.23227 -0.294029   8.23616  -0.181758  0.0830075 -0.0930347 0 0 0   -0.011 -0.02329  0.04412 -0.00326987   0.0064222 -0.00200395 -0.00604306 -0.00233554  0.00179307  0.0296395  0.0202856 0.00848461    3.76647 -0.0190565   -9.05703 
             89.6027  -4.22678 -0.319195   8.21832  -0.183807  0.0804192 -0.0930809 0 0 0   -0.011 -0.02329  0.04412 -0.00930794 -0.00139141 -0.00133546 -0.00604681 -0.00232035  0.00179801  0.0300683  0.0203022 0.00857519    3.76675 -0.0192351   -9.05691 
             89.7026  -4.22294 -0.316725   8.25235  -0.182095  0.0787432 -0.0919507 0 0 0   -0.011 -0.02329  0.04412 -0.00047803 -0.00623792  0.00220932 -0.00604918 -0.00232094  0.00178207  0.0300896  0.0207083 0.00857027    3.76693 -0.0189676   -9.05684 
             89.8028  -4.30097 -0.304353     8.278  -0.177585  0.0792741 -0.0905951 0 0 0   -0.011 -0.02329  0.04412   0.00881805 -0.000545238   0.00423569 -0.00601121 -0.00232664  0.00176659  0.0296885  0.0211737 0.00849436    3.76687 -0.0184762   -9.05686 
             89.9028  -4.22857 -0.316984   8.25127  -0.181562  0.0770226 -0.0927069 0 0 0   -0.011 -0.02329  0.04412 -0.00139629 -0.00687514 -0.00204071 -0.00604711 -0.00231965  0.00177891  0.0301899  0.0206968 0.00873999    3.76702 -0.0190449    -9.0568 
             90.0026  -4.20779 -0.311638    8.3269  -0.185553  0.0743073 -0.0954023 0 0 0   -0.011 -0.02329  0.04412  -0.0129918  -0.0141234 -0.00963933  -0.0060645 -0.00232066  0.00173791   0.030589  0.0203131 0.00898147    3.76714 -0.0195081   -9.05675 
             90.1028   -4.2336 -0.289297   8.31422  -0.182945  0.0787079 -0.0952846 0 0 0   -0.011 -0.02329  0.04412 -0.00196907  0.00321663 -0.00643705 -0.00605031 -0.00232985  0.00174232  0.0297799  0.0204377 0.00871265    3.76667 -0.0190459   -9.05695 
             90.2028  -4.20403 -0.315654   8.28454 -0.181925 0.0804212 -0.093288 0 0 0   -0.011 -0.02329  0.04412 0.00210947 0.00383546 0.00179233 -0.00606851 -0.00232051  0.00176189 0.0295971 0.0205654 0.0084343    3.76656 -0.0188376     -9.057 
             90.3026  -4.26256 -0.329261   8.21742  -0.181623  0.0780369 -0.0926721 0 0 0   -0.011 -0.02329  0.04412 -8.36413e-05  0.000199136   0.00198072  -0.0060308 -0.00231431   0.0017956  0.0298844  0.0207847 0.00851499    3.76683 -0.0188223   -9.05688 
             90.4028  -4.29072 -0.304289   8.30351  -0.182219  0.0772434 -0.0924574 0 0 0   -0.011 -0.02329  0.04412 0.000372057 -0.00289811  0.00324967 -0.00601984 -0.00232813  0.00175148  0.0300162  0.0207555 0.00854436     3.7669 -0.0189012   -9.05685 
             90.5027  -4.24159 -0.289722   8.30319  -0.181962  0.0782965 -0.0923228 0 0 0   -0.011 -0.02329  0.04412 5.63986e-05  0.00180287  0.00200065 -0.00604915 -0.00233692  0.00174804  0.0298543  0.0206865 0.00850758    3.76677 -0.0188742   -9.05691 
             90.6027  -4.21173 -0.288422   8.26634  -0.182267  0.0790669 -0.0919658 0 0 0   -0.011 -0.02329  0.04412 -6.66014e-05   0.00249641   0.00274373 -0.00606152 -0.00233882   0.0017686  0.0298211  0.0206364 0.00846747    3.76673 -0.0188872   -9.05693 
             90.7016   -4.2387 -0.328096   8.26098  -0.180469  0.0789461 -0.0928903 0 0 0   -0.011 -0.02329  0.04412  0.00485747 0.000906385 -0.00123507 -0.00605338 -0.00231748  0.00177469  0.0297077  0.0207823 0.00861271    3.76675 -0.0187684   -9.05692 
             90.8027  -4.23071 -0.306148   8.24068  -0.176968  0.0802804 -0.0922222 0 0 0   -0.011 -0.02329  0.04412  0.0123492 0.00597179  0.0010531  -0.0060491 -0.00233208  0.00178192 0.0294063 0.0210635 0.0085406    3.76668 -0.0184448   -9.05695 
             90.9026  -4.21831 -0.301553   8.29281  -0.179704  0.0828925 -0.0937589 0 0 0   -0.011 -0.02329  0.04412  0.00250919   0.0079831 -0.00309869 -0.00606129 -0.00233126  0.00175532  0.0294328  0.0204769 0.00853965    3.76645 -0.0188438   -9.05704 
             91.0028  -4.23948 -0.321094   8.20325  -0.181342  0.0792732 -0.0925018 0 0 0   -0.011 -0.02329  0.04412 -0.00239901 0.000547894  0.00242575 -0.00605143 -0.00232406  0.00180358  0.0300386  0.0206143 0.00855931    3.76686 -0.0190076   -9.05687 
             91.1027  -4.26127 -0.322494   8.28863  -0.182187  0.0766349 -0.0928143 0 0 0   -0.011 -0.02329  0.04412 -0.00516054 -0.00915556 0.000860229 -0.00603893 -0.00232192   0.0017566 0.0303316 0.0206792 0.0087031    3.76708 -0.0191116   -9.05678 
             91.2028  -4.23924 -0.265692   8.27713  -0.186103  0.0757697 -0.0934657 0 0 0   -0.011 -0.02329  0.04412  -0.0149138 -0.00725725 -0.00147143 -0.00605438 -0.00234876  0.00175445  0.0305418  0.0203206 0.00871644   3.76705 -0.019436  -9.05679 
             91.3028  -4.23887 -0.312351   8.26999  -0.183893  0.0798505 -0.0926563 0 0 0   -0.011 -0.02329  0.04412 -0.00298515  0.00546393  0.00183945 -0.00605574 -0.00232806  0.00176683  0.0298574  0.0204335 0.00849982    3.76667 -0.0190398   -9.05695 
             91.4028  -4.26607 -0.308068   8.31597  -0.184299  0.0796258 -0.0926458 0 0 0   -0.011 -0.02329  0.04412 -0.00621164  0.00181102 0.000905731 -0.00604291 -0.00232626  0.00173755 0.0299163 0.0204585 0.0085405    3.76672 -0.0190551   -9.05693 
             91.5028  -4.22459 -0.291722   8.26171  -0.183082  0.0796984 -0.0936349 0 0 0   -0.011 -0.02329  0.04412  0.00136679  0.00343137 -0.00128196 -0.00606385 -0.00233718   0.0017666  0.0297999  0.0206076 0.00867305    3.76674 -0.0189328   -9.05692 
             91.6027 -4.19393  -0.2978  8.28653  -0.182032  0.0831576 -0.0941272 0 0 0   -0.011 -0.02329  0.04412  0.00496648  0.00938074 -0.00227791 -0.00608312 -0.00233819  0.00175728  0.0294238  0.0204783 0.00859231    3.76646 -0.0188465   -9.05704 
             91.7026  -4.21145 -0.338922   8.24033  -0.182873  0.0826881 -0.0935735 0 0 0   -0.011 -0.02329  0.04412 -0.00193631  0.00837248 -0.00147475 -0.00606795 -0.00231307  0.00177642  0.0296597  0.0204989 0.00856153    3.7666 -0.018926  -9.05698 
             91.8028  -4.22458 -0.288075   8.29576  -0.184114  0.0807568 -0.0939835 0 0 0   -0.011 -0.02329  0.04412 -0.00320197 0.000864489 -0.00159144 -0.00607034 -0.00233922  0.00175292  0.0299986  0.0205349 0.00868911    3.76683 -0.0190664   -9.05688 
             91.9027 -4.2117 -0.2981 8.24914  -0.184769  0.0831562 -0.0939238 0 0 0   -0.011 -0.02329  0.04412  -0.00520441   0.00837463 -8.71258e-05 -0.00607923 -0.00233617  0.00176999 0.0298154 0.0203918 0.0085878    3.76664 -0.0190646   -9.05696 
             92.0026  -4.26131 -0.283966   8.26432  -0.185609  0.0787384 -0.0933052 0 0 0   -0.011 -0.02329  0.04412 -0.00520966 -0.00433966  0.00104373 -0.00606193 -0.00234141  0.00177143  0.0303495  0.0206754 0.00872662    3.76709 -0.0191301   -9.05677 
             92.1028  -4.26009 -0.323286   8.28164 -0.186546 0.0764441 -0.093219 0 0 0   -0.011 -0.02329  0.04412 -0.0077294 -0.0107135 0.00190144 -0.00605933  -0.0023192  0.00175107  0.0305295   0.020732 0.00878687    3.76722 -0.0191798   -9.05672 
             92.2027  -4.22993 -0.303937   8.24056  -0.180731  0.0771375 -0.0918171 0 0 0   -0.011 -0.02329  0.04412   0.0123129 -0.00361497  0.00461677 -0.00607162  -0.0023319  0.00177873  0.0299703  0.0213203 0.00870773    3.76715 -0.0185547   -9.05675 
             92.3026  -4.22261 -0.287373   8.30224  -0.181971  0.0786206 -0.0923047 0 0 0   -0.011 -0.02329  0.04412  0.00440893 -0.00154703  0.00125106 -0.00608176 -0.00233783  0.00174533  0.0299215  0.0209327 0.00868008   3.76695 -0.018777  -9.05683 
             92.4028  -4.21679 -0.346378   8.25049  -0.184341  0.0804286 -0.0947859 0 0 0   -0.011 -0.02329  0.04412 -0.00240543   0.0054609 -0.00543024 -0.00607775 -0.00230623  0.00177204  0.0298867  0.0204711 0.00880091   3.76676 -0.019078  -9.05691 
             92.5027  -4.20306 -0.311528    8.3079  -0.183602  0.0830444 -0.0958149 0 0 0   -0.011 -0.02329  0.04412 -1.74117e-05   0.00841583  -0.00781612 -0.00608612 -0.00232601  0.00174433  0.0296163  0.0204119 0.00877526    3.76658 -0.0189974   -9.05699 
             92.6025   -4.2157 -0.288614   8.24781  -0.187499  0.0823463 -0.0955072 0 0 0   -0.011 -0.02329  0.04412  -0.0112921  0.00580773 -0.00370456 -0.00607902 -0.00233768  0.00177163  0.0300332  0.0201838 0.00868817     3.7667 -0.0193033   -9.05694 
             92.7027  -4.21525 -0.317561   8.26902  -0.187995  0.0786889 -0.0942062 0 0 0   -0.011 -0.02329  0.04412 -0.00768895 -0.00685515  0.00243737 -0.00607792 -0.00232592  0.00176628  0.0304134  0.0205306 0.00871209    3.76706 -0.0192489   -9.05679 
             92.8027  -4.25454 -0.316409   8.28695  -0.185622  0.0746673 -0.0925315 0 0 0   -0.011 -0.02329  0.04412 -0.00202979  -0.0134152  0.00499555  -0.0060618 -0.00232467  0.00175178  0.0305309  0.0210791 0.00875409    3.76736 -0.0189598   -9.05666 
             92.9028  -4.22513 -0.294258   8.27198  -0.180959  0.0768424 -0.0919731 0 0 0   -0.011 -0.02329  0.04412   0.0130477 -0.00495323   0.0060402 -0.00607791  -0.0023365  0.00176234   0.029894  0.0213391 0.00868657    3.76711 -0.0185144   -9.05677 
             93.0026 -4.22862 -0.31772  8.29106  -0.179364  0.0778585 -0.0910593 0 0 0   -0.011 -0.02329  0.04412   0.0129979 -0.00246966  0.00568749 -0.00608082 -0.00232331  0.00174959  0.0297373  0.0212806 0.00860127  3.76699 -0.01847 -9.05682 
             93.1028  -4.23642 -0.311149   8.31539  -0.182976  0.0753566 -0.0937968 0 0 0   -0.011 -0.02329  0.04412 -0.000597282  -0.00649726  -0.00292101 -0.00607458  -0.0023238  0.00173472  0.0302217  0.0208466 0.00891594    3.76712 -0.0190022   -9.05676 
             93.2026   -4.3153 -0.325687   8.28314  -0.183283  0.0778267 -0.0944852 0 0 0   -0.011 -0.02329  0.04412 -0.000765722  0.000979204  -0.00326826 -0.00603814 -0.00231606  0.00175772  0.0299545  0.0206204 0.00883287    3.76687 -0.0190164   -9.05687 
             93.3028  -4.24178 -0.301752    8.2347  -0.184497  0.0797511 -0.0955362 0 0 0   -0.011 -0.02329  0.04412 -0.00427814  0.00770077 -0.00640521  -0.0060799 -0.00232845  0.00177593  0.0298579  0.0203998 0.00881075    3.76672 -0.0191099   -9.05693 
             93.4027  -4.22439 -0.308174   8.28698  -0.183655  0.0776081 -0.0935632 0 0 0   -0.011 -0.02329  0.04412 0.000674163 -0.00197742  0.00198802 -0.00609654 -0.00232488  0.00175424  0.0300762  0.0207709 0.00870705    3.76697 -0.0189518   -9.05682 
             93.5026  -4.29191 -0.314607    8.2946  -0.182124   0.076894 -0.0920574 0 0 0   -0.011 -0.02329  0.04412    0.0025595 -0.000701416   0.00537555 -0.00605592 -0.00232206  0.00174418  0.0300482  0.0209997 0.00863645    3.76704 -0.0187847   -9.05679 
             93.6027  -4.25757 -0.308539   8.24925   -0.18355  0.0804858 -0.0919696 0 0 0   -0.011 -0.02329  0.04412 -0.000206381   0.00896898   0.00451008 -0.00607318 -0.00232705  0.00177336  0.0298337  0.0206154 0.00852042    3.76674 -0.0189125   -9.05692 
             93.7027  -4.24726 -0.278784   8.33405  -0.185123  0.0800093 -0.0927331 0 0 0   -0.011 -0.02329  0.04412 -0.0055789 0.00367272 0.00109605 -0.00608497 -0.00234032  0.00172115   0.030019  0.0204951 0.00864866    3.76681 -0.0190884   -9.05689 
             93.8027  -4.18729 -0.323312    8.2549  -0.182532  0.0801652 -0.0938119 0 0 0   -0.011 -0.02329  0.04412   0.0049433  0.00442694 -0.00271326 -0.00611747 -0.00231944  0.00176704  0.0298265  0.0207524 0.00881107    3.76685 -0.0188764   -9.05687 
             93.9027  -4.26495 -0.322201   8.23439  -0.180498  0.0801793 -0.0938184 0 0 0   -0.011 -0.02329  0.04412  0.00842051  0.00256343 -0.00252717  -0.0060795 -0.00232128  0.00178277 0.0297576 0.0209244 0.0088246    3.76689 -0.0187432   -9.05686 
             94.0026  -4.25524 -0.303428   8.24906 -0.180075  0.080726 -0.094013 0 0 0   -0.011 -0.02329  0.04412   0.00744227   0.00213238 -0.000792002 -0.00607671  -0.0023301  0.00176701  0.0297522  0.0208657 0.00880674    3.76686 -0.0187739   -9.05687 
             94.1028 -4.22484 -0.31883  8.25717  -0.182735  0.0790288 -0.0936459 0 0 0   -0.011 -0.02329  0.04412 -0.000888604  -0.00398665  0.000722272 -0.00610195 -0.00232103  0.00177225  0.0301547  0.0206855 0.00879061   3.76699 -0.019053  -9.05681 
             94.2027  -4.22932 -0.306281   8.24487  -0.183909  0.0818134 -0.0944559 0 0 0   -0.011 -0.02329  0.04412 -0.00533546  0.00960909 -0.00137942 -0.00609542 -0.00232848  0.00177077  0.0299488   0.020405 0.00875358    3.76676 -0.0191294   -9.05691 
             94.3027  -4.25452 -0.300202   8.26411  -0.179882  0.0815983 -0.0924408 0 0 0   -0.011 -0.02329  0.04412 0.00933524 0.00580977 0.00575257 -0.00607828 -0.00233503  0.00176562  0.0297918  0.0209307 0.00866664    3.76688 -0.0187282   -9.05686 
             94.4028  -4.23433 -0.281808   8.34235  -0.180952   0.077907 -0.0923625 0 0 0   -0.011 -0.02329  0.04412  0.00202053 -0.00585929  0.00410701 -0.00609145 -0.00233839  0.00171803  0.0302619  0.0209748 0.00882514    3.76718 -0.0189311   -9.05674 
             94.5027  -4.25424 -0.317032   8.28967  -0.181379  0.0756663 -0.0921979 0 0 0   -0.011 -0.02329  0.04412  0.00213979 -0.00887206  0.00451561 -0.00607581 -0.00232233  0.00174802  0.0304591   0.021012 0.00889931    3.76731 -0.0190062   -9.05668 
             94.6027  -4.25816 -0.304596   8.29196  -0.182851  0.0761128 -0.0927871 0 0 0   -0.011 -0.02329  0.04412 -0.00301708 -0.00707001  0.00120433 -0.00607646 -0.00232806  0.00174703  0.0304315   0.020744 0.00891443    3.76718 -0.0191591   -9.05674 
             94.7027  -4.24402 -0.297699   8.28059  -0.182851  0.0790827 -0.0937871 0 0 0   -0.011 -0.02329  0.04412 -0.00235796  0.00463971 -0.00242119  -0.0060801 -0.00233124  0.00175091  0.0300832  0.0205424 0.00888865    3.76691 -0.0191275   -9.05685 
             94.8027  -4.23913 -0.302095   8.22209  -0.186906  0.0795988 -0.0933104 0 0 0   -0.011 -0.02329  0.04412 -0.0106941 0.00348288 0.00122883 -0.00609035 -0.00233294  0.00178848 0.0303472 0.0202062 0.0087745    3.76688 -0.0194233   -9.05686 
             94.9025    -4.233 -0.311191   8.22845 -0.187531 0.0791009 -0.094035 0 0 0   -0.011 -0.02329  0.04412  -0.0124918  0.00371591 -0.00317099 -0.00609139 -0.00232658  0.00177745  0.0303733  0.0202879 0.00888401    3.76695 -0.0194048   -9.05683 
             95.0029  -4.25686 -0.302821   8.24671  -0.185611  0.0786213 -0.0939906 0 0 0   -0.011 -0.02329  0.04412  -0.0018521  0.00071686 -0.00026595 -0.00607852 -0.00233059  0.00177555  0.0302452  0.0206137 0.00893217    3.76703 -0.0191636    -9.0568 
             95.1027  -4.20069 -0.298118   8.25929  -0.183422  0.0834922 -0.0942677 0 0 0   -0.011 -0.02329  0.04412  0.00381672   0.0132048 -0.00247643 -0.00610868 -0.00233336  0.00176082  0.0296656  0.0205255 0.00880973    3.76668 -0.0189454   -9.05695 
             95.2027  -4.23628 -0.319259   8.30371  -0.182082  0.0796351 -0.0937186 0 0 0   -0.011 -0.02329  0.04412   0.00603305 -0.000574746  0.000281571  -0.0060905 -0.00232048  0.00174252  0.0300551  0.0209485 0.00893412    3.76708 -0.0188851   -9.05678 
             95.3026  -4.29852 -0.313522   8.25542  -0.179554  0.0784319 -0.0924175 0 0 0   -0.011 -0.02329  0.04412   0.0112085 -0.00324362  0.00395209 -0.00606038 -0.00232664  0.00177022  0.0300475   0.021222 0.00888821    3.76719 -0.0187125   -9.05673 
             95.4027  -4.22647 -0.302586   8.26021  -0.178967  0.0811522 -0.0931833 0 0 0   -0.011 -0.02329  0.04412 0.00997292 0.00636326  0.0012737 -0.00609493 -0.00233207  0.00176452  0.0298181   0.020965 0.00888267   3.76696 -0.018764  -9.05683 
             95.5025  -4.23142 -0.335538   8.21885  -0.181685  0.0811905 -0.0932384 0 0 0   -0.011 -0.02329  0.04412  -0.001354 0.00229538 0.00139808 -0.00609695 -0.00231462  0.00179016  0.0300987  0.0206694 0.00886224    3.76697 -0.0190551   -9.05682 
             95.6027   -4.2383 -0.336075   8.23988  -0.185057  0.0791038 -0.0957598 0 0 0   -0.011 -0.02329  0.04412  -0.0100892 0.000223239 -0.00744557 -0.00608674 -0.00231248  0.00177377  0.0304871  0.0204503 0.00913631  3.76712  -0.0194 -9.05676 
             95.7026  -4.25753 -0.321804   8.26167  -0.182476  0.0813921 -0.0947561 0 0 0   -0.011 -0.02329  0.04412 -0.000178849   0.00374056  -0.00203272 -0.00607913 -0.00232114  0.00176949  0.0300778  0.0206767 0.00895454    3.76698 -0.0190588   -9.05682 
             95.8026 -4.22691 -0.30386  8.25692  -0.181705  0.0817537 -0.0929793 0 0 0   -0.011 -0.02329  0.04412 0.00159208 0.00515641  0.0033086 -0.00609527 -0.00232942  0.00176301  0.0300494  0.0208156 0.00878742    3.76699 -0.0189365   -9.05681 
             95.9025  -4.18567 -0.320734    8.2934  -0.184899  0.0799878 -0.0942735 0 0 0   -0.011 -0.02329  0.04412 -0.00525447 -0.00179017 0.000683461 -0.00611394 -0.00232098  0.00175008  0.0304425  0.0205966 0.00896753    3.76713 -0.0192654   -9.05676 
             96.0026  -4.22457 -0.295535   8.25188  -0.185404  0.0784616 -0.0934588 0 0 0   -0.011 -0.02329  0.04412 -0.00792325 -0.00562566  0.00125084 -0.00609532 -0.00233458   0.0017665  0.0305499  0.0207103 0.00893772    3.76723 -0.0192412   -9.05672 
             96.1026  -4.22364 -0.317599   8.28826  -0.183793  0.0803577 -0.0937272 0 0 0   -0.011 -0.02329  0.04412 0.000335789 0.000940667 9.51936e-06 -0.00609001 -0.00232156  0.00175008  0.0301865  0.0207615 0.00892588    3.76706 -0.0190515   -9.05678 
             96.2027  -4.22655 -0.314328   8.28816  -0.183954  0.0765809 -0.0944597 0 0 0   -0.011 -0.02329  0.04412 -0.000442521  -0.00907099 -0.000558344 -0.00609495 -0.00232437  0.00175174  0.0305055   0.020933 0.00912588    3.76733 -0.0191264   -9.05667 
             96.3026  -4.28316 -0.319028   8.28299  -0.182829  0.0759285 -0.0940741 0 0 0   -0.011 -0.02329  0.04412 0.000946628 -0.00903138  -0.0017896 -0.00605976 -0.00231969  0.00174724 0.0304039 0.0210507 0.0090867    3.76733 -0.0190076   -9.05668 
             96.4026    -4.262 -0.303475   8.27095  -0.181025  0.0805267 -0.0940379 0 0 0   -0.011 -0.02329  0.04412 0.00911582 0.00332872   0.001274 -0.00607666 -0.00233032  0.00176103  0.0298361  0.0208657 0.00891372    3.76693 -0.0188371   -9.05684 
             96.5026 -4.25628 -0.30775  8.28475  -0.180541  0.0779127 -0.0921128 0 0 0   -0.011 -0.02329  0.04412 0.00404344 0.00188437 0.00503991 -0.00607253 -0.00232607  0.00174387  0.0301494   0.021097 0.00885246    3.76718 -0.0188292   -9.05674 
             96.6026   -4.2702 -0.307505   8.33625  -0.180445  0.0780409 -0.0918737 0 0 0   -0.011 -0.02329  0.04412   0.00607295 -0.000998385   0.00577559 -0.00606958 -0.00232159  0.00172544  0.0301594  0.0210367 0.00886349    3.76716 -0.0188701   -9.05675 
             96.7026  -4.23112 -0.308589   8.27851  -0.178459  0.0795631 -0.0924509 0 0 0   -0.011 -0.02329  0.04412 0.00816924 0.00266819 0.00126954 -0.00609185 -0.00232486  0.00175058 0.0299045 0.0210163 0.0089184    3.76703 -0.0187815    -9.0568 
             96.8028  -4.21383 -0.315645   8.28388  -0.185408  0.0796118 -0.0946751 0 0 0   -0.011 -0.02329  0.04412   -0.011122  0.00301057 -0.00453597 -0.00609719 -0.00231779  0.00175376  0.0304182  0.0202929 0.00903565    3.76699 -0.0194403   -9.05681 
             96.9026   -4.2821 -0.337376   8.27316  -0.188747  0.0769403 -0.0956237 0 0 0   -0.011 -0.02329  0.04412   -0.018536 -0.00566606 -0.00548037 -0.00606406 -0.00230663  0.00175683  0.0307955  0.0202662 0.00914993    3.76719 -0.0196391   -9.05673 
             97.0026  -4.23337 -0.314895   8.25921  -0.188199   0.079811 -0.0956572 0 0 0   -0.011 -0.02329  0.04412  -0.0115633  0.00560249 -0.00423082 -0.00608534 -0.00231897  0.00176487  0.0303721  0.0202908 0.00902151    3.76697 -0.0194188   -9.05682 
             97.1027   -4.2494 -0.319277   8.26653  -0.181344  0.0831285 -0.0940777 0 0 0   -0.011 -0.02329  0.04412   0.0100491   0.0110029 0.000723945 -0.00607967 -0.00232024  0.00176386  0.0296429  0.0208549 0.00886012    3.76683 -0.0187533   -9.05688 
             97.2027  -4.22937 -0.307655   8.20554  -0.184882   0.080956 -0.0942495 0 0 0   -0.011 -0.02329  0.04412 -0.00308105  0.00503289 0.000305668 -0.00609133 -0.00232675  0.00179042  0.0301994  0.0206772 0.00892958    3.76704 -0.0191081    -9.0568 
             97.3026   -4.2395 -0.321919   8.32873  -0.182178  0.0785594 -0.0937191 0 0 0   -0.011 -0.02329  0.04412  0.00563874 -0.00296857  0.00218356 -0.00608737 -0.00231698  0.00172812    0.03024  0.0211024 0.00902404   3.76726 -0.018904   -9.0567 
             97.4017 -4.28961 -0.30962  8.23239  -0.178665  0.0794405 -0.0917004 0 0 0   -0.011 -0.02329  0.04412  0.0124009 0.00150022 0.00706437 -0.00606055 -0.00232557  0.00177871  0.0299684  0.0213377 0.00886611     3.7672 -0.0186265   -9.05673 
             97.5025  -4.1824 -0.31487  8.23797   -0.17844  0.0813404 -0.0910425 0 0 0   -0.011 -0.02329  0.04412  0.0107565 0.00487891 0.00759583 -0.00611494 -0.00232551  0.00177643  0.0299055  0.0211454 0.00880027    3.76708 -0.0186945   -9.05678 
             97.6026  -4.19321 -0.314574   8.27938  -0.183499  0.0780882 -0.0947028 0 0 0   -0.011 -0.02329  0.04412 -0.00501122 -0.00581498 -0.00465715 -0.00611511 -0.00232012  0.00175585  0.0305223  0.0207274 0.00922517    3.76726 -0.0192705    -9.0567 
             97.7027  -4.20346 -0.324047   8.24947  -0.179466  0.0792176 -0.0933837 0 0 0   -0.011 -0.02329  0.04412   0.00738996  0.000281262 -9.57328e-05 -0.00610826 -0.00231712  0.00176604  0.0301247  0.0210568 0.00907847    3.76719 -0.0188894   -9.05673 
             97.8025  -4.23191 -0.310974   8.26521   -0.17764  0.0787052 -0.0930623 0 0 0   -0.011 -0.02329  0.04412  0.00921471 -0.00294995   0.0009217 -0.00609794 -0.00232346  0.00176081  0.0300856  0.0211862 0.00907978    3.76723 -0.0188016   -9.05672 
             97.9026  -4.23889 -0.296544   8.31323  -0.178657  0.0754807 -0.0917324 0 0 0   -0.011 -0.02329  0.04412 0.00500136 -0.0078369 0.00412174 -0.00609317 -0.00232796  0.00172961  0.0304698  0.0212423 0.00903894    3.76743 -0.0189325   -9.05663 
             98.0026  -4.27013 -0.306889   8.28398  -0.179295  0.0772941 -0.0921475 0 0 0   -0.011 -0.02329  0.04412  0.00238807 -0.00246447  0.00244857 -0.00608095 -0.00232393  0.00175261  0.0303343  0.0209657 0.00902242    3.76724 -0.0190211   -9.05671 
             98.1026  -4.28907 -0.300648   8.25292  -0.179466  0.0786018 -0.0930543 0 0 0   -0.011 -0.02329  0.04412 -0.000186502   0.00317686  -0.00155143 -0.00606978 -0.00232667  0.00176176  0.0302186  0.0208186 0.00907171    3.76713 -0.0190596   -9.05676 
             98.2026   -4.1894 -0.316558   8.29665  -0.178323  0.0812479 -0.0932949 0 0 0   -0.011 -0.02329  0.04412  0.00522213  0.00797502 2.74364e-06 -0.00612585 -0.00231884  0.00174522  0.0299659  0.0207542 0.00902305   3.76698 -0.018976  -9.05682 
             98.3027  -4.19233 -0.310535   8.26163  -0.181293  0.0811564 -0.0942955 0 0 0   -0.011 -0.02329  0.04412 -0.00606593  0.00460327 -0.00412384   -0.006127 -0.00232032  0.00175965  0.0302403  0.0204976 0.00908302      3.767 -0.0192466   -9.05681 
             98.4026  -4.20911 -0.305442   8.23204 -0.180869 0.0815508 -0.092637 0 0 0   -0.011 -0.02329  0.04412 -0.000932214   0.00553123    0.0025545 -0.00611011 -0.00232547  0.00177379  0.0302253  0.0206578 0.00892545    3.76704 -0.0191247   -9.05679 
             98.5025  -4.22131 -0.308837   8.30637  -0.183447  0.0786307 -0.0934663 0 0 0   -0.011 -0.02329  0.04412  -0.00959873  -0.00333286 -0.000496148 -0.00611258 -0.00232036  0.00173907   0.030633   0.020618 0.00909896    3.76724 -0.0193551   -9.05671 
             98.6027  -4.26884 -0.307264   8.29886  -0.180341  0.0758107 -0.0924282 0 0 0   -0.011 -0.02329  0.04412 0.000430318 -0.00821453  0.00246065 -0.00608377 -0.00232109  0.00173555  0.0305711  0.0211435 0.00913685    3.76745 -0.0190518   -9.05662 
             98.7026  -4.22722 -0.314891   8.31587  -0.179647  0.0754103 -0.0928306 0 0 0   -0.011 -0.02329  0.04412 0.00558914 -0.0101775 0.00190989 -0.00610804 -0.00231969  0.00173072  0.0304835  0.0211136 0.00918726     3.7674 -0.0190382   -9.05664 
             98.8025 -4.2421 -0.3023 8.27928  -0.175093  0.0775023 -0.0915013 0 0 0   -0.011 -0.02329  0.04412   0.0140497 -0.00016526  0.00294199 -0.00609689 -0.00232634  0.00174521 0.0299906 0.0213114 0.0090419    3.76724 -0.0186904   -9.05671 
             98.9027  -4.20223 -0.314583   8.29401  -0.177202  0.0814983 -0.0921258 0 0 0   -0.011 -0.02329  0.04412 0.00715221  0.0069547 0.00251597 -0.00611308 -0.00232149  0.00174531  0.0299061  0.0207561 0.00895416    3.76694 -0.0189367   -9.05684 
             99.0026 -4.22711 -0.31788  8.27996  -0.180363  0.0787224 -0.0935633 0 0 0   -0.011 -0.02329  0.04412 -0.00491562 -0.00093255 -0.00344029 -0.00610248 -0.00231761  0.00174784   0.030397  0.0206208 0.00915608    3.76714 -0.0192596   -9.05675 
             99.1025  -4.28085 -0.299248   8.28062  -0.183767  0.0749085 -0.0934991 0 0 0   -0.011 -0.02329  0.04412 -0.00999006 -0.00839428 -0.00132274 -0.00607061 -0.00232934  0.00175142  0.0309005  0.0206314 0.00920955    3.76739 -0.0194841   -9.05665 
             99.2026  -4.26183 -0.295096   8.31902 -0.185333 0.0772162 -0.092987 0 0 0   -0.011 -0.02329  0.04412  -0.0133116 -0.00214485   0.0005099 -0.00608652 -0.00233019  0.00173094  0.0306937  0.0204114 0.00904568    3.76717 -0.0194824   -9.05674 
             99.3025  -4.22416 -0.320129   8.23709  -0.182923  0.0788213 -0.0933165 0 0 0   -0.011 -0.02329  0.04412 -0.00333695   0.0053136 -0.00247961 -0.00610241 -0.00231721  0.00177612  0.0302988  0.0206029 0.00906998    3.76708 -0.0192119   -9.05678 
             99.4025  -4.27492 -0.300479   8.33827  -0.184801  0.0787993 -0.0941966 0 0 0   -0.011 -0.02329  0.04412 -0.00574478 0.000910867 -0.00224896  -0.0060813 -0.00232773  0.00172013 0.0304378 0.0204705 0.0091314    3.76709 -0.0193538   -9.05677 
             99.5031  -4.23874 -0.290351   8.27641   -0.18369  0.0794248 -0.0941408 0 0 0   -0.011 -0.02329  0.04412 -0.00325241  0.00571414 -0.00245968 -0.00610386 -0.00233391  0.00175239  0.0302879  0.0205993 0.00910745    3.76708 -0.0192159   -9.05678 
             99.6025  -4.21907 -0.308041    8.2306  -0.183233  0.0839571 -0.0935445 0 0 0   -0.011 -0.02329  0.04412 0.00217497  0.0130001 0.00139303 -0.00611279 -0.00232929   0.0017802  0.0299626  0.0204328 0.00892262    3.76682 -0.0191289   -9.05688 
             99.7025  -4.18732 -0.301658   8.28328  -0.183863  0.0837194 -0.0931855 0 0 0   -0.011 -0.02329  0.04412 -0.00284973  0.00871355  0.00139956 -0.00612905  -0.0023293  0.00174395 0.0301226 0.0204778 0.0089359    3.76692 -0.0191774   -9.05684 
             99.8051  -4.23807 -0.290591   8.27274  -0.183093   0.085572 -0.0927077 0 0 0   -0.011 -0.02329  0.04412 0.00292136  0.0125777 0.00289369  -0.0061036 -0.00233458  0.00175487  0.0300057  0.0205074 0.00889586    3.76687 -0.0191037   -9.05686 
             99.9025  -4.26606 -0.290193   8.27951  -0.181039  0.0847733 -0.0923123 0 0 0   -0.011 -0.02329  0.04412 0.00583437 0.00589671 0.00282805 -0.00608815 -0.00233596  0.00174574  0.0300281  0.0207562 0.00896797      3.767 -0.0189973   -9.05681 
             100.003  -4.22966 -0.304854   8.30094  -0.179384  0.0790936 -0.0908676 0 0 0   -0.011 -0.02329  0.04412  0.00864368 -0.00788352  0.00624964 -0.00610909 -0.00232521  0.00173905 0.0304292 0.0212422 0.0090666    3.76741 -0.0189399   -9.05664 
             100.103  -4.25408 -0.307179   8.26494  -0.176193  0.0774254 -0.0891435 0 0 0   -0.011 -0.02329  0.04412  0.0151506 -0.0126645   0.010781 -0.00609617 -0.00232863   0.0017596  0.0303514  0.0214819 0.00902602    3.76748 -0.0187751   -9.05661 
             100.203  -4.25654 -0.283515   8.24517  -0.174595  0.0785724 -0.0879521 0 0 0   -0.011 -0.02329  0.04412   0.0153559 -0.00322016   0.0105149 -0.00609141 -0.00234139  0.00176526  0.0301767  0.0213621 0.00894555    3.76733 -0.0187459   -9.05667 
             100.303   -4.2363 -0.315553    8.2373 -0.179742 0.0795432 -0.091185 0 0 0   -0.011 -0.02329  0.04412 -0.000491864  -0.00267358 -0.000571175 -0.00610239 -0.00232324  0.00177637  0.0304736  0.0206424 0.00920049    3.76719 -0.0192906   -9.05673 
             100.403  -4.21493 -0.305389   8.27024  -0.182051  0.0795269 -0.0925299 0 0 0   -0.011 -0.02329  0.04412 -0.00801721 -0.00113471  -0.0044646 -0.00611218 -0.00232537  0.00175161  0.0305805  0.0204272 0.00927697    3.76715 -0.0194609   -9.05675 
             100.503  -4.32054 -0.308133   8.32802  -0.183001  0.0747877 -0.0927914 0 0 0   -0.011 -0.02329  0.04412 -0.00700509  -0.0114806 -0.00391911  -0.0060615 -0.00232257   0.0017295  0.0309485  0.0207043 0.00940975    3.76745 -0.0195053   -9.05662 
             100.603  -4.27006 -0.281266   8.24697  -0.183625  0.0760236 -0.0919684 0 0 0   -0.011 -0.02329  0.04412   -0.0081836  -0.00587792 -2.10434e-05  -0.0060883 -0.00233905  0.00176689  0.0307784   0.020596 0.00923729    3.76731 -0.0194546   -9.05668 
             100.703 -4.20914 -0.30837  8.23959  -0.182515  0.0789864 -0.0929086 0 0 0   -0.011 -0.02329  0.04412 -0.000995514   0.00410252  -0.00343604  -0.0061158 -0.00232523  0.00177351  0.0303822  0.0205043 0.00923382    3.76709 -0.0193277   -9.05677 
             100.802  -4.27471 -0.317891   8.26674  -0.181017   0.079136 -0.0925614 0 0 0   -0.011 -0.02329  0.04412    0.0020562    0.0071117 -0.000503446 -0.00608567  -0.0023228  0.00176262   0.030315   0.020661 0.00921016   3.76713 -0.019215  -9.05676 
             100.903  -4.26024 -0.311496   8.23687  -0.178369  0.0819289 -0.0905758 0 0 0   -0.011 -0.02329  0.04412 0.00740474  0.0137736 0.00328221 -0.00609013 -0.00232711  0.00177416  0.0300217  0.0207991 0.00899404    3.76703 -0.0189783    -9.0568 
             101.003  -4.20316 -0.311842   8.24348 -0.179787 0.0821579 -0.092304 0 0 0   -0.011 -0.02329  0.04412  0.00372342  0.00801865 -0.00123734 -0.00612704 -0.00232876  0.00177578 0.0302288 0.0206322 0.0091908    3.76708 -0.0191878   -9.05678 
             101.102  -4.21008 -0.296841   8.26065  -0.181525  0.0825465 -0.0929514 0 0 0   -0.011 -0.02329  0.04412 -0.00337824   0.0111718 -0.00362392 -0.00612839 -0.00233206  0.00175902  0.0304077  0.0205062 0.00922635     3.7671 -0.0193349   -9.05677 
             101.202  -4.26352 -0.303076   8.28092  -0.181582  0.0806185 -0.0930752 0 0 0   -0.011 -0.02329  0.04412 -0.00103441  0.00300859 -0.00220243 -0.00610036 -0.00232811   0.0017566  0.0306132  0.0207176 0.00930325    3.76729 -0.0193345   -9.05669 
             101.303  -4.23136 -0.310353   8.26907  -0.181162  0.0827113 -0.0942345 0 0 0   -0.011 -0.02329  0.04412 -0.000874036   0.00724457  -0.00539986 -0.00611709 -0.00232577  0.00175311  0.0304277  0.0206191 0.00934022    3.76718 -0.0193081   -9.05674 
             101.402  -4.25515 -0.312506   8.28056   -0.18282  0.0823158 -0.0936094 0 0 0   -0.011 -0.02329  0.04412 -0.00382828  0.00647258 -0.00166949 -0.00610364 -0.00232276  0.00175086 0.0306468 0.0206131 0.0092527    3.76725 -0.0193915    -9.0567 
             101.503  -4.23762 -0.303334   8.29134 -0.185699 0.0809682 -0.092579 0 0 0   -0.011 -0.02329  0.04412   -0.0121258 -0.000526944   0.00233638 -0.00612088 -0.00232612  0.00174288  0.0309591  0.0205778 0.00917121    3.76736 -0.0195312   -9.05666 
             101.603  -4.23063 -0.313285   8.27036  -0.180859  0.0805247 -0.0897342 0 0 0   -0.011 -0.02329  0.04412 0.00446986 0.00109049 0.00948513 -0.00611533 -0.00232352  0.00175338  0.0306203  0.0211255 0.00903231  3.76744 -0.01909 -9.05663 
             101.702  -4.25395 -0.305691   8.28054  -0.180868  0.0754002 -0.0904823 0 0 0   -0.011 -0.02329  0.04412 0.00215368 -0.0142506 0.00425046 -0.00610336 -0.00232958  0.00175105  0.0309983  0.0213533 0.00933016    3.76774 -0.0191969    -9.0565 
             101.802  -4.24814 -0.299417   8.30882 -0.182111 0.0764255 -0.092871 0 0 0   -0.011 -0.02329  0.04412 -0.00186256 -0.00655504 -0.00378658 -0.00610291 -0.00232988  0.00172957  0.0308838   0.021024 0.00949328    3.76757 -0.0193362   -9.05657 
             101.899  -4.29792 -0.304454   8.28674  -0.180095   0.075763 -0.0925562 0 0 0   -0.011 -0.02329  0.04412   0.00700901  -0.00614094 -0.000833403 -0.00607584 -0.00233216  0.00174866  0.0307662  0.0211949 0.00946569    3.76759 -0.0191964   -9.05656 
             102.002  -4.24559 -0.293658    8.2779  -0.179468  0.0814042 -0.0937267 0 0 0   -0.011 -0.02329  0.04412  0.00451126  0.00987238 -0.00414823 -0.00610295 -0.00233584  0.00174785  0.0302894   0.020782 0.00937339     3.7672 -0.0191729   -9.05673 
             102.102  -4.26283 -0.321284   8.27877  -0.178831  0.0796484 -0.0918585 0 0 0   -0.011 -0.02329  0.04412 0.00481778 0.00365706 0.00228094 -0.00609472 -0.00232005  0.00175173 0.0305105 0.0210429 0.0092531    3.76739 -0.0191204   -9.05665 
             102.202  -4.24799 -0.310075   8.27432  -0.180687  0.0814077 -0.0921281 0 0 0   -0.011 -0.02329  0.04412 -0.000812772   0.00612757   0.00174801 -0.00610469 -0.00232905  0.00175429  0.0305633  0.0207556 0.00922893    3.76728 -0.0192787    -9.0567 
             102.303  -4.21789 -0.307345   8.21803  -0.176568  0.0836953 -0.0893571 0 0 0   -0.011 -0.02329  0.04412 0.00875182  0.0128337 0.00884898 -0.00611625 -0.00233255  0.00178469  0.0301968  0.0210452 0.00900036    3.76722 -0.0189375   -9.05672 
             102.402 -4.22714 -0.31597  8.30505  -0.177082  0.0817789 -0.0896396 0 0 0   -0.011 -0.02329  0.04412  0.0061044 0.00166409  0.0056442 -0.00611632 -0.00232417  0.00174122  0.0304934   0.021081 0.00917437    3.76738 -0.0190809   -9.05665 
             102.502  -4.25121 -0.302912   8.31558  -0.180388   0.079614 -0.0922381 0 0 0   -0.011 -0.02329  0.04412  -0.0040867  -0.0019606 -0.00338807 -0.00610201 -0.00232802   0.0017294  0.0308913  0.0208631 0.00947938    3.76749 -0.0194127   -9.05661 
             102.602  -4.28148 -0.292648   8.33062  -0.183649  0.0734752 -0.0925963 0 0 0   -0.011 -0.02329  0.04412  -0.0104222  -0.0178164 -0.00246732 -0.00608981 -0.00233339  0.00172842  0.0315167  0.0210108 0.00962117    3.76783 -0.0196413   -9.05646 
             102.702  -4.26126 -0.297538   8.30237  -0.179236   0.076491 -0.0921882 0 0 0   -0.011 -0.02329  0.04412  0.00220447 -0.00515253 -0.00147437 -0.00610163 -0.00232892  0.00173615  0.0307991  0.0211362 0.00949176    3.76758 -0.0192447   -9.05657 
             102.802  -4.21641 -0.315698   8.24322  -0.179399    0.07945 -0.0920474 0 0 0   -0.011 -0.02329  0.04412  0.00356543  0.00370092 0.000425013 -0.00612149 -0.00232319  0.00177313   0.030602   0.020902 0.00936543   3.76737 -0.019248  -9.05666 
             102.902  -4.25741 -0.307268   8.27843  -0.183641   0.080259 -0.0935408 0 0 0   -0.011 -0.02329  0.04412  -0.0111181  0.00324595 -0.00338701 -0.00610453  -0.0023236  0.00175574  0.0308511  0.0204972 0.00942772    3.76731 -0.0195607   -9.05668 
             103.002  -4.29912 -0.293838   8.29696  -0.181527  0.0803391 -0.0919229 0 0 0   -0.011 -0.02329  0.04412 -0.000806339   0.00497457   0.00193224 -0.00607275 -0.00233099    0.001742  0.0306941  0.0208117 0.00930007    3.76736 -0.0193206   -9.05666 
             103.103   -4.2107 -0.314317   8.31662  -0.179135  0.0809019 -0.0917959 0 0 0   -0.011 -0.02329  0.04412 0.00474726 0.00505676 0.00158714  -0.0061296 -0.00232079  0.00173885 0.0305042 0.0209687 0.0093345  3.76736 -0.01917 -9.05666 
             103.202  -4.27118 -0.317307   8.30175   -0.17832  0.0801064 -0.0908487 0 0 0   -0.011 -0.02329  0.04412 0.00468188 0.00534624 0.00372069 -0.0060878 -0.0023183    0.00174  0.0305914  0.0211278 0.00930782    3.76746 -0.0191283   -9.05662 
             103.302  -4.23422 -0.296287   8.27163  -0.180945    0.08006 -0.0920211 0 0 0   -0.011 -0.02329  0.04412  -0.00276014  0.000665766 -9.76307e-05 -0.00612258 -0.00233076  0.00176445  0.0308173  0.0208667 0.00942282    3.76746 -0.0193699   -9.05662 
             103.402  -4.21163 -0.311018   8.25875  -0.180315  0.0826315 -0.0925784 0 0 0   -0.011 -0.02329  0.04412 -0.00164282  0.00792078 -0.00269855 -0.00613243 -0.00232174  0.00176308  0.0305619  0.0207709 0.00940824    3.76731 -0.0193008   -9.05668 
             103.502 -4.22816 -0.31589  8.28949  -0.181176   0.082588 -0.0926079 0 0 0   -0.011 -0.02329  0.04412 -0.00144996  0.00515485 -0.00176347  -0.0061209 -0.00232094  0.00175661  0.0306829  0.0207739 0.00940793    3.76736 -0.0193521   -9.05666 
             103.602   -4.2401 -0.311812   8.27217  -0.182776  0.0805963 -0.0935393 0 0 0   -0.011 -0.02329  0.04412 -0.00778314 -0.00225618  -0.0042971 -0.00611916 -0.00232185  0.00176042  0.0309289  0.0208067 0.00952915    3.76749 -0.0194656   -9.05661 
             103.702  -4.29018 -0.302158   8.25368  -0.181168   0.081271 -0.0928717 0 0 0   -0.011 -0.02329  0.04412  0.00133067  0.00331576 -0.00069125 -0.00609138 -0.00232866  0.00177297  0.0307442  0.0209529 0.00944752    3.76747 -0.0193037   -9.05662 
             103.802 -4.26044 -0.30457   8.3034  -0.181574  0.0759941 -0.0917489 0 0 0   -0.011 -0.02329  0.04412 -0.00304755  -0.0133751  0.00310336 -0.00610801 -0.00232669  0.00174435  0.0311541  0.0212839 0.00948688    3.76778 -0.0193386   -9.05649 
             103.902 -4.25272 -0.32586  8.26703 -0.181142 0.0738052 -0.092154 0 0 0   -0.011 -0.02329  0.04412 -4.56903e-05   -0.0128161  0.000942323 -0.00611149 -0.00231355  0.00176176  0.0311551  0.0213858 0.00957857   3.76784 -0.019309  -9.05646 
             104.002   -4.2306 -0.318827   8.27244  -0.175597  0.0770363 -0.0911382 0 0 0   -0.011 -0.02329  0.04412    0.015149 -0.00469575  0.00402183 -0.00612849 -0.00232045  0.00176644  0.0304843   0.021497 0.00944311     3.7676 -0.0189427   -9.05656 
             104.102  -4.18035 -0.306502   8.31559  -0.172756  0.0761438 -0.0922572 0 0 0   -0.011 -0.02329  0.04412   0.0179409 -0.00450281  -0.0019604 -0.00615281 -0.00232272  0.00173695  0.0303964   0.021577 0.00960188    3.76763 -0.0188965   -9.05655 
             104.202  -4.26997 -0.326054   8.24601   -0.18109   0.077701 -0.0950095 0 0 0   -0.011 -0.02329  0.04412  -0.00720526 -0.000115931  -0.00704131 -0.00610463 -0.00231529  0.00178099  0.0309329   0.020701 0.00965536    3.76746 -0.0195344   -9.05662 
             104.302 -4.19333 -0.32091  8.26768 -0.177032  0.080477 -0.091894 0 0 0   -0.011 -0.02329  0.04412 0.00279447  0.0072843 0.00327414 -0.00614475 -0.00231823  0.00176744  0.0304517  0.0209527 0.00929471    3.76734 -0.0191493   -9.05667 
             104.402  -4.23596 -0.311725   8.27583  -0.176884  0.0818987 -0.0926319 0 0 0   -0.011 -0.02329  0.04412 0.00416673 0.00868799 0.00030872 -0.00611806 -0.00232277   0.0017604  0.0304106  0.0208761 0.00936856    3.7673 -0.019178  -9.05669 
             104.503  -4.23309 -0.309848   8.29067 -0.184263 0.0801638 -0.093752 0 0 0   -0.011 -0.02329  0.04412  -0.0169214  0.00149448 -0.00209596 -0.00612498 -0.00232175  0.00175175  0.0311072  0.0204613 0.00944535    3.76739 -0.0196793   -9.05665 
             104.602  -4.28383 -0.323419   8.32118  -0.187179  0.0758052 -0.0945312 0 0 0   -0.011 -0.02329  0.04412  -0.0204825 -0.00756247 -0.00318442 -0.00608909 -0.00231348  0.00173605  0.0314944  0.0206611 0.00961114    3.76765 -0.0197886   -9.05654 
             104.702  -4.22813 -0.295456   8.23657 -0.186429 0.0774076 -0.094134 0 0 0   -0.011 -0.02329  0.04412   -0.013919 -0.00432229 -0.00203076 -0.00612159 -0.00233194   0.0017832  0.0311461  0.0207146 0.00951166   3.76752 -0.019596  -9.05659 
             104.802  -4.17549 -0.281881   8.28037  -0.181507  0.0783173 -0.0939144 0 0 0   -0.011 -0.02329  0.04412  0.00356736  0.00163742 -0.00118365 -0.00615277 -0.00233871  0.00175636  0.0306269  0.0210661 0.00951842    3.76748 -0.0192158   -9.05661 
             104.902   -4.2478 -0.331694   8.28346  -0.182473  0.0770079 -0.0934585 0 0 0   -0.011 -0.02329  0.04412 -3.94314e-05  -0.00453218   0.00119548 -0.00611351 -0.00231232  0.00176185   0.030827  0.0210753 0.00949059   3.76756 -0.019294  -9.05658 
             105.002  -4.23172 -0.302442   8.30492   -0.18279  0.0780502 -0.0938009 0 0 0   -0.011 -0.02329  0.04412  -0.00249586  -0.00021262 -0.000823731 -0.00612163 -0.00232362   0.0017385  0.0307339   0.020959 0.00948089    3.76747 -0.0193026   -9.05661 
             105.102  -4.28791 -0.304615   8.27188 -0.181361 0.0802395 -0.093088 0 0 0   -0.011 -0.02329  0.04412 0.00491986  0.0072033 0.00250446 -0.00609534 -0.00232532  0.00176382  0.0305075   0.020957 0.00937917    3.76737 -0.0191874   -9.05666 
             105.205  -4.31107 -0.325326   8.27693  -0.180532  0.0815471 -0.0931296 0 0 0   -0.011 -0.02329  0.04412  0.00230653   0.0104107 0.000517675  -0.0060826 -0.00231379  0.00175721  0.0304279  0.0209395 0.00939004    3.76734 -0.0191623   -9.05667 
             105.302  -4.21909 -0.298743   8.29943  -0.180357  0.0801459 -0.0922883 0 0 0   -0.011 -0.02329  0.04412 0.00527635 0.00011519 0.00382326 -0.00612783 -0.00232749  0.00174501  0.0305877  0.0210774 0.00937434    3.76745 -0.0191688   -9.05662 
             105.402  -4.22188 -0.308653     8.333  -0.179909  0.0797765 -0.0937229 0 0 0   -0.011 -0.02329  0.04412   0.0045458 -0.00094593  -0.0022682 -0.00612828 -0.00232258  0.00172728  0.0305943  0.0210434 0.00954469    3.76746 -0.0192168   -9.05662 
             105.502   -4.2008 -0.306952   8.28306   -0.17887  0.0808654 -0.0930453 0 0 0   -0.011 -0.02329  0.04412  0.00388676  0.00707821 0.000350926 -0.00613317 -0.00232462  0.00175289  0.0304997  0.0210633 0.00944793    3.76742 -0.0191502   -9.05663 
             105.602  -4.25008 -0.338644   8.27252  -0.181601  0.0753938 -0.0933778 0 0 0   -0.011 -0.02329  0.04412  -0.0029628  -0.0129673 8.90338e-05 -0.00610968 -0.00230635   0.0017651  0.0311061  0.0212087 0.00960095    3.76773 -0.0193768   -9.05651 
             105.699  -4.23166 -0.304543   8.24899  -0.181266  0.0778624 -0.0923736 0 0 0   -0.011 -0.02329  0.04412 -0.00313131 -0.00154827  0.00167279  -0.0061144 -0.00232233  0.00176802  0.0308251  0.0210569 0.00941768   3.76754 -0.019289  -9.05659 
             105.805  -4.21701 -0.316973   8.27217  -0.182566  0.0804287 -0.0928919 0 0 0   -0.011 -0.02329  0.04412 -0.00414789  0.00401432 0.000304957 -0.00611917 -0.00231432  0.00176533  0.0307174  0.0208014 0.00939817    3.76739 -0.0193478   -9.05665 
             105.902  -4.26613 -0.296068   8.27795  -0.181567  0.0793821 -0.0917942 0 0 0   -0.011 -0.02329  0.04412 -0.00249632  0.00132322  0.00299716 -0.00609968 -0.00232602  0.00175552  0.0307212  0.0210059 0.00936156   3.76747 -0.019257  -9.05661 
             106.002  -4.21859 -0.313254    8.3172 -0.183476 0.0774591 -0.093323 0 0 0   -0.011 -0.02329  0.04412 -0.00446769 -0.00334955  -0.0018148 -0.00613084 -0.00231134  0.00173887  0.0309365   0.020973 0.00954579    3.76756 -0.0193953   -9.05658 
             106.102   -4.2571 -0.306199   8.36284  -0.183227  0.0782862 -0.0960638 0 0 0   -0.011 -0.02329  0.04412 -0.00487868 -0.00339154 -0.00988352 -0.00611072 -0.00231353  0.00171398  0.0307722  0.0208738 0.00973879    3.76748 -0.0193988   -9.05661 
             106.202 -4.18346 -0.30497  8.27197  -0.178968  0.0792041 -0.0934929 0 0 0   -0.011 -0.02329  0.04412   0.0106925  0.00120273 0.000766023 -0.00614332 -0.00232301  0.00175886  0.0304307  0.0211934 0.00945456    3.76746 -0.0190683   -9.05662 
             106.302  -4.25506 -0.342631   8.29646  -0.178829  0.0776307 -0.0938312 0 0 0   -0.011 -0.02329  0.04412  0.00757737 -0.00527973 -0.00035155 -0.00611063 -0.00230251  0.00175219  0.0305911  0.0212243 0.00952451    3.76754 -0.0191367   -9.05659 
             106.402  -4.30681 -0.300381   8.25916  -0.181458  0.0786266 -0.0924941 0 0 0   -0.011 -0.02329  0.04412 -0.00311333  0.00257527     0.00361 -0.00607539 -0.00232371  0.00176233  0.0307476   0.020969 0.00932493    3.76746 -0.0192786   -9.05662 
             106.502    -4.219 -0.308191   8.25833  -0.180655  0.0823192 -0.0920927 0 0 0   -0.011 -0.02329  0.04412 0.00174798 0.00985555 0.00390278 -0.00612755 -0.00232301  0.00176828  0.0304536  0.0208115 0.00924402    3.76728 -0.0192035   -9.05669 
             106.602  -4.21954 -0.325105   8.32602  -0.180993  0.0800165 -0.0915601 0 0 0   -0.011 -0.02329  0.04412 -0.0025703 0.00183916 0.00380794 -0.00612914 -0.00231016  0.00172971  0.0306836  0.0209916 0.00930947    3.76745 -0.0192392   -9.05662 
             106.702  -4.21869 -0.303829   8.29206  -0.183129  0.0790067 -0.0937478 0 0 0   -0.011 -0.02329  0.04412  -0.0048381 -0.00151814 -0.00307672 -0.00612718 -0.00232272  0.00174835  0.0308713  0.0208728 0.00955185    3.76749 -0.0194107   -9.05661 
             106.802  -4.22633 -0.320795   8.32605  -0.179357  0.0808326 -0.0941277 0 0 0   -0.011 -0.02329  0.04412  0.00458811  0.00247433 -0.00456241 -0.00612888 -0.00231232  0.00172745 0.0304346 0.0210128 0.0095582     3.7674 -0.0191656   -9.05665 
             106.902 -4.20065 -0.29497  8.28745  -0.179964  0.0778003 -0.0923827 0 0 0   -0.011 -0.02329  0.04412  0.00162824 -0.00464227  0.00329142 -0.00613907 -0.00232615  0.00174956  0.0307492  0.0212175 0.00943593    3.76758 -0.0191973   -9.05657 
             107.002  -4.25693 -0.332885   8.25271    -0.1798  0.0777033 -0.0923182 0 0 0   -0.011 -0.02329  0.04412   0.0028893 -0.00597738  0.00251873 -0.00610638 -0.00230936  0.00176991  0.0307262  0.0211774 0.00944872    3.76756 -0.0192058   -9.05658 
             107.102  -4.22558 -0.298421   8.30002  -0.179321   0.079763 -0.0917854 0 0 0   -0.011 -0.02329  0.04412 0.00244785 0.00427397  0.0032332  -0.0061204 -0.00232609  0.00174012  0.0305481  0.0210379 0.00936276    3.76743 -0.0191714   -9.05663 
             107.202 -4.23685  -0.3002   8.3442  -0.183249  0.0798108 -0.0937287 0 0 0   -0.011 -0.02329  0.04412 -0.00783121 0.000537997 -0.00251933 -0.00611788 -0.00232295  0.00171955  0.0308343  0.0207202 0.00952399    3.76741 -0.0194499   -9.05664 
             107.302  -4.30282 -0.327139   8.23942  -0.183937  0.0797428 -0.0930538 0 0 0   -0.011 -0.02329  0.04412 -0.00930349  0.00308885 -0.00119615 -0.00608286 -0.00231116  0.00177122  0.0308483  0.0207768 0.00944651    3.76743 -0.0194202   -9.05663 
             107.402  -4.20788 -0.319903   8.28579  -0.183031  0.0796292 -0.0935178 0 0 0   -0.011 -0.02329  0.04412 -0.00302243 0.000788495 -0.00100861 -0.00613919 -0.00231424  0.00175143  0.0307381  0.0208992 0.00951584    3.76745 -0.0193352   -9.05662 
             107.502 -4.27663 -0.31062   8.3071 -0.176589 0.0797339 -0.092308 0 0 0   -0.011 -0.02329  0.04412  0.0126223 0.00243485 0.00190846 -0.00610627 -0.00231892  0.00173374  0.0302722  0.0213478 0.00947542    3.76748 -0.0189485   -9.05661 
             107.602  -4.16633 -0.321358   8.33711  -0.180483  0.0795012 -0.0927133 0 0 0   -0.011 -0.02329  0.04412  0.000447682 -0.000576853  0.000911101 -0.00616194  -0.0023095  0.00171992  0.0306522  0.0210395 0.00947378    3.76748 -0.0192342   -9.05661 
             107.702   -4.2636 -0.319275   8.30207 -0.180891 0.0773456 -0.093186 0 0 0   -0.011 -0.02329  0.04412  0.000902105  -0.00935723 -0.000106901 -0.00611179 -0.00231323  0.00173669  0.0308155  0.0211186 0.00957665  3.76758 -0.01929 -9.05657 
             107.802  -4.25365 -0.311378   8.27324  -0.179653  0.0776705 -0.0922057 0 0 0   -0.011 -0.02329  0.04412 -5.82082e-05   0.00147104   0.00127235 -0.00610851  -0.0023189  0.00175134  0.0306842  0.0211826 0.00947651    3.76755 -0.0191915   -9.05658 
             107.902    -4.231 -0.301351   8.35196   -0.17689  0.0779433 -0.0925367 0 0 0   -0.011 -0.02329  0.04412  0.00873012 -0.00211478 -5.2212e-05 -0.00612651 -0.00232186  0.00171202 0.0304725 0.0213149 0.0095425    3.76754 -0.0190587   -9.05659 
             108.002 -4.25366 -0.30809  8.24189  -0.181703  0.0806451 -0.0932424 0 0 0   -0.011 -0.02329  0.04412   -0.007194  0.00758734 -0.00160566 -0.00611213  -0.0023214   0.0017638  0.0306901  0.0207708 0.00946783    3.76737 -0.0193558   -9.05665 
             108.102  -4.26402 -0.313516   8.29974  -0.183905   0.081418 -0.0933771 0 0 0   -0.011 -0.02329  0.04412   -0.0109525   0.00752509 -0.000757956 -0.00610894 -0.00231674  0.00174264   0.030799  0.0206805 0.00945065    3.76737 -0.0194353   -9.05666 
             108.202 -4.26088 -0.31527  8.29555  -0.178933  0.0834518 -0.0923754 0 0 0   -0.011 -0.02329  0.04412  0.00429863   0.0106871 0.000855181  -0.0061124 -0.00231647  0.00174202  0.0302922  0.0210018 0.00938751    3.76733 -0.0190817   -9.05667 
             108.298  -4.20212 -0.301642   8.34264  -0.177456  0.0811822 -0.0917542 0 0 0   -0.011 -0.02329  0.04412 0.00954381 0.00282239 0.00283595 -0.00614132 -0.00232351  0.00171683   0.030439  0.0212889 0.00943834    3.76751 -0.0190406    -9.0566 
             108.402   -4.2376 -0.319089   8.26455  -0.176974  0.0787408 -0.0913259 0 0 0   -0.011 -0.02329  0.04412  0.00527178 -0.00606333  0.00262742 -0.00612684 -0.00231848  0.00176256  0.0306267  0.0214333 0.00948993   3.76764 -0.019073  -9.05655 
             108.502  -4.26058 -0.315025   8.24362  -0.177303  0.0810343 -0.0910753 0 0 0   -0.011 -0.02329  0.04412 0.00412191 0.00392775 0.00349941 -0.00611206 -0.00231751  0.00177158  0.0305198  0.0212174 0.00940981    3.7675 -0.019098   -9.0566 
             108.602  -4.19448 -0.310972   8.28614  -0.177378  0.0806788 -0.0913932 0 0 0   -0.011 -0.02329  0.04412  0.00449014 -0.00105098   0.0022069 -0.00615358 -0.00232287  0.00175342 0.0305905 0.0211875 0.0094823    3.76752 -0.0191518   -9.05659 
             108.703 -4.22008 -0.32226  8.27557  -0.178504  0.0797093 -0.0919889 0 0 0   -0.011 -0.02329  0.04412 -0.00207182 -0.00159131  -0.0010644 -0.00613631 -0.00231287  0.00175238  0.0307351  0.0211431 0.00955525    3.76756 -0.0192424   -9.05658 
             108.802  -4.25812 -0.300279   8.24891  -0.181155  0.0815429 -0.0914397 0 0 0   -0.011 -0.02329  0.04412 -0.00592752  0.00368098  0.00266676 -0.00612014 -0.00232583  0.00177373  0.0308097  0.0208787 0.00942889    3.76746 -0.0193533   -9.05662 
               108.9  -4.25686 -0.302768   8.30796  -0.182661  0.0807931 -0.0915366 0 0 0   -0.011 -0.02329  0.04412  -0.0109184 0.000855278 0.000962361 -0.00611859 -0.00232344  0.00173995  0.0309175  0.0208842 0.00947409     3.7675 -0.0194045    -9.0566 
             109.002   -4.2543 -0.288781   8.27597  -0.182145  0.0810857 -0.0912998 0 0 0   -0.011 -0.02329  0.04412 -0.00514546   0.0022121  0.00205815 -0.00612421 -0.00233156  0.00175976  0.0308122   0.020976 0.00947825     3.7675 -0.0193264    -9.0566 
             109.102  -4.23335 -0.310618   8.25897  -0.181733  0.0829877 -0.0930996 0 0 0   -0.011 -0.02329  0.04412 -0.00276532  0.00618828 -0.00525311 -0.00614184 -0.00232191   0.0017702  0.0306313  0.0208685 0.00961424    3.76741 -0.0193131   -9.05664 
             109.202  -4.21254 -0.301052    8.2705  -0.180448  0.0863835 -0.0932742 0 0 0   -0.011 -0.02329  0.04412  0.00346285   0.0148746 -0.00410636 -0.00614489  -0.0023283  0.00176104  0.0303843    0.02081 0.00954572     3.7673 -0.0192191   -9.05669 
             109.302 -4.22415 -0.31674  8.30074  -0.177426  0.0848213 -0.0924681 0 0 0   -0.011 -0.02329  0.04412   0.095692  0.0314806 0.00347382 -0.00614812 -0.00232215  0.00174717  0.0305663  0.0210604 0.00960938    3.76747 -0.0192141   -9.05661 
             109.402  -4.30009 -0.621112   8.56297  -0.161875  0.0847091 -0.0869536 0 0 0   -0.011 -0.02329  0.04412  0.195716 0.0470301 0.0665871  -0.0061441 -0.00232429  0.00176596  0.0307875  0.0214306 0.00956798     3.7677 -0.0191647   -9.05652 
             109.502  -4.85269 -0.694874   9.20752  -0.145411  0.0907565 -0.0805875 0 0 0   -0.011 -0.02329  0.04412  0.202972 0.0720446 0.0578745 -0.00610799 -0.00232049  0.00171083  0.0310905  0.0211597 0.00952855    3.76767 -0.0193935   -9.05653 
             109.602  -5.39455 -0.627354   9.95066 -0.122474  0.100092 -0.069529 0 0 0   -0.011 -0.02329  0.04412  0.259243 0.0660836  0.113765 -0.00611823 -0.00233393  0.00172477  0.0308184  0.0211328 0.00910506    3.76749 -0.0192281   -9.05661 
             109.702  -5.24295 -0.375091   12.0225  -0.085951   0.106296 -0.0547861 0 0 0   -0.011 -0.02329  0.04412  0.445636 0.0992796   0.10781 -0.00614625 -0.00233995  0.00167064  0.0309312  0.0217524 0.00892932    3.76775 -0.0189242    -9.0565 
             109.802   -5.4067 -0.126974   13.9003 -0.0425995   0.114351 -0.0442352 0 0 0   -0.011 -0.02329  0.04412 0.428681 0.109554  0.07579 -0.00614268 -0.00236315  0.00167461 0.0310823 0.0218685 0.0091919    3.76795 -0.0189304   -9.05641 
             109.902 -5.64998 -1.25597  16.0214 -0.00613354    0.126647    -0.04177 0 0 0   -0.011 -0.02329  0.04412 0.364743 0.100475 0.155615 -0.00609943  -0.0023565   0.0017094  0.0309744  0.0211039 0.00929742   3.76767 -0.019507  -9.05653 
             110.002 -5.95782 -1.05436  17.9882 0.0233863    0.1432 -0.021785 0 0 0   -0.011 -0.02329  0.04412 0.416338 0.188159 0.110421 -0.00599786 -0.00238568  0.00176232  0.0306672  0.0195774 0.00795876    3.76676 -0.0208148   -9.05691 
             110.102  -7.08656 -0.545119   19.0784   0.0524032    0.167207 -0.00428996 0 0 0   -0.011 -0.02329  0.04412 0.207905  0.22504 0.250017 -0.00592583 -0.00242432  0.00177047  0.0302162  0.0176665 0.00697458    3.76587 -0.0225607   -9.05727 
             110.202  -7.51789 -0.425731   20.2846  0.068089  0.195798 0.0198433 0 0 0   -0.011 -0.02329  0.04412 0.216542 0.275563 0.164917 -0.00596248  -0.0024237  0.00178289  0.0293566  0.0163455 0.00626642    3.76484 -0.0237308    -9.0577 
             110.302  -10.1416 -0.497011   20.6327 0.0872956  0.215448 0.0279587 0 0 0   -0.011 -0.02329  0.04412 0.171874 0.202575 0.150898  -0.0057851 -0.00247524  0.00186306  0.0307048  0.0148175 0.00759272    3.76617 -0.0252465   -9.05714 
             110.402 -10.1288 0.328929  22.9639  0.106028  0.244392 0.0358142 0 0 0   -0.011 -0.02329  0.04412 0.222128  0.31675 0.086641 -0.00589797  -0.0025014   0.0017924  0.0293228  0.0140306 0.00743313     3.7649 -0.0258856   -9.05767 
             110.502 -12.0271  0.13549  23.4595  0.137844  0.271263 0.0439474 0 0 0   -0.011 -0.02329  0.04412 0.141138  0.31265 0.225457 -0.00580342 -0.00249537  0.00192714  0.0304474  0.0159944 0.00827995    3.76617 -0.0239922   -9.05714 
             110.602 -11.6032  1.86486  25.8287 0.160516 0.296588 0.067763 0 0 0   -0.011 -0.02329  0.04412 0.182627 0.229006 0.191384 -0.00589483 -0.00257293  0.00174669  0.0314047  0.0200372 0.00863037    3.76714 -0.0200844   -9.05675 
             110.702 -11.4342  1.40821  28.1759  0.187331  0.312595 0.0809111 0 0 0   -0.011 -0.02329  0.04412 0.195192 0.202395 0.208914 -0.00591251 -0.00249052  0.00180246 0.0351621 0.0236231 0.0113625    3.77122 -0.0165291   -9.05506 
             110.802 -10.8964 0.587359  29.5041  0.219857  0.326361 0.0866603 0 0 0   -0.011 -0.02329  0.04412  0.32515  0.23432 0.104951 -0.00593551 -0.00245214   0.0018413 0.0398804 0.0247468 0.0145139    3.77622 -0.0153192   -9.05298 
             110.902   -10.8729 -0.0404892    29.7327  0.255739   0.35003 0.0892021 0 0 0   -0.011 -0.02329  0.04412  0.21526 0.257709 0.220106 -0.00591787 -0.00244092  0.00191751 0.0430175 0.0251755 0.0169744    3.77965 -0.0147666   -9.05155 
             111.002 -11.8961 0.902798  29.3047 0.286124 0.375409 0.104154 0 0 0   -0.011 -0.02329  0.04412   0.2609 0.240818 0.124219 -0.00589293 -0.00249784  0.00189055 0.0455387 0.0298742 0.0186923    3.78219 -0.0100581   -9.05049 
             111.102 -13.1535  1.17756  29.5051 0.311592 0.391918  0.11286 0 0 0   -0.011 -0.02329  0.04412 0.260986 0.213136 0.101269 -0.00588075 -0.00248388  0.00192888  0.048594  0.028222 0.0203069    3.78531 -0.0115346   -9.04918 
             111.202 -12.9832  1.09262  30.4785 0.337843 0.415292 0.123065 0 0 0   -0.011 -0.02329  0.04412  0.321085  0.274485 0.0742469 -0.00593075 -0.00246292  0.00186969 0.0491986 0.0267671 0.0202899    3.78587 -0.0129524   -9.04895 
             111.302 -13.7445 0.755141  30.3469 0.373183 0.442711 0.129474 0 0 0   -0.011 -0.02329  0.04412  0.382452    0.2532 0.0384743 -0.00590014 -0.00243311  0.00188602 0.0484769 0.0264336 0.0201167    3.78522 -0.0132977   -9.04922 
             111.402 -13.0149  2.55741  30.9953 0.399633 0.463133 0.141613 0 0 0   -0.011 -0.02329  0.04412  0.290416  0.190074 0.0687471 -0.00592327 -0.00251469   0.0018474 0.0500848 0.0249406 0.0206274    3.78679 -0.0146975   -9.04856 
             111.502 -13.3984  1.38134  31.5945 0.422261 0.480078  0.15026 0 0 0   -0.011 -0.02329  0.04412   0.25903  0.175855 0.0979619 -0.00586096 -0.00241927  0.00194103 0.0500526 0.0220223 0.0200822    3.78668 -0.0175889    -9.0486 
             111.602 -12.5296 0.629819  32.2488 0.443024 0.499137 0.159628 0 0 0   -0.011 -0.02329  0.04412  0.340713  0.216759 0.0150255 -0.00595466 -0.00240326  0.00188693 0.0483098 0.0172185 0.0188003    3.78498 -0.0224007    -9.0493 
             111.702   -12.4946 -0.0558075    31.6649 0.478896 0.523288 0.167676 0 0 0   -0.011 -0.02329  0.04412  0.329979  0.244604 0.0833794 -0.00590881 -0.00241927  0.00199212 0.0499459 0.0190736 0.0191704     3.7864 -0.0205347   -9.04871 
             111.802 -13.1527 -0.23465  30.7214 0.506456  0.54539 0.182069 0 0 0   -0.011 -0.02329  0.04412  0.346831  0.229648 0.0629682 -0.00581375 -0.00247344  0.00201786 0.0525541  0.017495 0.0195497    3.78879 -0.0220112   -9.04771 
             111.902   -14.027 0.0295593   29.3962 0.533933  0.56144 0.194312 0 0 0   -0.011 -0.02329  0.04412  0.328547  0.164684 0.0534133 -0.00579784  -0.0025239  0.00199237 0.0526357 0.0143848 0.0186922    3.78871 -0.0251372   -9.04773 
             112.002 -12.7607 0.340422   28.791 0.564431  0.57656 0.207508 0 0 0   -0.011 -0.02329  0.04412  0.350106  0.210423 0.0603888 -0.00587626  -0.0025664  0.00198782 0.0540881 0.0144936 0.0182732    3.7898 -0.025085  -9.04728 
             112.102 -12.3791 0.391091  27.3803 0.606932 0.596959 0.220971 0 0 0   -0.011 -0.02329  0.04412   0.43805  0.203797 0.0774873 -0.00590059 -0.00254722  0.00200316  0.054607 0.0187403 0.0179187    3.78998 -0.0209905   -9.04722 
             112.202 -11.7542  1.21291  26.3981 0.635085 0.618968 0.236973 0 0 0   -0.011 -0.02329  0.04412 0.339553 0.158874 0.156351 -0.00592301 -0.00257723   0.0019438 0.0529406 0.0156823 0.0169207    3.78834 -0.0240694   -9.04789 
             112.302   -11.9928 -0.0740076    25.7076 0.667902 0.630724 0.251942 0 0 0   -0.011 -0.02329  0.04412 0.306468 0.124204 0.108604 -0.00591715 -0.00247017  0.00194259 0.0528569 0.0158614 0.0165393    3.78814 -0.0239308   -9.04798 
             112.402  -9.94854 -0.430043   24.5237  0.69767  0.63723 0.267443 0 0 0   -0.011 -0.02329  0.04412  0.352963  0.120169 0.0937027 -0.00601499 -0.00252014  0.00199458 0.0552653 0.0147658 0.0169994    3.79031 -0.0249869   -9.04707 
             112.502 -8.52387 -0.91511  23.4849 0.730555 0.653357 0.280672 0 0 0   -0.011 -0.02329  0.04412  0.407128  0.182427 0.0917155 -0.00600296 -0.00251019  0.00199703 0.0536606 0.0129643 0.0158082    3.78859 -0.0268084   -9.04778 
             112.602 -8.07867 -1.34561  22.4171 0.766796 0.665628 0.303665 0 0 0   -0.011 -0.02329  0.04412 0.306765 0.183639 0.211974 -0.00594638 -0.00251079  0.00199166 0.0562211 0.0147967 0.0164375    3.79095 -0.0250569    -9.0468 
             112.702 -8.96859 -1.39673  19.9375 0.795691 0.680595 0.319441 0 0 0   -0.011 -0.02329  0.04412  0.319845 0.0691235  0.189515 -0.00580592 -0.00254945   0.0020792 0.0557616  0.012344 0.0161099    3.79043 -0.0274451   -9.04701 
             112.802 -8.37518 -1.16619  18.6798 0.825461 0.685425 0.334253 0 0 0   -0.011 -0.02329  0.04412  0.338851 0.0939657  0.120907 -0.00594202 -0.00255092  0.00203129 0.0569474 0.0111231 0.0164753    3.79151 -0.0286732   -9.04655 
             112.902  -7.4889 -1.61559  16.7272 0.862044  0.69826 0.344865 0 0 0   -0.011 -0.02329  0.04412  0.405312  0.123257 0.0911101 -0.00596369 -0.00251254   0.0020864 0.0564469 0.0108346 0.0162494    3.79101 -0.0289281   -9.04676 
             113.002 -6.96795 -1.35007  15.2144 0.901078 0.711083 0.354197 0 0 0   -0.011 -0.02329  0.04412  0.331275 0.0700665  0.172612 -0.00595909 -0.00254162  0.00203171 0.0563826 0.0108473 0.0166301    3.79107 -0.0288605   -9.04674 
             113.102 -7.52422 -1.46084  14.0674 0.933235 0.713325 0.366589 0 0 0   -0.011 -0.02329  0.04412   0.329981 0.00412938  0.0579417 -0.00590327 -0.00257688  0.00200152 0.0565007 0.0103392 0.0170313    3.79123 -0.0293122   -9.04667 
             113.202 -5.87205 -1.77472  13.5147 0.965144 0.714234 0.379021 0 0 0   -0.011 -0.02329  0.04412    0.321061 -0.00711688    0.100378 -0.00601161 -0.00252142  0.00201591 0.0562156 0.0110808 0.0167575   3.79102 -0.028595  -9.04676 
             113.302 -4.30771 -2.39011  12.8179  1.00105 0.716959 0.392684 0 0 0   -0.011 -0.02329  0.04412  0.397076 0.0187981  0.106898  -0.0059957 -0.00251495  0.00200697 0.0554791 0.0113703 0.0158905    3.79023 -0.0282313   -9.04709 
             113.402  -3.4536 -2.76514  11.7595  1.03942  0.72359 0.408335 0 0 0   -0.011 -0.02329  0.04412  0.336167 0.0720997   0.20116 -0.00599854 -0.00250792   0.0020365 0.0552893 0.0112078 0.0152079    3.78985 -0.0284041   -9.04725 
             113.502 -3.48883 -2.11864  10.2931  1.07116 0.736629 0.430319 0 0 0   -0.011 -0.02329  0.04412  0.378842 0.0830132  0.124277 -0.00595352 -0.00254087  0.00202929 0.0548868 0.0109597 0.0146135   3.78936 -0.028547  -9.04746 
             113.602 -4.12797 -2.59906  8.66374  1.10664 0.739878 0.450009 0 0 0   -0.011 -0.02329  0.04412  0.327347 0.0629394  0.128567 -0.00591042 -0.00249621  0.00204261 0.0547891  0.011361 0.0141786    3.78939 -0.0283782   -9.04744 
             113.702 -3.30861 -2.71856  7.51304  1.13648 0.748658 0.459571 0 0 0   -0.011 -0.02329  0.04412  0.389111 0.0977081  0.103264  -0.0059943 -0.00255047   0.0020668 0.0550145 0.0107959 0.0142119    3.78921 -0.0287524   -9.04751 
             113.802 -3.34787 -3.15661  5.85431  1.17825 0.758666 0.469047 0 0 0   -0.011 -0.02329  0.04412   0.43818 0.0428212 0.0888335 -0.00597327 -0.00252282   0.0020335 0.0549127 0.0106547 0.0142537    3.78919 -0.0286778   -9.04753 
             113.903 -2.60032  -1.6314  5.28542  1.20858 0.760518 0.487074 0 0 0   -0.011 -0.02329  0.04412   0.292846 0.00754214   0.204928 -0.00598962 -0.00259082   0.0020021 0.0550032 0.0109032 0.0142435    3.78913 -0.0287237   -9.04755 
             114.002 -3.10719 -2.68792  4.40001  1.24068 0.753967 0.504621 0 0 0   -0.011 -0.02329  0.04412   0.258123 0.00558702   0.155728  -0.0059367 -0.00250635  0.00198931 0.0546102  0.011207 0.0141923    3.78902 -0.0289245    -9.0476 
             114.102 -1.60765  -3.1079  3.73522  1.26413 0.755248  0.51592 0 0 0   -0.011 -0.02329  0.04412  0.328197 -0.020942 0.0779149 -0.00606292 -0.00253952  0.00199244 0.0551931 0.0113548 0.0146716    3.78923 -0.0284778   -9.04751 
             114.202 -0.499188  -3.75468   3.47811  1.30193 0.750898 0.525921 0 0 0   -0.011 -0.02329  0.04412  0.435753 0.0479695 0.0737763  -0.0060498 -0.00250698  0.00197498 0.0548155 0.0115599 0.0145187    3.78892 -0.0286318   -9.04764 
             114.302 -0.551382  -3.50991   2.27699  1.33821 0.751356  0.53878 0 0 0   -0.011 -0.02329  0.04412   0.38484 0.0499771 0.0777978 -0.00601214 -0.00253455  0.00198678  0.054543 0.0120041 0.0142511    3.78843 -0.0285329   -9.04784 
             114.402 -1.00746  -3.1953 0.806409  1.38113 0.753855 0.542945 0 0 0   -0.011 -0.02329  0.04412  0.362493 0.0177693 0.0411001 -0.00598999 -0.00256078  0.00198378 0.0543059 0.0116387 0.0142416     3.7885 -0.0289295   -9.04781 
             114.502 -0.59412 -3.16057 0.460887  1.40943 0.755483 0.550975 0 0 0   -0.011 -0.02329  0.04412  0.400404 0.0425715 0.0213389 -0.00592579 -0.00251639  0.00196285 0.0540953 0.0126194 0.0131761    3.78739 -0.0282915   -9.04828 
             114.602 -0.515938   -3.8035  -0.82175  1.44577 0.758872 0.567413 0 0 0   -0.011 -0.02329  0.04412  0.458014 0.0143036 0.0453395 -0.00587769 -0.00246004  0.00199987 0.0532546 0.0126341 0.0110804    3.78593 -0.0286693   -9.04889 
             114.702 0.0147928   -2.9769   -1.4712  1.48711 0.756145  0.58988 0 0 0   -0.011 -0.02329  0.04412    0.333508 0.000717652    0.189476 -0.00590476 -0.00249553  0.00200324  0.0512799  0.0115564 0.00896972    3.78426 -0.0304747   -9.04958 
             114.802  -0.2224 -2.88849 -1.65042  1.51441 0.750389 0.610572 0 0 0   -0.011 -0.02329  0.04412    0.28001 -0.0232466   0.146994 -0.00587358 -0.00245578  0.00197689  0.0506795  0.0124863 0.00789817    3.78306 -0.0299525   -9.05009 
             114.902 0.990699 -3.23836 -1.69587  1.53785 0.742548 0.634505 0 0 0   -0.011 -0.02329  0.04412    0.30377 -0.0580008   0.152065  -0.0059414 -0.00241993  0.00194078  0.0494921  0.0128805 0.00671811    3.78165 -0.0301463   -9.05068 
             115.002  1.89644 -4.05748 -1.97803  1.56862  0.73925 0.653347 0 0 0   -0.011 -0.02329  0.04412   0.383114 -0.0375592   0.178201 -0.00591049 -0.00239134  0.00194904  0.0499592  0.0131942 0.00657838     3.7818 -0.0296643   -9.05061 
             115.102  2.11374 -4.38613 -2.79973  1.60595 0.733736 0.666333 0 0 0   -0.011 -0.02329  0.04412  0.332491 0.0284223  0.249135 -0.00587098 -0.00242686  0.00197717  0.0492267   0.014844 0.00710636    3.78089 -0.0285708     -9.051 
             115.202  1.58951 -3.30072  -4.5272  1.64166 0.729729  0.67893 0 0 0   -0.011 -0.02329  0.04412   0.327764 -0.0557177   0.146357 -0.00580996 -0.00251393  0.00205103  0.0486346  0.0161468 0.00759772    3.78022 -0.0277078   -9.05128 
             115.302  1.30348  -2.8087 -4.95568   1.6734 0.722719 0.690336 0 0 0   -0.011 -0.02329  0.04412   0.341375 -0.0313287  0.0917615 -0.00579445 -0.00246922   0.0019938  0.0480801  0.0169468 0.00758099    3.77954 -0.0272388   -9.05157 
             115.405  1.68231 -3.11397 -5.90853  1.70282 0.722977 0.696585 0 0 0   -0.011 -0.02329  0.04412   0.393936 -0.0215546  0.0811852 -0.00583184 -0.00242588  0.00201435  0.0492985  0.0194672 0.00804691    3.77974 -0.0245165   -9.05149 
             115.502  1.38481 -3.02524 -6.81459  1.74301 0.723938 0.704788 0 0 0   -0.011 -0.02329  0.04412  0.293452 0.0672801  0.243647 -0.00581636 -0.00241429  0.00198839    0.05105  0.0191588 0.00868637   3.78138 -0.024112  -9.05081 
             115.602  1.56712 -1.78043 -6.98866  1.77416 0.723811  0.73175 0 0 0   -0.011 -0.02329  0.04412   0.276438 -0.0309179   0.200502 -0.00586172 -0.00250568  0.00196522 0.0501322 0.0173212 0.0081268    3.78109 -0.0261088   -9.05092 
             115.702  2.46112 -2.56814 -6.68243  1.80014 0.720167 0.753529 0 0 0   -0.011 -0.02329  0.04412     0.2207 -0.0110734    0.21066 -0.00590569 -0.00239036  0.00191919  0.0488166  0.0163511 0.00748421    3.78018 -0.0274717    -9.0513 
             115.802  3.71284 -3.03049 -6.78571  1.82724 0.707901 0.765024 0 0 0   -0.011 -0.02329  0.04412   0.296978 -0.0673081   0.168962 -0.00591973 -0.00240055  0.00193878  0.0456265   0.017463 0.00699338    3.7772 -0.027597  -9.05254 
             115.902  4.47071 -3.36281 -7.15107  1.86834 0.698647 0.774572 0 0 0   -0.011 -0.02329  0.04412   0.262298 -0.0798606   0.274483 -0.00592267 -0.00240635  0.00195229 0.0434597 0.0164622 0.0070978    3.77587 -0.0292464   -9.05309 
             116.002  3.80523 -1.87849 -8.31979  1.90436 0.689027 0.794169 0 0 0   -0.011 -0.02329  0.04412   0.298869 -0.0147534   0.208287 -0.00582982 -0.00251066  0.00200285  0.0406905  0.0144806 0.00688503     3.7743 -0.0320015   -9.05373 
             116.102  3.34706 -2.61748 -9.98559  1.93585 0.677631 0.812242 0 0 0   -0.011 -0.02329  0.04412   0.251155 -0.0986914   0.183215 -0.00582935 -0.00236362  0.00203685 0.0383598 0.0133825  0.006187     3.7726 -0.0338089   -9.05444 
             116.202  4.09494 -2.76325 -9.76341  1.96489 0.668824 0.821844 0 0 0   -0.011 -0.02329  0.04412    0.35157 -0.0708862   0.132321 -0.00594218 -0.00239627  0.00191463  0.0385616  0.0148226 0.00684661    3.77259 -0.0323983   -9.05445 
             116.302  3.45554 -3.45696 -11.1571  2.00015 0.665422 0.828194 0 0 0   -0.011 -0.02329  0.04412 0.371334 -0.12854  0.09922 -0.00586077 -0.00236438  0.00200637  0.0417981  0.0159628 0.00871579    3.77543 -0.0302416   -9.05327 
             116.402  4.17183 -2.23995 -10.8458  2.04053 0.655869 0.840953 0 0 0   -0.011 -0.02329  0.04412  0.314859 -0.118482 0.0992903 -0.00590789 -0.00244093  0.00196558  0.0421189  0.0121185 0.00931632    3.77698 -0.0336655   -9.05261 
             116.502  3.93453 -2.70254 -11.0725  2.07196 0.651918 0.845551 0 0 0   -0.011 -0.02329  0.04412   0.318507 -0.0571688  0.0128663 -0.00584855 -0.00235631  0.00201642 0.0457337 0.0123306 0.0108468    3.78027 -0.0322899   -9.05124 
             116.602  4.88876 -3.20634 -11.1044  2.09917 0.650183 0.852133 0 0 0   -0.011 -0.02329  0.04412   0.367442 -0.0885723 0.00826266 -0.00591597 -0.00238886  0.00196918 0.0482008 0.0142063 0.0115866    3.78194 -0.0297664   -9.05056 
             116.702  5.51523 -4.06465 -11.3488  2.13461 0.641032 0.863562 0 0 0   -0.011 -0.02329  0.04412   0.505212 -0.0137593  0.0469448 -0.00589167 -0.00239488  0.00201348  0.0471599  0.0153813 0.00999414    3.78025 -0.0290333   -9.05126 
             116.802  4.99338  -3.3993 -12.5716  2.16972  0.64362 0.887972 0 0 0   -0.011 -0.02329  0.04412   0.40688 0.0668466  0.161128 -0.00587693  -0.0024623  0.00207181  0.0477961  0.0167639 0.00898126       3.78 -0.0275569   -9.05137 
             116.902  4.30293 -3.27544 -13.7335  2.20384 0.643239 0.907779 0 0 0   -0.011 -0.02329  0.04412    0.32189 -0.0123937   0.161415 -0.00584934 -0.00241758  0.00203594  0.0462807  0.0175155 0.00765776    3.77814 -0.0273323   -9.05215 
             117.002  5.35222 -3.08817 -13.7574  2.23217 0.636306 0.923649 0 0 0   -0.011 -0.02329  0.04412   0.387408 0.00553207   0.127422 -0.00587507 -0.00245481  0.00196707  0.0427222  0.0201991 0.00576505    3.77396 -0.0259433   -9.05389 
             117.102  5.23582 -3.50885 -15.2356   2.2631 0.612592 0.935942 0 0 0   -0.011 -0.02329  0.04412  0.380143 -0.135222  0.144767 -0.00582156 -0.00242544  0.00204812  0.0329456  0.0256689 0.00164446     3.7634 -0.0238586    -9.0583 
             117.202  6.03805  -1.8765 -15.0103  2.29371  0.59157 0.951949 0 0 0   -0.011 -0.02329  0.04412  0.234424 -0.138801  0.242342 -0.00586163 -0.00256181  0.00195527    0.0276593     0.026846 -0.000136185    3.75831 -0.0243642   -9.06041 
             117.302  5.84074 -2.50869 -15.2768  2.31364 0.574129 0.967261 0 0 0   -0.011 -0.02329  0.04412  0.186998 -0.119443  0.183278  -0.0057791 -0.00239515   0.0019777    0.0259119      0.02933 -0.000595999    3.75613 -0.0225673   -9.06132 
             117.402  6.96029 -2.90994 -15.5818  2.33552 0.554972  0.97834 0 0 0   -0.011 -0.02329  0.04412  0.240906 -0.174533  0.156798 -0.00587032 -0.00240243  0.00192251    0.0240305    0.0304815 -0.000635396    3.75432 -0.0220362   -9.06207 
             117.502  7.49003  -3.5312 -16.1991  2.36742 0.541582 0.986604 0 0 0   -0.011 -0.02329  0.04412   0.426036 -0.0939217   0.124373  -0.0058409 -0.00236357  0.00195078  0.0264332  0.0311861 0.00115362   3.75667 -0.020663   -9.0611 
             117.602   7.0057 -3.12552 -17.3493  2.40166 0.533992  1.00639 0 0 0   -0.011 -0.02329  0.04412  0.304469 -0.104335  0.224621 -0.00581522 -0.00242058  0.00197257 0.0290875 0.0304164 0.0025594    3.75945 -0.0206138   -9.05994 
             117.702  6.37275 -2.56181   -18.64  2.43707 0.521043  1.01926 0 0 0   -0.011 -0.02329  0.04412  0.255562 -0.154751  0.157659 -0.00578391 -0.00241939  0.00199733    0.03051  0.0282141 0.00400822    3.76164 -0.0222734   -9.05903 
             117.804  7.81019 -2.14964 -18.7829  2.46686 0.506775  1.02855 0 0 0   -0.011 -0.02329  0.04412  0.343791 -0.134194   0.10582 -0.00590868 -0.00243623  0.00191677  0.0308657  0.0286821 0.00459214    3.76202 -0.0217347   -9.05888 
             117.902  7.67996 -2.17497 -20.2805  2.50469 0.496003  1.03829 0 0 0   -0.011 -0.02329  0.04412  0.382225 -0.176577 0.0887684  -0.0058397 -0.00240938  0.00200194  0.0332721  0.0278977 0.00562357    3.76448 -0.0218002   -9.05785 
             118.002  8.12153 -1.28152  -20.783  2.54295 0.480726  1.05226 0 0 0   -0.011 -0.02329  0.04412  0.257132 -0.151368  0.224184 -0.00584796 -0.00245879  0.00200863  0.0332041  0.0253863 0.00575574    3.76506 -0.0241795   -9.05761 
             118.102  8.00063  -1.6088 -21.1918  2.56634 0.460678   1.0675 0 0 0   -0.011 -0.02329  0.04412  0.204009 -0.154558  0.106891 -0.00582026 -0.00238432   0.0019773  0.0310396  0.0256657 0.00504314    3.76302 -0.0244991   -9.05845 
             118.202  9.26164 -1.68157 -21.2553  2.58793 0.447281  1.07758 0 0 0   -0.011 -0.02329  0.04412  0.185325 -0.181025  0.145462 -0.00589198 -0.00243062   0.0019563  0.0330844  0.0250123 0.00634541    3.76524 -0.0245528   -9.05753 
             118.302  10.5148 -2.32656  -21.286  2.60996 0.429433  1.09025 0 0 0   -0.011 -0.02329  0.04412  0.254379 -0.224377  0.141706 -0.00590454 -0.00239985  0.00194972  0.0346988  0.0252312 0.00707268    3.76674 -0.0239162   -9.05691 
             118.402   11.305 -2.72911 -21.6824  2.64192 0.411645  1.09896 0 0 0   -0.011 -0.02329  0.04412  0.385653 -0.123577 0.0711375 -0.00586929 -0.00239618  0.00193555  0.0354357    0.02676 0.00774546    3.76722 -0.0222684   -9.05671 
             118.502   9.89619 -0.879884  -23.3251  2.67761 0.397451  1.10843 0 0 0   -0.011 -0.02329  0.04412  0.365045 -0.142837 0.0691873 -0.00575761 -0.00247462  0.00203156  0.0350773  0.0262937 0.00823134    3.76722 -0.0227909   -9.05671 
             118.602  9.65727 -1.25502 -24.3714  2.71129 0.379258  1.11578 0 0 0   -0.011 -0.02329  0.04412  0.299642 -0.159003 0.0584921  -0.0059307 -0.00238403  0.00194752  0.0342919  0.0251063 0.00771738    3.76667 -0.0241193   -9.05694 
             118.702  10.4719 -1.15178 -24.5914  2.73644 0.366058  1.12474 0 0 0   -0.011 -0.02329  0.04412  0.367146 -0.163123 0.0350467 -0.00599231 -0.00240075  0.00188898  0.0356396  0.0286518 0.00737873    3.76684 -0.0204399   -9.05688 
             118.802   9.9622 -1.12007 -25.8015  2.77596 0.344629   1.1365 0 0 0   -0.011 -0.02329  0.04412  0.393658  -0.26986 0.0246735 -0.00595664 -0.00240897  0.00193588  0.0351459  0.0247956 0.00621628    3.76686 -0.0242423   -9.05686 
             118.902  10.7699  -0.0917 -25.6272 2.79864 0.32421 1.14995 0 0 0   -0.011 -0.02329  0.04412  0.258389 -0.238515 0.0931325 -0.00604016 -0.00248144  0.00185434  0.0351926  0.0288882 0.00555661   3.76579 -0.020373  -9.05731 
             119.002   10.5532 -0.980323  -26.0043  2.82468 0.307263  1.16627 0 0 0   -0.011 -0.02329  0.04412   0.19467 -0.191043  0.143871 -0.00597162 -0.00239064  0.00190687 0.0391429 0.0254341 0.0061953    3.76993 -0.0227047   -9.05558 
             119.102  11.3781 -1.10506 -26.2342  2.83963 0.283516   1.1813 0 0 0   -0.011 -0.02329  0.04412  0.255439  -0.25826 0.0427435 -0.00596201 -0.00244853  0.00190392  0.0377234  0.0276078 0.00491862    3.76789 -0.0210189   -9.05643 
             119.202  11.9926 -1.30844 -26.2787  2.87148 0.258834  1.18799 0 0 0   -0.011 -0.02329  0.04412  0.387854 -0.232671 0.0348725 -0.00592883 -0.00246488  0.00191309 0.0391336 0.0255557 0.0055987   3.76969 -0.022618  -9.05568 
             119.302  12.0043   -1.244 -26.6172 2.90431  0.2437  1.2019 0 0 0   -0.011 -0.02329  0.04412   0.28226 -0.160854  0.175695 -0.00590445 -0.00247555  0.00188424   0.043497  0.0239087 0.00752329    3.77422 -0.0231158    -9.0538 
             119.402   11.2757 -0.521754  -28.0383 2.92813 0.23658    1.22 0 0 0   -0.011 -0.02329  0.04412  0.211108 -0.191719  0.140542 -0.00586309 -0.00251209  0.00196689   0.050311  0.0259035 0.00953417   3.77998 -0.019591   -9.0514 
             119.502   11.4343 -0.323655  -28.1256   2.9558 0.223084  1.23374 0 0 0   -0.011 -0.02329  0.04412   0.28781 -0.161533  0.091345 -0.00592934 -0.00252171  0.00189588  0.052919 0.0232539 0.0104929    3.78296 -0.0214823   -9.05015 
             119.602   11.3052 -0.504391  -29.2274  2.99461 0.214494  1.24243 0 0 0   -0.011 -0.02329  0.04412  0.347138 -0.186318   0.06863  -0.0059596 -0.00250341  0.00195472 0.0584923 0.0201683 0.0129128    3.78892 -0.0230753   -9.04765 
             119.702   11.2069 -0.056139  -29.7272  3.02702 0.188271  1.25261 0 0 0   -0.011 -0.02329  0.04412  0.262215 -0.188894  0.170947 -0.00593794 -0.00251606  0.00193206 0.0543415 0.0196968 0.0112019    3.78508 -0.0245107   -9.04926 
             119.802  10.9663 0.280091 -29.9322 3.05517 0.16687 1.27325 0 0 0   -0.011 -0.02329  0.04412  0.251565 -0.206795  0.116165 -0.00590192 -0.00250635  0.00192424  0.054273 0.0162392 0.0108974    3.78562 -0.0278238   -9.04902 
             119.902    12.2128 -0.0490715   -29.4299 3.08363 0.14589  1.2864 0 0 0   -0.011 -0.02329  0.04412  0.238168 -0.222768  0.110703  -0.0060015 -0.00251185  0.00188576 0.0539957 0.0127061 0.0113167    3.78624 -0.0312254   -9.04875 
             120.002   13.1313 -0.725867  -29.3343   3.1128 0.120269  1.29493 0 0 0   -0.011 -0.02329  0.04412  0.304849 -0.265088  0.110657 -0.00595801 -0.00246761   0.0018856 0.0533947 0.0117531 0.0111682    3.78589 -0.0322681   -9.04889 
             120.102   13.4114 -0.796176  -29.8056   3.14621 0.0961466   1.30571 0 0 0   -0.011 -0.02329  0.04412  0.273883 -0.228505  0.221494 -0.00592511 -0.00248598  0.00195079 0.0540306  0.012214 0.0113996    3.78639 -0.0316827   -9.04869 
             120.202  13.0262 0.399034 -30.6028   3.17682 0.0778147   1.32695 0 0 0   -0.011 -0.02329  0.04412  0.312452 -0.224573     0.147 -0.00590031  -0.0025535  0.00197235 0.0550361 0.0115639 0.0116602    3.78742 -0.0320721   -9.04825 
             120.302  12.1082 0.389263 -31.6411   3.20248 0.0614763   1.34175 0 0 0   -0.011 -0.02329  0.04412  0.267148 -0.193987  0.120079  -0.0059111 -0.00248312  0.00198392 0.0585552 0.0124665 0.0130932   3.79058 -0.030399  -9.04694 
             120.402  12.6888 0.363548 -31.8438   3.22838 0.0466662   1.34852 0 0 0   -0.011 -0.02329  0.04412  0.328107  -0.20489 0.0880146 -0.00593979 -0.00248869  0.00192471 0.0612257 0.0158774 0.0144339    3.79253 -0.0265304   -9.04613 
             120.502  12.1566 0.389237  -32.954   3.25641 0.0277432   1.35005 0 0 0   -0.011 -0.02329  0.04412  0.320629 -0.269849 0.0493626  -0.005913 -0.0024859 0.00196228 0.0631094 0.0204814 0.0155295    3.79353 -0.0217061   -9.04572 
             120.602  12.8304  1.51532 -32.6074    3.2829 0.0078491   1.36338 0 0 0   -0.011 -0.02329  0.04412  0.179593 -0.207137  0.178436 -0.00595997 -0.00254666  0.00195099 0.0641232 0.0195118 0.0159259    3.79467 -0.0224002   -9.04524 
             120.702  12.7057  0.67723 -32.8859    3.30069 -0.0148027    1.37614 0 0 0   -0.011 -0.02329  0.04412 0.150569 -0.18228 0.125198 -0.00599323 -0.00247109  0.00190482 0.0629137  0.019293   0.01532    3.79353 -0.0228859   -9.04572 
             120.802  13.6008 0.476073 -33.0361    3.31871 -0.0362846    1.39143 0 0 0   -0.011 -0.02329  0.04412  0.182718 -0.235407  0.112741 -0.00600953 -0.00248012  0.00192623 0.0631788  0.017204 0.0150729    3.79407 -0.0248336   -9.04549 
             120.902    14.4418 -0.0997979   -33.1191    3.34859 -0.0593681    1.40253 0 0 0   -0.011 -0.02329  0.04412  0.342117 -0.226093  0.102371 -0.00594457 -0.00242377  0.00192789 0.0649452 0.0138048  0.016151   3.7965 -0.02766 -9.04446 
             121.002     14.7386 -0.00300004    -33.6228    3.37623 -0.0776452    1.41292 0 0 0   -0.011 -0.02329  0.04412  0.239389 -0.194622  0.193872 -0.00599111 -0.00245418  0.00190927 0.0663193 0.0157187 0.0173926    3.79767 -0.0255045   -9.04398 
             121.102  13.8726  1.01174 -35.2639    3.39894 -0.0982919    1.42336 0 0 0   -0.011 -0.02329  0.04412  0.212655 -0.191623  0.142933 -0.00592429 -0.00252491  0.00196969  0.065382 0.0183937 0.0172944    3.79638 -0.0231548   -9.04453 
             121.202  13.9333  1.12878 -35.4914   3.42528 -0.119635   1.43535 0 0 0   -0.011 -0.02329  0.04412  0.251691 -0.210054  0.117017 -0.00593407 -0.00252064  0.00192225 0.0647109 0.0158456 0.0172614     3.7963 -0.0257229   -9.04455 
             121.302  13.7829 0.780843 -36.6148  3.45419 -0.14333  1.44835 0 0 0   -0.011 -0.02329  0.04412  0.304922  -0.29103 0.0806321 -0.00587481 -0.00243746  0.00196349 0.0654228 0.0149097 0.0172664   3.79705 -0.026469  -9.04423 
             121.402  13.6519  1.25077 -37.2664   3.48973 -0.172581    1.4601 0 0 0   -0.011 -0.02329  0.04412  0.227804 -0.275618  0.180305 -0.00591187  -0.0024947  0.00192984 0.0662868 0.0111034 0.0178573    3.79865 -0.0299043   -9.04355 
             121.502  13.7569  2.29435 -36.9634   3.51514 -0.200001   1.47012 0 0 0   -0.011 -0.02329  0.04412  0.215419 -0.310376 0.0917184 -0.00591789 -0.00254161  0.00190814 0.0676199 0.0103945 0.0189583    3.80023 -0.0302765   -9.04289 
             121.602  14.6949  1.24571 -36.8203   3.53137 -0.222129   1.47639 0 0 0   -0.011 -0.02329  0.04412  0.160832 -0.272398  0.125133 -0.00598144 -0.00242654  0.00187651  0.070253 0.0133407 0.0202164    3.80226 -0.0268997   -9.04205 
             121.702  15.6755 0.694782 -36.9853   3.54987 -0.246329   1.48363 0 0 0   -0.011 -0.02329  0.04412   0.23825 -0.317988 0.0786429 -0.00599115 -0.00240866  0.00189584  0.072947 0.0151747 0.0212514    3.80447 -0.0245845   -9.04112 
             121.802  15.7466 0.471852 -37.6225   3.57949 -0.273405    1.4964 0 0 0   -0.011 -0.02329  0.04412  0.202803 -0.273183  0.242145  -0.0059079 -0.00238191  0.00192312 0.0751529 0.0140074  0.021998    3.80672 -0.0252416   -9.04017 
             121.902   15.416  1.67064 -38.4561   3.60927 -0.291752   1.51988 0 0 0   -0.011 -0.02329  0.04412  0.256196 -0.277748  0.141722 -0.00595683 -0.00243685  0.00197475 0.0798896 0.0110031  0.023749     3.8117 -0.0271244   -9.03807 
             122.002  14.5111  1.98981 -39.3818   3.63362 -0.311983   1.53213 0 0 0   -0.011 -0.02329  0.04412   0.23004 -0.223784  0.134652 -0.00589298 -0.00245058  0.00197191 0.0831219 0.0106604  0.025456    3.81496 -0.0267693    -9.0367 
             122.102  15.3634  2.07949 -39.7409   3.66049 -0.334956   1.53676 0 0 0   -0.011 -0.02329  0.04412    0.2959 -0.253494  0.099958 -0.00593458 -0.00242887   0.0019577 0.0830397 0.0122349 0.0261411    3.81484 -0.0252621   -9.03675 
             122.202  14.8761  2.27423 -40.5517   3.69332 -0.365114   1.54259 0 0 0   -0.011 -0.02329  0.04412  0.295393 -0.311873  0.037392 -0.00588131 -0.00241259  0.00194773 0.0822245 0.0114666 0.0261031    3.8143 -0.026153  -9.03698 
             122.302  15.7227  3.36282 -40.1033   3.71332 -0.389973   1.54808 0 0 0   -0.011 -0.02329  0.04412  0.189572 -0.287493 0.0616754 -0.00595759 -0.00249738  0.00189748 0.0826221 0.0145779 0.0266954    3.81428 -0.0230849   -9.03699 
             122.402  15.6198  2.26097 -40.2895   3.73813 -0.414076   1.55563 0 0 0   -0.011 -0.02329  0.04412  0.180461 -0.232806 0.0592688 -0.00590677 -0.00237557  0.00190768  0.084284 0.0111428  0.027178    3.81638 -0.0260399    -9.0361 
             122.502  16.4953   2.1072 -40.5163    3.7528 -0.437192   1.56299 0 0 0   -0.011 -0.02329  0.04412  0.196867 -0.282499  0.036992 -0.00591439 -0.00238206  0.00195049 0.0851916 0.0129229 0.0269355    3.81674 -0.0241858   -9.03595 
             122.602  17.0968  1.92343 -40.5425  3.77258 -0.47151  1.57328 0 0 0   -0.011 -0.02329  0.04412  0.313677 -0.300792 0.0441248 -0.00588824 -0.00243463  0.00190632 0.0830395 0.0130228 0.0253539    3.81445 -0.0245506   -9.03691 
             122.702  16.9953  2.62728 -41.1606   3.79526 -0.495705   1.58897 0 0 0   -0.011 -0.02329  0.04412  0.210911 -0.228074  0.204038 -0.00589437 -0.00245434  0.00197418  0.084474 0.0133479 0.0257584     3.8157 -0.0239614   -9.03639 
             122.802  16.3949  3.05005 -42.1258   3.81948 -0.517224   1.60561 0 0 0   -0.011 -0.02329  0.04412  0.15604 -0.24826 0.138922 -0.00590042 -0.00241702  0.00192544 0.0861581 0.0120041 0.0263605     3.8175 -0.0249141   -9.03563 
             122.902  16.3392  3.11987 -42.2657   3.84611 -0.537215   1.61887 0 0 0   -0.011 -0.02329  0.04412  0.257232 -0.226008  0.104628 -0.00588718 -0.00239749  0.00191794  0.0884809 0.00873133  0.0273828    3.82028 -0.0275798   -9.03444 
             123.002  15.6094  2.61117 -43.4486   3.87124 -0.563725   1.62772 0 0 0   -0.011 -0.02329  0.04412  0.243913 -0.322452 0.0898906 -0.00582409 -0.00236562   0.0019311 0.0885008 0.0100647 0.0273634    3.82007 -0.0263034   -9.03454 
             123.102  16.1223   3.7536 -43.1064    3.8954 -0.590312   1.63403 0 0 0   -0.011 -0.02329  0.04412  0.152639 -0.248082  0.143334 -0.00585034 -0.00244147  0.00191544   0.089522 0.00993086  0.0282039    3.8212 -0.026216  -9.03406 
             123.202 16.2159 3.42594 -43.333   3.91137 -0.611093   1.64416 0 0 0   -0.011 -0.02329  0.04412  0.147219 -0.198162  0.069059 -0.00588171 -0.00233751  0.00195378  0.0910741 0.00980867   0.029057    3.82277 -0.0260234    -9.0334 
             123.302  16.9176  2.92335 -43.2381   3.92819 -0.635823   1.65477 0 0 0   -0.011 -0.02329  0.04412  0.175417 -0.228093  0.100915 -0.00586824 -0.00235906  0.00190645  0.0896438 0.00787106  0.0286613    3.82178 -0.0281411   -9.03381 
             123.402  17.3882  2.27925 -43.4168   3.95071 -0.666133     1.659 0 0 0   -0.011 -0.02329  0.04412   0.29164  -0.31657 0.0665098 -0.00586229 -0.00239806  0.00192729  0.0883783 0.00797362  0.0285375   3.82069 -0.028269  -9.03427 
             123.502 17.1047 2.00218 -44.094   3.97709 -0.694674   1.67169 0 0 0   -0.011 -0.02329  0.04412  0.275164 -0.264413  0.189449 -0.00580063 -0.00240442    0.001963  0.0891642 0.00887874  0.0292238    3.82141 -0.0272407   -9.03397 
             123.602  15.7447  3.35676 -45.1431   4.00423 -0.717547   1.68455 0 0 0   -0.011 -0.02329  0.04412  0.168762 -0.301381  0.101453 -0.00577508 -0.00246128   0.0020126  0.0920124 0.00871365  0.0303935   3.82414 -0.026855  -9.03281 
             123.702  16.2931  3.88934 -44.8211   4.02154 -0.746249   1.68797 0 0 0   -0.011 -0.02329  0.04412   0.22761 -0.289752 0.0517748 -0.00584967 -0.00250288  0.00191801 0.0913386 0.0103076  0.030474  3.82336 -0.02545 -9.03315 
             123.802 16.0374 3.78842 -45.757  4.04937 -0.77462  1.69345 0 0 0   -0.011 -0.02329  0.04412  0.266627 -0.340881 0.0371938 -0.00576397 -0.00242162  0.00200063  0.0927866 0.00994004  0.0308593    3.82473 -0.0255347   -9.03257 
             123.902  16.1546  4.88682 -45.5448   4.07194 -0.797602   1.70005 0 0 0   -0.011 -0.02329  0.04412  0.181835 -0.237807 0.0956151 -0.00578705 -0.00251194  0.00195633 0.0963101 0.0113098 0.0321248     3.8278 -0.0235717   -9.03127 
             124.002  15.4727  4.83095 -45.7597   4.09417 -0.827547   1.70938 0 0 0   -0.011 -0.02329  0.04412  0.165995 -0.276447 0.0113638 -0.00577037 -0.00239684  0.00199305  0.0960526 0.00794093  0.0318749    3.82805 -0.0268435   -9.03116 
             124.102  16.9256  4.27874 -45.1503   4.11266 -0.850364   1.71985 0 0 0   -0.011 -0.02329  0.04412  0.155545 -0.272871 0.0627847 -0.00588342 -0.00243022   0.0019338  0.0982624 0.00610129  0.0322737    3.83028 -0.0282154   -9.03021 
             124.202    18.05  3.39566 -45.0408   4.12879 -0.876839   1.72568 0 0 0   -0.011 -0.02329  0.04412  0.242258 -0.312508 0.0239695 -0.00586639 -0.00238873    0.001884  0.0991377 0.00735291  0.0320821    3.83075 -0.0268892   -9.03001 
             124.302  17.9138  3.25221 -45.8129   4.15471 -0.904058   1.73422 0 0 0   -0.011 -0.02329  0.04412  0.219395 -0.279474  0.145637 -0.00579722 -0.00237643  0.00198915   0.100733 0.00782201  0.0323474    3.83207 -0.0261654   -9.02946 
             124.402  17.3557  4.31252 -46.2369   4.17729 -0.929671   1.75038 0 0 0   -0.011 -0.02329  0.04412   0.23559 -0.285976  0.100507 -0.00572327 -0.00247882  0.00201926   0.100729 0.00846599  0.0319823    3.83185 -0.0255686   -9.02955 
             124.502   16.292  4.91397 -46.7336   4.19849 -0.956842    1.7626 0 0 0   -0.011 -0.02329  0.04412  0.214261 -0.251158 0.0793137 -0.00575688 -0.00245488  0.00197605   0.101035 0.00728895  0.0319065    3.83226 -0.0266432   -9.02937 
             124.602  16.8258  5.01944 -46.9148   4.22291 -0.985902   1.77198 0 0 0   -0.011 -0.02329  0.04412  0.281614 -0.294746 0.0618594 -0.00584612 -0.00242923  0.00197918    0.10027 0.00670368  0.0314179    3.83157 -0.0273504   -9.02966 
             124.702  16.3351  5.44645 -47.5377  4.25529 -1.01914  1.77906 0 0 0   -0.011 -0.02329  0.04412  0.253121 -0.284557   0.13472 -0.00579785 -0.00243142  0.00197543   0.100371 0.00459685  0.0314239   3.83198 -0.029343  -9.02948 
             124.802  16.8697  6.25505 -47.3799  4.27788 -1.04361    1.794 0 0 0   -0.011 -0.02329  0.04412  0.160065 -0.302379  0.134661 -0.00585762 -0.00242824  0.00196027   0.102424 0.00447921   0.032181    3.83392 -0.0290836   -9.02866 
             124.902  16.7758  5.09919 -47.5393  4.28656 -1.06666  1.80195 0 0 0   -0.011 -0.02329  0.04412 0.0948831 -0.249443  0.150933 -0.00579504  -0.0022975  0.00193869   0.103488 0.00745672   0.032467  3.83442 -0.02606 -9.02845 
             125.002   18.375  4.70919 -47.4376  4.29499 -1.09827  1.80914 0 0 0   -0.011 -0.02329  0.04412  0.157914 -0.308335 0.0338304 -0.00586538 -0.00230434  0.00191972    0.1013 0.0083647  0.031812    3.83228 -0.0255752   -9.02936 
             125.102  19.1345  4.65987 -47.5039  4.31536 -1.13462  1.81319 0 0 0   -0.011 -0.02329  0.04412   0.254776  -0.331005 0.00660853 -0.00586242 -0.00232488  0.00192536  0.0999072 0.00730494   0.031454    3.83119 -0.0268239   -9.02983 
             125.202  19.2008   4.8403 -47.7505  4.34094 -1.16554  1.82512 0 0 0   -0.011 -0.02329  0.04412  0.244712 -0.265085  0.124106 -0.00582949 -0.00233948  0.00190684    0.10026 0.00478837  0.0319682    3.83203 -0.0291386   -9.02946 
             125.302  18.3688  5.20439 -48.9721  4.36467 -1.18829  1.83443 0 0 0   -0.011 -0.02329  0.04412  0.167018 -0.282582 0.0837791  -0.0058046 -0.00235596  0.00196838   0.102638 0.00498256  0.0328889    3.83423 -0.0285292   -9.02853 
             125.402  18.3123  5.72047 -48.9002   4.3826 -1.21731  1.83851 0 0 0   -0.011 -0.02329  0.04412   0.22539 -0.285313 0.0208666 -0.00580516 -0.00240534   0.0019065   0.101805 0.00536802  0.0326753    3.83343 -0.0283047   -9.02887 
             125.502  18.1511  5.77443 -49.7181   4.4105 -1.24713  1.84435 0 0 0   -0.011 -0.02329  0.04412    0.29042  -0.307888 -0.0249012 -0.00581239 -0.00236768  0.00195241   0.102189 0.00396875  0.0324389    3.83387 -0.0295876   -9.02868 
             125.602  18.0602  6.38184 -50.0122  4.44009 -1.28118  1.84535 0 0 0   -0.011 -0.02329  0.04412  0.233549 -0.277894 0.0758798 -0.00585262 -0.00241078  0.00194236   0.101917 0.00258757  0.0322208    3.83378 -0.0309564   -9.02871 
             125.702  17.4281  6.39904 -50.3119  4.45631 -1.30835  1.85907 0 0 0   -0.011 -0.02329  0.04412  0.168342 -0.297575 0.0219731 -0.00582551  -0.0023776  0.00194208   0.103199 0.00241294  0.0319369    3.83476 -0.0309398    -9.0283 
             125.802  18.7346  6.00677 -49.8724  4.46459 -1.33688  1.86919 0 0 0   -0.011 -0.02329  0.04412  0.107922 -0.266531 0.0919517  -0.0059225 -0.00244387   0.0018974   0.101982 0.00366685  0.0307521    3.83321 -0.0299931   -9.02896 
             125.902 19.9154 5.48723 -49.722  4.48258 -1.36491  1.87454 0 0 0   -0.011 -0.02329  0.04412   0.203384  -0.296289 0.00846197 -0.00592945 -0.00242899  0.00188525    0.10223 0.00296846  0.0304031     3.8334 -0.0306409   -9.02887 
             126.002 19.8579 5.54437 -50.236  4.50411 -1.39498  1.87708 0 0 0   -0.011 -0.02329  0.04412  0.187914 -0.277628 0.0888553 -0.00584919 -0.00238221   0.0019424  0.102298 0.0033001 0.0301748    3.83334 -0.0303269    -9.0289 
             126.102  20.0553  5.89652 -50.6663  4.52359 -1.41987  1.89323 0 0 0   -0.011 -0.02329  0.04412  0.236865 -0.262826 0.0820909 -0.00588912 -0.00240745  0.00193282   0.102868 0.00316878  0.0297882    3.83369 -0.0303838   -9.02875 
             126.202 18.5329 5.91509 -52.154  4.53981 -1.45312  1.90351 0 0 0   -0.011 -0.02329  0.04412  0.134308 -0.286752 0.0794565 -0.00582988  -0.0023613  0.00196866   0.101267 0.00277242  0.0285877    3.83205 -0.0310575   -9.02945 
             126.302  19.2463  6.28099 -52.0739  4.55195 -1.48126  1.91051 0 0 0   -0.011 -0.02329  0.04412  0.205685 -0.302899 0.0549783  -0.0059073 -0.00242545  0.00193889   0.101105 0.00417198  0.0282179     3.8316 -0.0297643   -9.02964 
             126.402  18.8825  6.40599 -52.9215  4.57596 -1.51658  1.91955 0 0 0   -0.011 -0.02329  0.04412  0.240939 -0.365779 0.0365135 -0.00585424 -0.00238177  0.00195258   0.100743 0.00279707  0.0276546    3.83132 -0.0311506   -9.02976 
             126.502  18.8634  7.18011 -52.9577  4.59972 -1.55104  1.93369 0 0 0   -0.011 -0.02329  0.04412  0.150552 -0.306032  0.137324 -0.00583859 -0.00243215  0.00192765    0.100601 0.000991368   0.0274987     3.8314 -0.0328973   -9.02972 
             126.602 18.4158 6.89995 -52.968  4.61287 -1.58073  1.94302 0 0 0   -0.011 -0.02329  0.04412  0.135581 -0.255508 0.0741731 -0.00583527 -0.00237016  0.00187955   0.100718 0.00134702   0.027458    3.83144 -0.0325435    -9.0297 
             126.702  19.6412  6.55956 -53.1455   4.6299 -1.60679  1.94726 0 0 0   -0.011 -0.02329  0.04412  0.160519 -0.297559 0.0499791 -0.00591393 -0.00236715  0.00189804   0.101418 0.00088612  0.0282599    3.83232 -0.0328435   -9.02932 
             126.802  20.5482  5.95545 -53.2832  4.64679 -1.64519  1.95042 0 0 0   -0.011 -0.02329  0.04412  0.226588 -0.381023 0.0260912 -0.00593767 -0.00236879   0.0018897   0.0997026 0.000846861   0.0275462     3.8307 -0.0331593   -9.03001 
             126.902  20.6123   5.8417 -53.8593  4.66472 -1.67674  1.96065 0 0 0   -0.011 -0.02329  0.04412  0.190298 -0.305351  0.170097 -0.00590526 -0.00238461  0.00194464   0.100137 0.00187064   0.027791      3.831 -0.0321122   -9.02989 
             127.002  19.4263  7.14111 -54.9625  4.68181 -1.70886  1.97453 0 0 0   -0.011 -0.02329  0.04412  0.103757 -0.326601  0.116211 -0.00583428 -0.00242594  0.00200637   0.100406 0.00172771  0.0276685    3.83119 -0.0322137   -9.02981 
             127.102  19.4641  7.47136 -55.0592 4.69434 -1.7389 1.98154 0 0 0   -0.011 -0.02329  0.04412  0.143756 -0.320677 0.0750369 -0.00584151 -0.00241952  0.00194592   0.100717 0.00193158  0.0281163    3.83156 -0.0319595   -9.02965 
             127.202  19.4828  7.45031 -55.7263 4.71375  -1.774 1.98502 0 0 0   -0.011 -0.02329  0.04412  0.199214 -0.375581 0.0301717 -0.00585528  -0.0024158  0.00193094   0.100462 0.00177112  0.0283208    3.83144 -0.0321411    -9.0297 
             127.302  19.1904  7.88879 -56.1617 4.73622 -1.8071 1.98806 0 0 0   -0.011 -0.02329  0.04412  0.119924 -0.314075  0.178982 -0.00582818 -0.00244377  0.00192002  0.101934 0.0014969 0.0292942    3.83299 -0.0321598   -9.02905 
             127.402  18.9144  8.58476 -55.9028 4.74361 -1.8403 2.00024 0 0 0   -0.011 -0.02329  0.04412 0.0982547 -0.321369  0.049138 -0.00583985 -0.00242047  0.00192417  0.101421 0.0018486 0.0291447    3.83247 -0.0319014   -9.02926 
             127.502  20.0453  7.64518 -55.6783  4.75485 -1.86693  2.00848 0 0 0   -0.011 -0.02329  0.04412  0.102157 -0.296335  0.048656 -0.00596464 -0.00238138  0.00185613   0.102149 0.00114459  0.0295687    3.83329 -0.0324543   -9.02891 
             127.602   20.989  6.74881 -55.5423  4.76876 -1.89791  2.00878 0 0 0   -0.011 -0.02329  0.04412  0.156209 -0.356168 0.0165089 -0.00594657 -0.00238575  0.00183147   0.102563 0.00120119  0.0300065    3.83376 -0.0323249   -9.02872 
             127.702 20.6656 6.45745 -56.249  4.78589 -1.92843  2.00975 0 0 0   -0.011 -0.02329  0.04412  0.148434 -0.324334  0.136021 -0.00586431 -0.00239614  0.00186175   0.103617 0.00281393  0.0308416    3.83468 -0.0306148   -9.02833 
             127.802  20.4206  7.28279 -56.7718  4.80548 -1.95401  2.02113 0 0 0   -0.011 -0.02329  0.04412  0.159014 -0.311215 0.0633945 -0.00585776 -0.00241309  0.00184509   0.105318 0.00315232  0.0314574    3.83622 -0.0300398   -9.02768 
             127.902  19.5979  7.86387 -56.8097  4.81854 -1.98575  2.03331 0 0 0   -0.011 -0.02329  0.04412  0.131953   -0.3234 0.0712509 -0.00582854 -0.00246557  0.00180625   0.105274 0.00245719  0.0311866    3.83618 -0.0307147   -9.02769 
             128.002  19.5653  7.60239 -57.1317  4.84065 -2.02321  2.04165 0 0 0   -0.011 -0.02329  0.04412  0.205422 -0.404944 0.0426155 -0.00585436 -0.00241888  0.00183714    0.105477 0.000651046   0.0312275   3.83659 -0.032401  -9.02751 
             128.102  18.8501  7.69434 -57.4131   4.8633 -2.06662  2.04892 0 0 0   -0.011 -0.02329  0.04412  0.171464 -0.322439  0.357519 -0.00587966 -0.00243441  0.00184117     0.105565 -0.000562698    0.0313817    3.83686 -0.0335364   -9.02739 
             128.202  19.0838   8.6303 -55.6906  4.87486 -2.09233  2.07924 0 0 0   -0.011 -0.02329  0.04412  0.119623 -0.301425  0.261832 -0.00580476 -0.00245585   0.0017184    0.106892 0.000626749   0.0318946    3.83796 -0.0322105   -9.02693 
             128.302  19.7176  7.47001 -55.4233 4.88997 -2.1123 2.09788 0 0 0   -0.011 -0.02329  0.04412 0.0907579 -0.261677  0.303835  -0.0059429 -0.00242145  0.00175651   0.108545 0.00139114  0.0333868    3.83966 -0.0312029   -9.02621 
             128.402  20.4542  6.51112 -54.8658  4.90712 -2.13862  2.10304 0 0 0   -0.011 -0.02329  0.04412  0.190414 -0.315882  0.165757 -0.00593293 -0.00238761  0.00176097  0.108128 0.0027546 0.0349387    3.83962 -0.0298945   -9.02623 
             128.502 19.9278 6.37557 -55.396  4.92842 -2.16683  2.10601 0 0 0   -0.011 -0.02329  0.04412  0.157284 -0.280947  0.242649 -0.00585816 -0.00236723  0.00185412   0.107715 0.00446548  0.0364859    3.83953 -0.0282612   -9.02628 
             128.602   19.683   6.5337 -55.4263  4.95067 -2.19759  2.11629 0 0 0   -0.011 -0.02329  0.04412  0.205506 -0.301479  0.132021 -0.00588756 -0.00240226  0.00183842   0.106301 0.00469382  0.0372326    3.83858 -0.0282125   -9.02668 
             128.702  18.4211  7.00362 -55.4869  4.96798 -2.23083  2.11499 0 0 0   -0.011 -0.02329  0.04412  0.175031 -0.278987 0.0797991 -0.00581963  -0.0024626  0.00181654   0.104448 0.00540258  0.0378405   3.83717 -0.027787  -9.02728 
             128.802  19.5344  7.08218 -54.7584  4.99316 -2.26375  2.11475 0 0 0   -0.011 -0.02329  0.04412   0.25168 -0.327576 0.0428264 -0.00597151 -0.00248224  0.00180895   0.103675 0.00470551  0.0382854    3.83677 -0.0285417   -9.02745 
             128.902  19.0631  7.36962 -54.9189  5.02207 -2.30022  2.11167 0 0 0   -0.011 -0.02329  0.04412  0.273216 -0.378337 -0.018544 -0.00589241 -0.00249768  0.00182981   0.103327 0.00453868  0.0386421    3.83662 -0.0287369   -9.02752 
             129.002  19.5163  8.31567 -53.9203  5.04385 -2.33781  2.11994 0 0 0   -0.011 -0.02329  0.04412    0.19135  -0.349348 0.00785725 -0.00592592 -0.00252806   0.0018125   0.102401 0.00399944  0.0381791     3.8358 -0.0294007   -9.02786 
             129.102  19.3927  7.15668 -53.1294 5.06057 -2.3645 2.12846 0 0 0   -0.011 -0.02329  0.04412  0.157223 -0.284724 0.0555839 -0.00587204 -0.00244778  0.00181529    0.10354 0.00427005  0.0379049     3.8366 -0.0289916   -9.02752 
             129.202  19.7657  6.49243 -52.6158  5.07341 -2.38729   2.1313 0 0 0   -0.011 -0.02329  0.04412   0.231745  -0.315327 -0.0360349 -0.00587159  -0.0024884  0.00180131  0.104781 0.0061743 0.0379537    3.83735 -0.0270157   -9.02721 
             129.302  19.8791  6.12356 -52.4581  5.09531 -2.41528  2.13448 0 0 0   -0.011 -0.02329  0.04412  0.213097 -0.289484 0.0561104 -0.00590895 -0.00249588  0.00185319   0.105648 0.00671875  0.0379434    3.83796 -0.0263749   -9.02695 
             129.402  19.8374  5.98626 -52.1498   5.1116 -2.43978  2.14896 0 0 0   -0.011 -0.02329  0.04412  0.228382 -0.254317 0.0977396 -0.00589425 -0.00254264  0.00183659    0.10589 0.00767795  0.0376606   3.83793 -0.025453  -9.02697 
             129.502  18.0016  6.23005 -52.6329 5.12787  -2.466 2.16083 0 0 0   -0.011 -0.02329  0.04412  0.152076 -0.245145 0.0683641 -0.00579799 -0.00253719  0.00181614   0.106108 0.00766987  0.0372753    3.83798 -0.0254452   -9.02695 
             129.602   18.993  6.37371 -51.5191  5.15022 -2.49131  2.17216 0 0 0   -0.011 -0.02329  0.04412  0.247416 -0.262432 0.0661371 -0.00592442 -0.00256713  0.00178993   0.106577 0.00634677   0.037119    3.83851 -0.0266134   -9.02672 
             129.702  18.0325   6.1808 -51.8556   5.1753 -2.51964  2.18071 0 0 0   -0.011 -0.02329  0.04412  0.250386 -0.311853 0.0576177 -0.00583944  -0.0025201  0.00182704   0.106716 0.00632242  0.0368428    3.83854 -0.0266273    -9.0267 
             129.802  18.1645  7.10242 -50.7164  5.19905 -2.54522  2.19214 0 0 0   -0.011 -0.02329  0.04412   0.17886 -0.229863  0.105491 -0.00584078 -0.00256164   0.0017794   0.107101 0.00577525  0.0369944    3.83898 -0.0270644   -9.02651 
             129.902  17.9471  6.33767 -49.6887  5.21747 -2.56974  2.20369 0 0 0   -0.011 -0.02329  0.04412  0.149992 -0.193247  0.114789 -0.00588013 -0.00254266  0.00176206   0.106839 0.00514646  0.0366025    3.83876 -0.0277175   -9.02661 
             130.002  18.4449  5.50852 -49.1899  5.23335 -2.59839  2.21077 0 0 0   -0.011 -0.02329  0.04412  0.207827 -0.251683 0.0445447 -0.00590717 -0.00250752  0.00179864   0.105467 0.00498734  0.0361802    3.83756 -0.0281294   -9.02712 
             130.102   18.903  4.56343 -48.6991  5.25803 -2.62534  2.21173 0 0 0   -0.011 -0.02329  0.04412  0.318725 -0.277645 0.0611044 -0.00588557 -0.00252089  0.00175526   0.105438 0.00554431   0.036504    3.83754 -0.0275959   -9.02713 
             130.202  18.4133  4.24449 -48.6033  5.27902 -2.65165  2.22956 0 0 0   -0.011 -0.02329  0.04412  0.264027 -0.283531  0.187123 -0.00583111 -0.00252566  0.00173827   0.105768 0.00658174  0.0366087    3.83765 -0.0265691   -9.02708 
             130.302  17.3392  5.01508 -49.2812  5.30301 -2.68381  2.24296 0 0 0   -0.011 -0.02329  0.04412  0.164333 -0.312737  0.137429 -0.00577159 -0.00258147  0.00183481   0.105425 0.00637238  0.0366923    3.83744 -0.0268233   -9.02717 
             130.402  17.5944  5.36495 -48.3523   5.3189 -2.71434  2.25369 0 0 0   -0.011 -0.02329  0.04412  0.228155  -0.30859 0.0960944 -0.00582187 -0.00262468    0.001785   0.105181 0.00703199   0.036499    3.83706 -0.0262757   -9.02733 
             130.502  17.1801  5.21794 -48.4583  5.34469 -2.74672  2.25776 0 0 0   -0.011 -0.02329  0.04412  0.285004 -0.347779 0.0490006 -0.00578551  -0.0025721  0.00181515   0.105025 0.00749295   0.036673    3.83691 -0.0258733    -9.0274 
             130.602  16.8282  5.59916 -48.0542  5.37182 -2.77103  2.26365 0 0 0   -0.011 -0.02329  0.04412  0.183162 -0.273378  0.130584 -0.00575157 -0.00256758  0.00175087   0.106607 0.00786049  0.0375485    3.83835 -0.0251602   -9.02679 
             130.702  16.5925  5.99237 -46.7418  5.39168 -2.79468  2.27432 0 0 0   -0.011 -0.02329  0.04412   0.212752  -0.236215 0.00680007 -0.00580478 -0.00262497  0.00174676   0.107528 0.00751631  0.0378798    3.83924 -0.0252647   -9.02641 
             130.802  17.2806  4.97532 -46.0341  5.41252 -2.81744  2.28483 0 0 0   -0.011 -0.02329  0.04412  0.204618 -0.264155 0.0302502 -0.00586348 -0.00253116  0.00175293   0.107923 0.00670049  0.0378337     3.8397 -0.0259324   -9.02621 
             130.902  17.8283  3.96039 -45.5457  5.44022 -2.84615   2.2853 0 0 0   -0.011 -0.02329  0.04412  0.310413 -0.301266  0.018818 -0.00587987 -0.00251818  0.00176329   0.108014 0.00623646  0.0380465    3.83993 -0.0263181   -9.02611 
             131.002  17.4459  3.75424 -45.5766 5.46623  -2.877 2.29874 0 0 0   -0.011 -0.02329  0.04412   0.23995 -0.243848  0.192525 -0.00584931 -0.00256386  0.00179084   0.107645 0.00579741  0.0376996   3.83963 -0.026825  -9.02624 
             131.102 16.5569 4.18876 -46.121  5.49362 -2.89652  2.31489 0 0 0   -0.011 -0.02329  0.04412  0.191866 -0.218889  0.149634 -0.00579979 -0.00262631  0.00183157   0.108719 0.00547117  0.0378506    3.84058 -0.0268685   -9.02583 
             131.202  16.3651  4.55053 -45.3752  5.51124 -2.91309  2.32911 0 0 0   -0.011 -0.02329  0.04412    0.2383 -0.190159  0.130361 -0.00585777 -0.00263807  0.00174016   0.109268 0.00606815  0.0377576    3.84085 -0.0262113   -9.02572 
             131.302 15.9449 3.93394 -45.544  5.53439 -2.93039  2.34139 0 0 0   -0.011 -0.02329  0.04412  0.262821 -0.247001  0.117524 -0.00584036 -0.00254573  0.00175717    0.10991 0.00694945  0.0378868    3.84118 -0.0252581   -9.02558 
             131.402  15.9779  4.69043 -44.6789  5.55968 -2.95555  2.34882 0 0 0   -0.011 -0.02329  0.04412  0.186517 -0.214245  0.144498 -0.00581936 -0.00262304  0.00171295    0.10966 0.00694388  0.0381475    3.84107 -0.0253018   -9.02563 
             131.502  16.1319   4.5759 -43.2382  5.57971 -2.97833  2.35373 0 0 0   -0.011 -0.02329  0.04412  0.178995 -0.189596   0.05558 -0.00590306 -0.00263292  0.00163956   0.109204 0.00684124  0.0385482    3.84086 -0.0254692   -9.02572 
             131.602  16.6454  3.72305 -42.6682  5.59704 -2.99627  2.36248 0 0 0   -0.011 -0.02329  0.04412  0.197372 -0.195788  0.120734  -0.0058829 -0.00253831  0.00164039    0.10932 0.00682843  0.0386887    3.84099 -0.0254397   -9.02567 
             131.702  17.2344  2.72634 -42.7218  5.62403 -3.01861   2.3704 0 0 0   -0.011 -0.02329  0.04412  0.324439 -0.240293  0.086239 -0.00591013 -0.00250279  0.00172115   0.109296 0.00662767  0.0388965    3.84108 -0.0256045   -9.02563 
             131.802  16.6392   2.6522 -43.0811  5.65114 -3.04497  2.38525 0 0 0   -0.011 -0.02329  0.04412  0.279884 -0.216477  0.186014 -0.00588423 -0.00255131   0.0017036   0.108522 0.00659999    0.03898    3.84052 -0.0258212   -9.02586 
             131.902  15.5199  3.30824 -43.7435  5.67955 -3.07812  2.39568 0 0 0   -0.011 -0.02329  0.04412   0.20182 -0.259249  0.119291 -0.00585839 -0.00259751  0.00172661   0.107198 0.00608516  0.0389435    3.83964 -0.0266311   -9.02623 
             132.002  15.7337  3.93762 -43.2287  5.7031 -3.1044 2.40376 0 0 0   -0.011 -0.02329  0.04412  0.271148 -0.253683 0.0793316 -0.00589522 -0.00261079  0.00170484   0.106979 0.00618483  0.0390237    3.83948 -0.0265962    -9.0263 
             132.102  15.8481  4.10526 -43.4937  5.73046 -3.13021  2.41476 0 0 0   -0.011 -0.02329  0.04412  0.323832 -0.293182 0.0649169 -0.00585141 -0.00255732  0.00171425  0.107249 0.0065004 0.0386561   3.83949 -0.026277   -9.0263 
             132.202 15.4252  4.6791  -43.78 5.76321 -3.1616  2.4272 0 0 0   -0.011 -0.02329  0.04412  0.222911 -0.269318  0.210525 -0.00582583 -0.00255831  0.00180115  0.106899 0.0060425 0.0384204    3.83928 -0.0267949   -9.02639 
             132.302  14.8819  4.99379 -43.2092  5.78669 -3.18824  2.44606 0 0 0   -0.011 -0.02329  0.04412   0.192493  -0.279687 0.00206367 -0.00580754 -0.00255035  0.00171857   0.107114 0.00494732  0.0385456   3.83976 -0.027684  -9.02618 
             132.402 15.9484 4.45198 -42.837  5.80583 -3.21871  2.44568 0 0 0   -0.011 -0.02329  0.04412  0.164312 -0.345631 -0.031016 -0.00581656 -0.00255738  0.00179397   0.106587 0.00488445  0.0389258    3.83949 -0.0278359    -9.0263 
             132.502  17.2435  3.81145 -42.3086  5.82409 -3.25257     2.44 0 0 0   -0.011 -0.02329  0.04412  0.255776 -0.361722 -0.050792 -0.0058268 -0.0025556 0.00176963   0.106648 0.00544856  0.0388939   3.83938 -0.027331  -9.02635 
             132.602  17.2802  3.97266 -42.7944 5.84851 -3.2855 2.44444 0 0 0   -0.011 -0.02329  0.04412  0.201396 -0.304034  0.085506 -0.00578189 -0.00257772  0.00178671  0.106837 0.0050337 0.0386768    3.83957 -0.0276682   -9.02626 
             132.702  17.2334  3.65127 -43.6935  5.87622 -3.30475  2.46128 0 0 0   -0.011 -0.02329  0.04412  0.257985 -0.281702  0.035451 -0.00580935 -0.00256009  0.00183067   0.108633 0.00414624  0.0384948    3.84109 -0.0279834   -9.02562 
             132.802  16.0156  3.96218 -44.4366  5.89607 -3.32732  2.47796 0 0 0   -0.011 -0.02329  0.04412  0.200307  -0.24774 0.0562263 -0.00577074 -0.00259068  0.00184032  0.109915 0.0035309 0.0377406    3.84197 -0.0282561   -9.02524 
             132.902  16.8328  4.12018 -44.5364  5.92291 -3.34402  2.48918 0 0 0   -0.011 -0.02329  0.04412  0.302854 -0.254742 0.0586578  -0.0058861 -0.00261001  0.00178289  0.111481 0.0030753 0.0377988    3.84327 -0.0282259   -9.02469 
             133.002  16.1275  4.32532 -45.2596  5.94626 -3.36462  2.49504 0 0 0   -0.011 -0.02329  0.04412  0.232733 -0.227751   0.13305 -0.00579005 -0.00260407  0.00172515    0.11255 0.00416628  0.0378233    3.84379 -0.0269867   -9.02447 
             133.102  16.7388  5.95252 -44.2732  5.96215 -3.38496  2.50635 0 0 0   -0.011 -0.02329  0.04412   0.14839 -0.225504  0.105348 -0.00583432 -0.00272153  0.00163647   0.112662 0.00478738  0.0378671    3.84373 -0.0264105   -9.02449 
             133.202  16.3763  4.46128 -44.6455  5.98059 -3.40729  2.51711 0 0 0   -0.011 -0.02329  0.04412  0.143034 -0.183315  0.106116 -0.00584353 -0.00255692  0.00164466   0.112607 0.00396911  0.0376654    3.84384 -0.0271602   -9.02445 
             133.302  17.2668  3.98536 -45.1579  6.00248 -3.43357  2.52488 0 0 0   -0.011 -0.02329  0.04412  0.242908 -0.252231 0.0394868 -0.00588532 -0.00259467  0.00171769   0.112078 0.00323926  0.0377025    3.84363 -0.0279282   -9.02453 
             133.402  17.2629  3.76963 -46.0716  6.02921 -3.46105  2.53561 0 0 0   -0.011 -0.02329  0.04412  0.239108 -0.273182  0.140435 -0.00584794 -0.00259586  0.00181552    0.11224 0.00303943  0.0374732    3.84374 -0.0280858   -9.02449 
             133.502   16.897  3.25688 -46.9861   6.0555 -3.49055  2.55218 0 0 0   -0.011 -0.02329  0.04412  0.269408 -0.300093 0.0949739 -0.00582723 -0.00254531  0.00180808    0.11175 0.00278871  0.0374687    3.84343 -0.0284296   -9.02462 
             133.602   15.446  4.41388 -48.2132 6.07791  -3.523 2.56454 0 0 0   -0.011 -0.02329  0.04412  0.211693 -0.273358  0.085218 -0.00580313  -0.0026465  0.00186074    0.11142 0.00225119  0.0371589    3.84322 -0.0290106    -9.0247 
             133.702  16.5797  4.94723 -48.0756  6.09921 -3.55889  2.56912 0 0 0   -0.011 -0.02329  0.04412   0.27887  -0.30464 0.0619706 -0.00584716 -0.00262494  0.00176431   0.110229 0.00254606  0.0368262   3.84216 -0.029076  -9.02516 
             133.802  16.3968  5.62165 -49.1235  6.12666 -3.58637  2.57376 0 0 0   -0.011 -0.02329  0.04412  0.288633 -0.356763 0.0144244 -0.00583645 -0.00262509  0.00181363   0.110874 0.00296892  0.0369723    3.84259 -0.0285346   -9.02497 
             133.902  16.6911  7.07844 -48.6727  6.14344 -3.60542  2.58267 0 0 0   -0.011 -0.02329  0.04412 0.120318 -0.27213 0.114747 -0.00582665 -0.00266856  0.00177925   0.112156 0.00412648  0.0374574    3.84344 -0.0271703   -9.02461 
             134.002  16.1622  6.62688 -48.6047   6.1547 -3.62993  2.58561 0 0 0   -0.011 -0.02329  0.04412  0.105785 -0.215326 0.0729662 -0.00574713 -0.00257226  0.00170514   0.112194 0.00447625  0.0378046    3.84349 -0.0268212    -9.0246 
             134.102 17.7914 6.30579 -49.039  6.16543 -3.65521  2.59853 0 0 0   -0.011 -0.02329  0.04412  0.142555 -0.271765 0.0388641 -0.00590083 -0.00261178  0.00177639   0.112165 0.00403335  0.0373783    3.84345 -0.0272625   -9.02461 
             134.202  18.7433  5.38907 -49.7257   6.1816 -3.68855  2.60522 0 0 0   -0.011 -0.02329  0.04412  0.238663 -0.331649 0.0481949 -0.00587612 -0.00256334  0.00178072   0.111865 0.00414599  0.0369995    3.84309 -0.0272649   -9.02476 
             134.302  18.6284  5.14979 -50.6611  6.19956 -3.71355  2.62109 0 0 0   -0.011 -0.02329  0.04412  0.178522 -0.269539  0.158397 -0.00582504 -0.00256964  0.00179681   0.112562 0.00406757  0.0372193     3.8437 -0.0271682    -9.0245 
             134.402  17.2764  5.95576 -52.1537  6.21515 -3.74629   2.6322 0 0 0   -0.011 -0.02329  0.04412 0.0833773 -0.280443 0.0779492 -0.00568929 -0.00259027  0.00190753   0.111964 0.00365541   0.037156    3.84331 -0.0276646   -9.02467 
             134.502  18.6928  6.57749 -52.0792 6.23191 -3.7756 2.64233 0 0 0   -0.011 -0.02329  0.04412  0.202413 -0.265607 0.0197231 -0.00579552 -0.00260321  0.00176566   0.111587 0.00282587   0.037257    3.84322 -0.0284736   -9.02471 
             134.602 18.4243 6.62353 -53.165    6.254 -3.80119  2.63781 0 0 0   -0.011 -0.02329  0.04412   0.248846    -0.3202 -0.0292573 -0.00574905 -0.00259501   0.0017843   0.111797 0.00326102  0.0377059    3.84342 -0.0280105   -9.02462 
             134.702  16.5546  6.62174 -54.9724  6.28241 -3.82187  2.63692 0 0 0   -0.011 -0.02329  0.04412     0.2437  -0.389561 -0.0319289 -0.00568935 -0.00259953  0.00180067   0.113902 0.00323322  0.0384557    3.84526 -0.0275749   -9.02384 
             134.802  16.6703  7.32173 -55.7842 6.30658 -3.8648 2.64168 0 0 0   -0.011 -0.02329  0.04412  0.113083  -0.36451 0.0152669 -0.00582761 -0.00266429  0.00182142   0.113782 0.00184987   0.038374    3.84539 -0.0288454   -9.02378 
             134.902  17.4448   8.7396 -54.8608   6.3115 -3.90375  2.63648 0 0 0   -0.011 -0.02329  0.04412    0.10226  -0.297458 -0.0860632 -0.00579412 -0.00268349  0.00170754   0.113294 0.00213424  0.0380763    3.84488 -0.0286963     -9.024 
             135.002  19.7173  9.20482 -55.2368  6.31452 -3.93597  2.64105 0 0 0   -0.011 -0.02329  0.04412 -0.00712054   -0.360502    -0.02757 -0.00592892 -0.00277576  0.00183281    0.11358 0.00156676  0.0374246   3.84503 -0.029207  -9.02393 
             135.102  22.5627  8.13003 -54.5061 6.31641 -3.9773 2.64708 0 0 0   -0.011 -0.02329  0.04412  0.0601589  -0.447187 -0.0873374 -0.00594456 -0.00267201  0.00166403    0.113923 0.000796122   0.0363527    3.84513 -0.0299313   -9.02389 
             135.202  23.6643  8.01533 -55.5101  6.32944 -4.02169  2.64967 0 0 0   -0.011 -0.02329  0.04412   0.238741  -0.423685 -0.0193402 -0.00581924 -0.00264805  0.00168111    0.114507 0.000343542   0.0356478    3.84546 -0.0303041   -9.02375 
             135.302   22.186  10.6947 -57.1259  6.35378 -4.05019  2.67144 0 0 0   -0.011 -0.02329  0.04412  0.176291 -0.342584   0.13559 -0.00577582 -0.00279171  0.00180138    0.116852 -0.00132714   0.0357757    3.84756 -0.0314531   -9.02285 
             135.402  19.8711  11.5062 -58.7395  6.36113 -4.07804  2.67931 0 0 0   -0.011 -0.02329  0.04412 0.0724695 -0.344475  0.040199  -0.0056292 -0.00268349  0.00168083    0.117726 0.000282688   0.0355105   3.84791 -0.029882   -9.0227 
             135.502  19.3606  12.4175 -59.3464  6.38086 -4.10856  2.68809 0 0 0   -0.011 -0.02329  0.04412  0.144498 -0.340151 0.0252885 -0.00574588 -0.00269919   0.0016298    0.119005 -0.00149203   0.0357406   3.84921 -0.031304  -9.02215 
             135.602  19.0023  13.1372 -60.8552  6.39944 -4.13846  2.69177 0 0 0   -0.011 -0.02329  0.04412    0.14043  -0.384926 -0.0125197 -0.00576683 -0.00266181  0.00163551    0.120172 -0.00163116   0.0359123    3.85018 -0.0312707   -9.02173 
             135.702   20.089  15.1281 -59.9846  6.41575 -4.17424  2.69508 0 0 0   -0.011 -0.02329  0.04412 0.00813299  -0.328469  0.0958965  -0.0058728 -0.00279501  0.00153744    0.120411 -0.00288509   0.0362786    3.85063 -0.0323537   -9.02154 
             135.802  20.2444  15.0353 -59.8494  6.41814 -4.20456  2.70029 0 0 0   -0.011 -0.02329  0.04412 0.00721867  -0.316583 0.00247038 -0.00585047   -0.002656  0.00152237     0.12126 -0.00317216   0.0365029    3.85139 -0.0325068   -9.02121 
             135.903  21.8941  14.3778 -60.5217  6.41954 -4.24121  2.70043 0 0 0   -0.011 -0.02329  0.04412 0.0143124 -0.298923  0.023604 -0.00592419 -0.00264689  0.00154384     0.12024 -0.00379351   0.0361792    3.85056 -0.0332003   -9.02156 
             136.002  23.5551  13.6811 -62.0401  6.43214 -4.28232  2.70601 0 0 0   -0.011 -0.02329  0.04412   0.175569  -0.402964 -0.0764707 -0.00597783 -0.00260913  0.00159823    0.119828 -0.00517648   0.0356647    3.85023 -0.0345539    -9.0217 
             136.102  21.9827   14.253 -63.9374  6.44168 -4.32076  2.71828 0 0 0   -0.011 -0.02329  0.04412  0.119408 -0.386666 0.0842258 -0.00582607  -0.0026158  0.00170482    0.120288 -0.00619106   0.0357265    3.85071 -0.0354372   -9.02149 
             136.202 22.2628 12.3125  -65.55  6.44946 -4.35939  2.72267 0 0 0   -0.011 -0.02329  0.04412 0.0765196 -0.336694 0.0572517 -0.00582622 -0.00254971  0.00164906    0.120006 -0.00588568   0.0357937    3.85048 -0.0351715   -9.02159 
             136.302  21.7843  14.1095 -66.2535  6.45664 -4.39674  2.72704 0 0 0   -0.011 -0.02329  0.04412 0.0551427 -0.388349 0.0173374  -0.0057911 -0.00267017  0.00168253    0.119885 -0.00630665   0.0358637    3.85045 -0.0355584    -9.0216 
             136.402  21.7101  14.7834 -67.2859  6.46473 -4.43743  2.72713 0 0 0   -0.011 -0.02329  0.04412    0.107874   -0.471678 -0.00410515 -0.00577408 -0.00258771  0.00169531    0.119946 -0.00618701   0.0359356    3.85051 -0.0354385   -9.02158 
             136.502  22.0911  15.7032 -67.8198  6.48016 -4.47778  2.73317 0 0 0   -0.011 -0.02329  0.04412 0.0496445 -0.381377   0.19391 -0.00581225  -0.0026156  0.00164598    0.120515 -0.00657422    0.036534    3.85117 -0.0357115   -9.02129 
             136.602    20.92  14.9571 -68.9708  6.48434 -4.51028  2.73862 0 0 0   -0.011 -0.02329  0.04412 0.000543484   -0.336681   0.0460431 -0.00572264 -0.00251346   0.0016243    0.120985 -0.00622296   0.0372052    3.85173 -0.0353136   -9.02106 
             136.702  23.1681  14.6609 -68.7006  6.48741 -4.54283  2.74337 0 0 0   -0.011 -0.02329  0.04412 -0.0162861  -0.373912  0.0172656 -0.00589835 -0.00255811  0.00162725    0.121703 -0.00669443   0.0375325    3.85242 -0.0356862   -9.02076 
             136.802  25.7781  14.3262 -68.7715  6.48824 -4.57998  2.73943 0 0 0   -0.011 -0.02329  0.04412  0.0252515  -0.435677 -0.0323053 -0.00592509 -0.00252983  0.00165043    0.122053 -0.00629503   0.0378464    3.85277 -0.0352822   -9.02061 
             136.902  26.3091   15.004 -69.8026  6.49282 -4.61479  2.74351 0 0 0   -0.011 -0.02329  0.04412 0.0316038 -0.316205  0.164392 -0.00586092 -0.00250664  0.00172345    0.122696 -0.00613094    0.038075    3.85333 -0.0350891   -9.02037 
             137.002  25.9523  15.3613 -71.2761  6.50679 -4.63631  2.75326 0 0 0   -0.011 -0.02329  0.04412     0.155491    -0.318553 -0.000633089 -0.00577555 -0.00248982  0.00177329   0.124216 -0.0056135  0.0387366     3.8547 -0.0345157   -9.01979 
             137.102  23.9899  15.5475 -72.8476   6.5151 -4.66559  2.74975 0 0 0   -0.011 -0.02329  0.04412   0.119296  -0.281085 -0.0384862 -0.00564039  -0.0024598  0.00178547    0.123843 -0.00503255   0.0386581  3.85436   -0.034 -9.01993 
             137.202  24.1912  16.0183 -73.4678   6.5265 -4.69764  2.73985 0 0 0   -0.011 -0.02329  0.04412   0.163363  -0.351583 -0.0757964 -0.00578093 -0.00253681  0.00175722    0.123364 -0.00449099   0.0386872    3.85398 -0.0335197    -9.0201 
             137.302  23.1007  16.5553 -74.9579  6.53763 -4.73814  2.73102 0 0 0   -0.011 -0.02329  0.04412  0.121149 -0.406238 -0.118649  -0.0056837 -0.00254374  0.00176753    0.122685 -0.00420576   0.0381926    3.85328 -0.0332921    -9.0204 
             137.402  23.4734  17.9751 -74.4084  6.53712 -4.78128  2.73724 0 0 0   -0.011 -0.02329  0.04412 -0.0118889  -0.324019  0.0151097 -0.00574549 -0.00263119   0.0016295    0.121308 -0.00451359   0.0370698    3.85185 -0.0336384   -9.02101 
             137.502  22.7511  17.2428 -75.0925  6.52867 -4.81799  2.74248 0 0 0   -0.011 -0.02329  0.04412  -0.0292231   -0.281836 3.20939e-05 -0.00576375 -0.00257289  0.00157812    0.120657 -0.00455205   0.0360078      3.851 -0.0337104   -9.02137 
             137.602 24.2331 16.6296 -75.528  6.52183 -4.85541  2.74259 0 0 0   -0.011 -0.02329  0.04412 -0.0289023  -0.333902 -0.0301235 -0.00592656  -0.0025694  0.00152528    0.119781 -0.00499413   0.0355124    3.85017 -0.0341448   -9.02172 
             137.702  25.1224  15.7309 -76.3016  6.52062 -4.89232    2.743 0 0 0   -0.011 -0.02329  0.04412  0.048014 -0.409394 -0.034652 -0.00587609 -0.00251438  0.00149894    0.120306 -0.00520579   0.0353029    3.85052 -0.0343355   -9.02157 
             137.802  24.5757  15.5341 -77.3597 6.51426 -4.9323 2.75646 0 0 0   -0.011 -0.02329  0.04412 -0.0157006  -0.398068  0.0541807 -0.00574886 -0.00250604   0.0015642    0.120328 -0.00509401   0.0347183    3.85036 -0.0342432   -9.02164 
             137.902  23.3666  16.2078 -78.5919  6.51251 -4.96313  2.75519 0 0 0   -0.011 -0.02329  0.04412 -0.0760435  -0.335507  0.0233747 -0.00570102 -0.00257229  0.00154376    0.121268 -0.00435211   0.0353379    3.85128 -0.0335418   -9.02125 
             138.003  24.0664  16.5506 -78.8259  6.51507 -4.99806  2.75447 0 0 0   -0.011 -0.02329  0.04412  0.0231459  -0.368009 -0.0126472 -0.00566673 -0.00250686  0.00161939    0.121629 -0.00507655   0.0356565    3.85166 -0.0342009   -9.02109 
             138.103  23.6335  16.7376 -80.1016  6.52667 -5.04147  2.75451 0 0 0   -0.011 -0.02329  0.04412  0.0300161  -0.439863 -0.0391445 -0.00573466 -0.00250063  0.00169253    0.122136 -0.00655962   0.0358692    3.85214 -0.0355571   -9.02088 
             138.202   23.743   17.494 -79.3525  6.52917 -5.08334  2.75327 0 0 0   -0.011 -0.02329  0.04412 -0.0206022  -0.359207  0.0574523 -0.00570927  -0.0025517  0.00147043    0.122204 -0.00680305   0.0359658  3.85222 -0.03578 -9.02084 
             138.302  23.5569  17.9452 -78.7514  6.52918 -5.11361  2.75345 0 0 0   -0.011 -0.02329  0.04412   -0.0131448    -0.307095 -0.000347522 -0.00562746 -0.00255188  0.00154413    0.122806 -0.00672719   0.0363529    3.85281 -0.0357077   -9.02059 
             138.403  24.7988  17.0112 -78.7621  6.5308 -5.1421  2.7541 0 0 0   -0.011 -0.02329  0.04412 -0.00626635   -0.327907   0.0109077 -0.00577986 -0.00249761  0.00152277    0.123236 -0.00697298   0.0366565    3.85324 -0.0359318   -9.02041 
             138.502  25.0701  16.2042 -79.1982   6.5374 -5.17521  2.75104 0 0 0   -0.011 -0.02329  0.04412  0.0557131  -0.417663 -0.0429553 -0.00572608 -0.00248534   0.0016022    0.124159 -0.00722991   0.0370606    3.85408 -0.0361659   -9.02005 
             138.602  24.3566   16.218 -80.1279  6.53947 -5.21333  2.75762 0 0 0   -0.011 -0.02329  0.04412 0.0468604 -0.387923  0.110886 -0.00569391 -0.00250795  0.00160126  0.124382 -0.007068 0.0370713    3.85426 -0.0360173   -9.01997 
             138.702  23.1412   16.887 -81.2267 6.54046 -5.2553 2.76397 0 0 0   -0.011 -0.02329  0.04412 -0.0280154  -0.357101   0.037624 -0.00566822 -0.00251079  0.00162325    0.124006 -0.00724896   0.0367302    3.85386 -0.0361817   -9.02014 
             138.802  23.6283  17.5071 -80.5044  6.53881 -5.29167   2.7664 0 0 0   -0.011 -0.02329  0.04412 0.0319025 -0.378528 0.0100576  -0.0057294 -0.00259089  0.00153966    0.123747 -0.00716586   0.0365618   3.85361 -0.036105  -9.02025 
             138.902  23.6164   17.474 -80.9706  6.54657 -5.33199  2.76514 0 0 0   -0.011 -0.02329  0.04412  0.0648962   -0.43099 -0.0363875 -0.00569566 -0.00247791   0.0015732     0.12392 -0.00730691   0.0366865    3.85378 -0.0362345   -9.02017 
             139.002  23.6059  18.1711 -80.6133  6.55742 -5.36861  2.76495 0 0 0   -0.011 -0.02329  0.04412 0.0866768 -0.329127  0.154831 -0.00576303 -0.00259778  0.00153862    0.124617 -0.00733304   0.0373346    3.85452 -0.0362625   -9.01986 
             139.102 23.5116 18.5383 -79.537  6.56344 -5.39614  2.77472 0 0 0   -0.011 -0.02329  0.04412 0.0807551 -0.289764  0.090393 -0.00568444 -0.00257569  0.00154636    0.124704 -0.00659126   0.0374387    3.85462 -0.0355871   -9.01982 
             139.202   24.934  17.4707 -79.0914  6.56477 -5.42837  2.78485 0 0 0   -0.011 -0.02329  0.04412 -0.00835823   -0.317929    0.069896 -0.00586923 -0.00251468   0.0015847    0.123898 -0.00641476   0.0372223    3.85393 -0.0354247   -9.02011 
             139.302  25.4662  16.4661 -79.1148  6.55992 -5.46629  2.78309 0 0 0   -0.011 -0.02329  0.04412 0.0193631 -0.417737 0.0548789 -0.00582942 -0.00247316  0.00157323     0.12256 -0.00538699   0.0369798    3.85281 -0.0344886    -9.0206 
             139.402 25.1445 16.2651  -79.57  6.55835 -5.50855  2.78253 0 0 0   -0.011 -0.02329  0.04412 -0.00494331   -0.422524    0.191712 -0.00582498 -0.00250602  0.00159471   0.121805 -0.0042158  0.0371712    3.85228 -0.0334251   -9.02083 
             139.502  24.3223  17.4732 -80.0656  6.55684 -5.54525    2.784 0 0 0   -0.011 -0.02329  0.04412 -0.0368645  -0.393247   0.076847 -0.00579058 -0.00257831  0.00159088    0.121462 -0.00272261   0.0375745    3.85213 -0.0320717   -9.02089 
             139.602  23.7655  17.8074 -79.8634  6.55675 -5.57993  2.78711 0 0 0   -0.011 -0.02329  0.04412 0.00753023   -0.37149  0.0402908 -0.00587133 -0.00255015  0.00155913   0.121679 -0.0026322  0.0379469    3.85241 -0.0319899   -9.02077 
             139.702  23.6647  17.3654 -80.0215  6.56375 -5.61961   2.7847 0 0 0   -0.011 -0.02329  0.04412 0.0355834 -0.443855  0.001125 -0.00578472 -0.00243594   0.0015495    0.121716 -0.00271404   0.0383644    3.85257 -0.0320651   -9.02071 
             139.803  23.0544  17.5847 -80.1974  6.57128 -5.66384  2.78131 0 0 0   -0.011 -0.02329  0.04412 0.0396983 -0.386513 0.0481022 -0.00574081 -0.00245837  0.00160055    0.121831 -0.00317724   0.0387746    3.85278 -0.0324845   -9.02062 
             139.902  23.1526  18.3789 -78.6109  6.57277 -5.69801  2.77793 0 0 0   -0.011 -0.02329  0.04412 -0.00560259   -0.355523    -0.02235  -0.0055867 -0.00250108  0.00162861    0.121749 -0.00291535   0.0392982    3.85287 -0.0322489   -9.02058 
             140.002  24.2016   16.841 -78.0208  6.57482 -5.73161  2.77465 0 0 0   -0.011 -0.02329  0.04412 -0.0120356  -0.338291  0.0134496 -0.00569743 -0.00237511  0.00157402   0.121559 -0.0031368  0.0395719     3.8528 -0.0324495   -9.02061 
             140.103  24.9736   15.805 -77.8217  6.57752 -5.75886  2.77074 0 0 0   -0.011 -0.02329  0.04412  -0.026075  -0.273454 -0.0107547  -0.0056962 -0.00239372  0.00156482    0.121701 -0.00298812   0.0398425    3.85299 -0.0323128   -9.02053 
             140.202  25.3406   15.307 -77.1193  6.57954 -5.78005  2.76784 0 0 0   -0.011 -0.02329  0.04412   0.126262  -0.330523 -0.0133067 -0.00567208 -0.00248867  0.00157113     0.12257 -0.00196769   0.0401056    3.85373 -0.0313818   -9.02021 
             140.302  24.2599  16.4498 -77.8941  6.58952 -5.81184  2.77081 0 0 0   -0.011 -0.02329  0.04412  0.065927 -0.320124   0.03902 -0.00552779 -0.00245943  0.00174217    0.122553 -0.00192117   0.0400958    3.85372 -0.0313401   -9.02022 
             140.403  23.5004  17.1946 -78.0067  6.59537 -5.83818  2.77106 0 0 0   -0.011 -0.02329  0.04412  0.0242568  -0.276959 0.00172808  -0.0056186 -0.00248447  0.00158141    0.122969 -0.00178866    0.040212    3.85407 -0.0312121   -9.02007 
             140.503  23.2902   18.027 -77.7973  6.59791 -5.86489  2.77506 0 0 0   -0.011 -0.02329  0.04412 -0.0106149  -0.269902   0.043847 -0.00559465 -0.00250265   0.0016542    0.122863 -0.00179685    0.040245      3.854 -0.0312219    -9.0201 
             140.602  22.0552  17.2739 -77.5491    6.597 -5.87802  2.78959 0 0 0   -0.011 -0.02329  0.04412 -0.00214485   -0.134586    0.240893 -0.00561099 -0.00247924  0.00166329     0.12331 -0.00118899    0.040398    3.85438 -0.0306653   -9.01994 
             140.703  20.2637  14.2098 -79.0998  6.59584 -5.88454    2.808 0 0 0   -0.011 -0.02329  0.04412   0.0347878   0.0412889 0.000860629 -0.00562671 -0.00235979  0.00166377     0.123627 -0.000499726     0.040339    3.85459 -0.0300414   -9.01985 
             140.802  22.0189  11.6709 -77.9725  6.58541 -5.87696  2.82089 0 0 0   -0.011 -0.02329  0.04412 -0.176868  0.113392  0.172783 -0.00577416 -0.00236941  0.00162809     0.122817 -0.000758057    0.0402071   3.85393 -0.030296  -9.02013 
             140.902   24.711  7.32244 -78.3136  6.56261 -5.86535  2.82715 0 0 0   -0.011 -0.02329  0.04412  -0.264444  0.0403696 -0.0283642  -0.0057748 -0.00228593  0.00155978     0.122716 -0.000319378    0.0403553    3.85388 -0.0299059   -9.02015 
             141.002  25.6369  3.35047 -79.4739  6.53287 -5.86349  2.82714 0 0 0   -0.011 -0.02329  0.04412  -0.146266 -0.0880078   0.115645  -0.0056485 -0.00225165  0.00174564    0.122891 0.000496372   0.0401671    3.85394 -0.0291709   -9.02013 
             141.102  26.2563  1.90039 -80.5304  6.52946 -5.86855  2.84225 0 0 0   -0.011 -0.02329  0.04412  0.128719 -0.166863 0.0834153   -0.005652 -0.00240967  0.00171263    0.123481 0.000911551   0.0402507    3.85441 -0.0287697   -9.01993 
             141.202  25.0316  1.41848 -83.1995   6.5399 -5.89016  2.85436 0 0 0   -0.011 -0.02329  0.04412 0.0406858 -0.181933  0.170675 -0.00557774 -0.00237928   0.0017748     0.12319 0.000755824   0.0399625    3.85412 -0.0289134   -9.02006 
             141.303   23.966  1.45212 -83.0231  6.54502 -5.90949  2.86529 0 0 0   -0.011 -0.02329  0.04412  -0.011427  -0.257314 -0.0186717 -0.00562545 -0.00242408  0.00174345    0.123819 0.000731164   0.0399945    3.85462 -0.0288846   -9.01984 
             141.402  23.1897   1.2346 -82.7653  6.54884 -5.92379  2.86589 0 0 0   -0.011 -0.02329  0.04412   0.100951 -0.0575886  0.0372507 -0.00578342 -0.00253212  0.00164983    0.123885 0.000833999   0.0402687    3.85473 -0.0288213    -9.0198 
             141.502  21.7946  1.08245 -83.2476  6.55945 -5.93722  2.87096 0 0 0   -0.011 -0.02329  0.04412   0.152096 -0.0897845  0.0621367 -0.00572949 -0.00252372  0.00168451    0.123221 0.000765397   0.0400609    3.85416 -0.0289205   -9.02004 
             141.603  19.3042 0.233265 -84.6131  6.57232 -5.95333  2.88078 0 0 0   -0.011 -0.02329  0.04412   0.182539 -0.0886847  0.0452064  -0.0055677 -0.00246788  0.00178682    0.122116 0.000730662   0.0395228    3.85319 -0.0289809   -9.02045 
             141.702  18.6808 -1.01278 -83.7142 6.57834 -5.9761  2.8859 0 0 0   -0.011 -0.02329  0.04412 0.0350927 -0.167146 0.0204741 -0.00567235 -0.00244899  0.00166412    0.120853 0.000459066   0.0390527    3.85211 -0.0292762   -9.02091 
             141.802   18.0617 -0.373108   -83.352   6.5767 -6.00178  2.88032 0 0 0   -0.011 -0.02329  0.04412 -0.0081914   -0.21399  -0.081149 -0.00577894 -0.00257483  0.00172534    0.119851 0.000406408   0.0386906    3.85126 -0.0293675   -9.02128 
             141.902  18.6691  1.28045 -82.4847  6.57534 -6.02303   2.8711 0 0 0   -0.011 -0.02329  0.04412  0.0404345  -0.209431 -0.0619194 -0.00585966 -0.00269946   0.0017436     0.11967 0.000737673   0.0388003    3.85111 -0.0291221   -9.02134 
             142.002  18.3186  2.38805 -82.4181  6.57703 -6.04741  2.86447 0 0 0   -0.011 -0.02329  0.04412 0.0697277 -0.176754 0.0246762 -0.00582689  -0.0026215  0.00178022    0.119254 0.000625894   0.0387799    3.85077 -0.0292647   -9.02148 
             142.102  17.6607  4.75358 -81.1003  6.57745 -6.06644  2.87948 0 0 0   -0.011 -0.02329  0.04412 -0.0895309  -0.165344    0.16022 -0.00575276 -0.00273908  0.00166686    0.118521 0.000245638    0.038406    3.85016 -0.0296093   -9.02174 
             142.202  16.1815  2.66941 -81.5969  6.56729 -6.08948   2.8991 0 0 0   -0.011 -0.02329  0.04412 0.00868587   -0.32301   0.133367 -0.00567977 -0.00257095  0.00169159      0.11811 -1.87788e-05    0.0382438    3.84983 -0.0298577   -9.02188 
             142.302  19.1424  0.82403 -81.4774 6.55959 -6.1089 2.91742 0 0 0   -0.011 -0.02329  0.04412 -0.119949  0.210819  0.041407   -0.005835 -0.00249385  0.00173042    0.117653 7.09348e-05    0.037585     3.8494 -0.0297207   -9.02207 
             142.403 21.1997  1.3916 -81.783  6.54098 -6.08844  2.92538 0 0 0   -0.011 -0.02329  0.04412 -0.227544 0.0889153 0.0160154  -0.0058721 -0.00255614  0.00178764   0.117949 0.00065285  0.0376288    3.8496 -0.029189  -9.02198 
             142.502  23.6211 -3.19226 -82.4476  6.52675 -6.09278  2.93555 0 0 0   -0.011 -0.02329  0.04412 -0.031824 -0.145074  0.170594 -0.00588441 -0.00230131  0.00169494    0.118062 0.000614675   0.0376463    3.8497 -0.029211  -9.02194 
             142.602  22.8034 -2.73018 -84.7477  6.52595 -6.10952  2.95928 0 0 0   -0.011 -0.02329  0.04412  0.07211 -0.21766 0.139722 -0.00588093 -0.00251118  0.00182596    0.118081 0.000429751   0.0373468     3.8497 -0.0293195   -9.02194 
             142.703  23.6331 -4.27685  -85.878  6.53044 -6.13828  2.96872 0 0 0   -0.011 -0.02329  0.04412 -0.000777446     -0.30077     0.043012 -0.00595477 -0.00241596  0.00172086   0.117825 0.00031835  0.0371972    3.84949 -0.0294217   -9.02203 
             142.802  22.3855 -3.74362 -85.8414  6.52889 -6.18371  2.96877 0 0 0   -0.011 -0.02329  0.04412  -0.0393202   -0.412294 -0.00509301 -0.00573427  -0.0025235  0.00178412     0.116925 -0.000342439    0.0371679    3.84881 -0.0301024   -9.02232 
             142.902  22.2518 -1.83414 -85.1157  6.52465 -6.22687  2.96392 0 0 0   -0.011 -0.02329  0.04412 0.00475759  -0.430388  0.0284501 -0.00571809 -0.00254817   0.0018423   0.116805 7.3462e-05  0.0373151    3.84869 -0.0297912   -9.02237 
             143.002  21.3486  1.91532 -84.0718 6.51812 -6.2653 2.97837 0 0 0   -0.011 -0.02329  0.04412 -0.0495789  -0.289054   0.169782 -0.00581553 -0.00272234  0.00177192      0.11637 -3.26136e-05    0.0368442    3.84831 -0.0298325   -9.02253 
             143.102   19.926  3.89419 -84.6612  6.50649 -6.29178  3.00288 0 0 0   -0.011 -0.02329  0.04412 -0.125164 -0.215121  0.270412  -0.0057451 -0.00264582  0.00176972    0.115952 9.39988e-06   0.0366687    3.84795 -0.0298105   -9.02269 
             143.202 19.2126 2.27597 -85.305  6.49071 -6.30898  3.02471 0 0 0   -0.011 -0.02329  0.04412 -0.200961 -0.273565  0.182012 -0.00580841 -0.00252883  0.00174949    0.116575 0.000321291   0.0370914   3.84847 -0.029559  -9.02246 
             143.303  20.6116 -2.45743 -85.5951 6.47127 -6.3384 3.04395 0 0 0   -0.011 -0.02329  0.04412 -0.0990914  -0.433312   0.197672  -0.0058538 -0.00238582  0.00170146     0.11643 0.000701566   0.0369448    3.84832 -0.0292182   -9.02253 
             143.403  23.2435 -4.65794 -84.8995 6.47051  -6.378 3.07017 0 0 0   -0.011 -0.02329  0.04412 0.0765977 -0.323156  0.271199 -0.00586199 -0.00242694  0.00171336    0.11676 0.00159853  0.0365934     3.8485 -0.0283344   -9.02246 
             143.503   23.6376 -0.963197  -84.2794 6.46425 -6.4033 3.09047 0 0 0   -0.011 -0.02329  0.04412 -0.129474 -0.254469  0.204785 -0.00575806 -0.00262003  0.00179805   0.116553 0.00205429  0.0367126    3.84832 -0.0279942   -9.02253 
             143.603  24.7603  -2.5472 -83.3939  6.45074 -6.42283  3.10188 0 0 0   -0.011 -0.02329  0.04412 -0.133382 -0.261005 0.0475635 -0.00572796 -0.00246609  0.00176739   0.116852 0.00280906  0.0367197    3.84852 -0.0273133   -9.02245 
             143.702  26.2767 -1.85062 -82.2721  6.43917 -6.44159  3.09944 0 0 0   -0.011 -0.02329  0.04412   -0.183056  -0.0884611 -0.00620336 -0.00583071 -0.00253154  0.00171735   0.116966 0.00245425  0.0370952    3.84867 -0.0276861   -9.02239 
             143.802  28.1591 -2.86001 -81.9664  6.43054 -6.45173  3.10257 0 0 0   -0.011 -0.02329  0.04412  -0.124572 -0.0666571 -0.0232509 -0.00581424 -0.00240001  0.00171777   0.117063 0.00156305   0.037098    3.84881 -0.0284294   -9.02233 
             143.902  28.6506 -3.11383 -83.3197  6.42534 -6.45932  3.10441 0 0 0   -0.011 -0.02329  0.04412    -0.1158 -0.0990353  0.0102082 -0.00570738 -0.00240376  0.00179395    0.117726 0.000808668   0.0373693    3.84942 -0.0290357   -9.02206 
             144.002  29.3416   -3.611 -83.8584  6.41753 -6.46756  3.11422 0 0 0   -0.011 -0.02329  0.04412 -0.0952173   -0.11957  0.0282254 -0.00571031 -0.00235539  0.00168938   0.118283 0.00025159  0.0371395    3.84987 -0.0293577   -9.02187 
             144.102  29.9202 -3.90821 -84.7732  6.41771 -6.48028  3.12179 0 0 0   -0.011 -0.02329  0.04412 -0.0356685  -0.157732  0.0665492  -0.0057622 -0.00238987  0.00176326     0.118938 -0.000534356    0.0374343    3.85049 -0.0299892    -9.0216 
             144.203  29.9365 -4.22742 -85.5301  6.42558 -6.49473  3.12949 0 0 0   -0.011 -0.02329  0.04412 0.0531351 -0.199545 0.0948183 -0.00573189 -0.00235307  0.00179366    0.119886 -0.00109413   0.0379247    3.85135 -0.0304377   -9.02123 
             144.303  29.3882 -3.13155 -85.9709  6.43325 -6.51183  3.14532 0 0 0   -0.011 -0.02329  0.04412 -0.0211567  -0.118852   0.221803 -0.00570651 -0.00238525  0.00179956    0.120238 -0.00143625   0.0379913    3.85166 -0.0306817    -9.0211 
             144.403   28.848 -2.49397 -86.1721  6.43038 -6.52709  3.16883 0 0 0   -0.011 -0.02329  0.04412 -0.0844486  -0.177504   0.208148 -0.00568571  -0.0024857  0.00167515    0.120335 -0.00160015   0.0381664    3.85177 -0.0308556   -9.02105 
             144.503  27.7411  -3.1016 -88.3871  6.42412 -6.54795  3.18325 0 0 0   -0.011 -0.02329  0.04412  0.040567 -0.285168 0.0870279 -0.00575735 -0.00234773    0.001755    0.120521 -0.00157571   0.0382123    3.85192 -0.0308188   -9.02099 
             144.603  27.5081 -4.33313 -89.1004  6.42932 -6.56888  3.19183 0 0 0   -0.011 -0.02329  0.04412 0.0311217 -0.259292 0.0760104 -0.00585118 -0.00238038  0.00173375   0.120685 -0.0012206  0.0381388   3.85201 -0.030474  -9.02095 
             144.702  25.4871 -4.45643 -90.5849  6.43163 -6.59939  3.20503 0 0 0   -0.011 -0.02329  0.04412  0.117839 -0.309948  0.117093 -0.00562074 -0.00235274  0.00194678    0.120219 -0.00113382   0.0377871    3.85159 -0.0303608   -9.02113 
             144.803  23.5213 -3.56897  -90.623  6.44356 -6.64005  3.21387 0 0 0   -0.011 -0.02329  0.04412  0.125818 -0.349451  0.111337 -0.00571793 -0.00245929  0.00179361    0.119441 -0.00137302   0.0377606      3.851 -0.0306655   -9.02138 
             144.903  21.1541  -2.2624 -90.1787  6.45259 -6.67354  3.22067 0 0 0   -0.011 -0.02329  0.04412 0.0620643 -0.354609 0.0452537 -0.00575578 -0.00251622  0.00175508    0.119567 -0.00107874    0.037803    3.85109 -0.0304167   -9.02135 
             145.003  19.9406 -1.06777 -89.4286  6.45163 -6.70262  3.23358 0 0 0   -0.011 -0.02329  0.04412 0.044102 -0.25381 0.212278 -0.00568155 -0.00254957  0.00185612     0.119063 -0.000455339    0.0373051    3.85061 -0.0298064   -9.02155 
             145.103  18.3403 -1.87414 -88.9888  6.44242 -6.74229  3.24289 0 0 0   -0.011 -0.02329  0.04412 -0.0587442  -0.264698  0.0975899 -0.00581084 -0.00244363  0.00160141      0.11809 -0.000242456     0.037192    3.84983 -0.0297117   -9.02189 
             145.203  20.7886 -1.16714 -88.4236  6.43124 -6.77064  3.25116 0 0 0   -0.011 -0.02329  0.04412 0.0545157 -0.176146 0.0222284 -0.00581949 -0.00247052  0.00179734     0.117787 -6.57599e-05    0.0369398    3.84956 -0.0295283     -9.022 
             145.303  22.9831 -1.73734 -87.2957  6.42811 -6.77414    3.253 0 0 0   -0.011 -0.02329  0.04412 -0.0162269 -0.0241008 0.00074618 -0.00586683 -0.00235134  0.00172882    0.117911 8.34776e-05   0.0371696    3.84967 -0.0294497   -9.02195 
             145.403  24.3291 -2.98464 -85.5935  6.42901 -6.76918  3.26001 0 0 0   -0.011 -0.02329  0.04412   0.0573227 0.000651226    0.061277 -0.00576063  -0.0023539  0.00167158    0.117949 0.000733782   0.0369655    3.84966 -0.0288515   -9.02196 
             145.503  23.2394 -2.99148 -86.5353  6.43316 -6.76749  3.25813 0 0 0   -0.011 -0.02329  0.04412 -0.0048156 -0.0464612 -0.0200642 -0.00566743 -0.00239876  0.00177522   0.118363 0.00110497  0.0372515    3.84999 -0.0285641   -9.02182 
             145.603  23.2754 -3.11715 -86.8875  6.43074 -6.76891  3.25843 0 0 0   -0.011 -0.02329  0.04412 -0.0323767 -0.0519703 -0.0167215 -0.00570486 -0.00238974  0.00183412   0.118677 0.00117901  0.0371984    3.85023 -0.0284522   -9.02172 
             145.703  24.0758  -3.7617 -86.7614   6.4287 -6.77147  3.25918 0 0 0   -0.011 -0.02329  0.04412  0.0338388 -0.0125769 -0.0020911 -0.00572843 -0.00236826  0.00175324   0.118587 0.00140209  0.0369865    3.85013 -0.0282287   -9.02176 
             145.803  24.4237 -3.79205 -86.8321  6.42772 -6.76753  3.26348 0 0 0   -0.011 -0.02329  0.04412 -0.00408733   0.0154015 -0.00591273   -0.005795 -0.00244629  0.00175501   0.118709 0.00172443  0.0366067    3.85017 -0.0278552   -9.02175 
             145.903  24.6556  -3.8158 -87.0022  6.42439 -6.76625   3.2643 0 0 0   -0.011 -0.02329  0.04412 0.00296202  0.0167582 -0.0024729 -0.00576831 -0.00241707  0.00174985  0.118452  0.001922 0.0363646    3.84993 -0.0276686   -9.02185 
             146.003  24.7282 -3.83534  -87.008  6.42488 -6.76735  3.26565 0 0 0   -0.011 -0.02329  0.04412  0.00254637  0.00878137 -0.00055134 -0.00576493 -0.00242386  0.00174767   0.118265 0.00172643  0.0362627    3.84979 -0.0278302   -9.02191 
             146.103  24.6352 -3.76477 -86.9357  6.42643 -6.76318  3.25962 0 0 0   -0.011 -0.02329  0.04412   0.014718  0.0206982 -0.0119694 -0.00573715 -0.00246711  0.00170208   0.118545 0.00202399  0.0366318    3.85002 -0.0276412   -9.02181 
             146.203   24.754 -3.77087 -87.0131  6.42655 -6.76867  3.26184 0 0 0   -0.011 -0.02329  0.04412   0.00772913 -0.000743292  -0.00856137 -0.00576798 -0.00245492  0.00172831   0.117975 0.00157677  0.0363552    3.84959 -0.0280186   -9.02199 
             146.303  24.6738 -3.79651 -87.1236  6.42497 -6.77054  3.25731 0 0 0   -0.011 -0.02329  0.04412  0.00839843 -0.00156683  -0.0153333  -0.0057193 -0.00241152  0.00175971   0.117596 0.00185888  0.0363865    3.84928 -0.0278553   -9.02213 
             146.402  24.6102 -3.73191 -87.1567  6.42532 -6.77204   3.2593 0 0 0   -0.011 -0.02329  0.04412   0.0124833 -0.00440352 -0.00930874 -0.00567903 -0.00244175  0.00178164  0.117457 0.0017151  0.036159    3.84916 -0.0279311   -9.02218 
             146.503  24.7378 -3.83018 -87.1342 6.42803 -6.7764 3.25975 0 0 0   -0.011 -0.02329  0.04412   0.0186815  -0.0114905 -0.00683311 -0.00574722 -0.00239805  0.00174662   0.117262 0.00132617  0.0361359    3.84904 -0.0282704   -9.02223 
             146.603  24.8745 -3.82709 -87.0784  6.42955 -6.78268  3.26371 0 0 0   -0.011 -0.02329  0.04412    0.020538  -0.0215076 0.000182417  -0.0058231 -0.00241607  0.00171265    0.116909 0.000882387   0.0358567   3.84878 -0.028607  -9.02234 
             146.703   24.794 -3.93755 -87.0626  6.42793 -6.78409  3.26214 0 0 0   -0.011 -0.02329  0.04412    0.011237  -0.0164486 -0.00546757 -0.00576979 -0.00236424   0.0016547   0.116684 0.00128372   0.035752    3.84856 -0.0282882   -9.02243 
             146.803  24.7735 -4.02298 -87.0707  6.42714 -6.78575  3.25915 0 0 0   -0.011 -0.02329  0.04412  0.0129348 -0.0133826 -0.0107772 -0.00575695 -0.00232335  0.00162112    0.11649 0.00155792   0.035764     3.8484 -0.0281007    -9.0225 
             146.902  24.6521 -4.01148 -87.1724  6.42896 -6.78624  3.25422 0 0 0   -0.011 -0.02329  0.04412  0.0223443 -0.0068166 -0.0163408 -0.00568695 -0.00230898  0.00168032  0.116528 0.0017394 0.0359727    3.84843 -0.0280071   -9.02249 
             147.003  24.5177 -3.86651  -87.041  6.42728 -6.78477  3.25244 0 0 0   -0.011 -0.02329  0.04412  0.0198911 -0.0025873 -0.0148971 -0.00562242 -0.00240667  0.00164919   0.116418 0.00219418  0.0358035    3.84829 -0.0276112   -9.02255 
             147.103    24.65 -3.80942 -87.2494 6.42739 -6.7842 3.25435 0 0 0   -0.011 -0.02329  0.04412   0.0183847  -0.0009665 -0.00992599 -0.00568567 -0.00238836  0.00176841    0.11636 0.00226185  0.0355421    3.84822 -0.0274928   -9.02258 
             147.202  24.5925 -3.79699 -87.0932  6.42783 -6.78333  3.25682 0 0 0   -0.011 -0.02329  0.04412    0.0227244 -0.000702894  -0.00330332 -0.00567123 -0.00242454  0.00168709   0.116314 0.00231651  0.0352957    3.84815 -0.0273873   -9.02261 
             147.302  24.6389 -3.94258 -87.0971  6.42786 -6.78404  3.25864 0 0 0   -0.011 -0.02329  0.04412    0.02361 0.00423801 0.00204185 -0.00568761  -0.0023581  0.00166118   0.116094 0.00237462  0.0350727    3.84796 -0.0273137   -9.02269 
             147.403  24.5666 -3.89229 -87.1156  6.42735 -6.77895  3.25739 0 0 0   -0.011 -0.02329  0.04412    0.0215711    0.0145428 -0.000341135 -0.00564708 -0.00237892   0.0016849   0.116228 0.00291534  0.0350265    3.84801 -0.0268477   -9.02267 
             147.503   24.484 -3.86696 -87.0268  6.42665 -6.77919  3.25375 0 0 0   -0.011 -0.02329  0.04412   0.0225902  0.00837639 -0.00626361 -0.00560192  -0.0024123  0.00164043  0.115877 0.0032648 0.0350384    3.84772 -0.0266284    -9.0228 
             147.602   24.593  -3.8648 -87.1517  6.42936 -6.78444  3.25699 0 0 0   -0.011 -0.02329  0.04412  0.0308038 0.00226782 0.00167567 -0.00566441  -0.0023836  0.00170258   0.115457 0.00278507  0.0348215    3.84742 -0.0270178   -9.02292 
             147.703  24.5314 -3.84355 -87.3355  6.43157 -6.78269  3.25784 0 0 0   -0.011 -0.02329  0.04412  0.0343496 0.00726759  0.0033126  -0.0056266 -0.00235098  0.00180519   0.115503 0.00291547  0.0347445    3.84743 -0.0268858   -9.02292 
             147.803   24.656 -3.80914 -87.1026  6.42884 -6.77866  3.26102 0 0 0   -0.011 -0.02329  0.04412 0.0224818 0.0113456 0.0073908 -0.00569751 -0.00242142  0.00169113  0.115333 0.0034701 0.0343216    3.84721 -0.0263576   -9.02301 
             147.903  24.5399 -3.49776 -87.3143  6.43171 -6.77083  3.25891 0 0 0   -0.011 -0.02329  0.04412  0.0350123  0.0228683 0.00491207 -0.00563263 -0.00253111  0.00187329   0.115786 0.00392072  0.0344964    3.84753 -0.0259752   -9.02288 
             148.003  24.6324 -3.82617 -87.1787  6.43184 -6.76773  3.25647 0 0 0   -0.011 -0.02329  0.04412   0.0293673    0.026517 -0.00218888  -0.0056915 -0.00239354  0.00172778   0.115615 0.00431322  0.0344935    3.84737 -0.0256916   -9.02295 
             148.103  24.6324 -3.78507 -87.0752 6.42947 -6.7686 3.25596 0 0 0   -0.011 -0.02329  0.04412  0.0209302  0.0167375 -0.0034617 -0.00568477 -0.00243843  0.00167824   0.115005 0.00462932  0.0342302    3.84686 -0.0254698   -9.02317 
             148.203  24.5188 -3.71373 -87.1794 6.42963 -6.7668 3.25242 0 0 0   -0.011 -0.02329  0.04412   0.0269061   0.0195169 -0.00757422 -0.00562272 -0.00244972  0.00174752   0.114822 0.00496072  0.0342812    3.8467 -0.025252  -9.02323 
             148.303  24.5866 -3.79378 -87.1037  6.43024 -6.76891  3.25116 0 0 0   -0.011 -0.02329  0.04412   0.0239397   0.0120245 -0.00958584 -0.00565839 -0.00242947  0.00169638   0.114424 0.00495388  0.0341898     3.8464 -0.0252977   -9.02336 
             148.403  24.5917 -3.68493 -87.1613  6.42976 -6.77198  3.25184 0 0 0   -0.011 -0.02329  0.04412    0.0266858 -0.000194011   -0.0055818 -0.00566655 -0.00246755  0.00174701   0.113915 0.00498627  0.0339339   3.84599 -0.025287  -9.02354 
             148.503  24.5439 -3.74979  -87.007 6.42964 -6.7678 3.25066 0 0 0   -0.011 -0.02329  0.04412   0.0300829   0.0108259 -0.00482329 -0.00565349 -0.00247164  0.00165834   0.114008 0.00544681  0.0338458    3.84601 -0.0248871   -9.02353 
             148.603  24.5247 -3.70969  -87.086  6.43162 -6.76856  3.24759 0 0 0   -0.011 -0.02329  0.04412   0.029945 0.00383944 -0.0102972 -0.00564069 -0.00247244  0.00170664   0.113824 0.00555964  0.0339203   3.84587 -0.024849  -9.02359 
             148.703  24.5256 -3.75258 -87.2324  6.43126 -6.76983  3.25173 0 0 0   -0.011 -0.02329  0.04412  0.0310233 0.00265973 0.00160787  -0.0056412 -0.00241181  0.00176595  0.113467 0.0055777 0.0334787   3.84556 -0.024777  -9.02372 
             148.803 24.8493 -3.8711 -87.199  6.43288 -6.77109  3.25351 0 0 0   -0.011 -0.02329  0.04412  0.0266169 0.00341585 0.00170469 -0.00583079 -0.00236263  0.00172967   0.113315 0.00549413   0.033335    3.84544 -0.0248296   -9.02377 
             148.903  24.8317  -3.7472 -87.0997  6.43271 -6.76883  3.25277 0 0 0   -0.011 -0.02329  0.04412   0.0191076  0.00145297 -0.00146816 -0.00581533  -0.0024468  0.00169912   0.113277 0.00587434  0.0332516    3.84536 -0.0245178    -9.0238 
             149.003  24.7046 -3.79636 -87.1841  6.43351 -6.77459  3.25418 0 0 0   -0.011 -0.02329  0.04412   0.0262276 -0.00445892  0.00228528 -0.00574807 -0.00240423  0.00173074   0.112755 0.00564321  0.0330698    3.84499 -0.0247372   -9.02397 
             149.103  24.7742 -3.78754  -87.055  6.43248 -6.76802  3.25354 0 0 0   -0.011 -0.02329  0.04412   0.0151171   0.0058955 -0.00105823 -0.00578438 -0.00244145  0.00166995   0.113058 0.00628275  0.0329899    3.84514 -0.0241689    -9.0239 
             149.203  24.7916 -3.77544 -87.0206  6.42871 -6.76809  3.25835 0 0 0   -0.011 -0.02329  0.04412 0.00965287 0.00343482 0.00673984 -0.00579936 -0.00244938  0.00165127   0.112677 0.00649264  0.0324746    3.84478 -0.0239354   -9.02405 
             149.303  24.7374 -3.85252 -87.0921 6.42736 -6.7722 3.25716 0 0 0   -0.011 -0.02329  0.04412  0.00570736 -0.00146871  0.00324072 -0.00576875 -0.00239781    0.001675   0.112233 0.00652487  0.0324525    3.84445 -0.0239801   -9.02419 
             149.403  24.7143 -3.83958 -87.1119  6.42576 -6.77639  3.26198 0 0 0   -0.011 -0.02329  0.04412 0.00387026 -0.0125309  0.0107207 -0.00574624 -0.00239784  0.00168232  0.111831 0.0063642 0.0320936    3.84414 -0.0240786   -9.02433 
             149.503  24.7325 -3.81288  -87.144  6.42662 -6.78224  3.26415 0 0 0   -0.011 -0.02329  0.04412  0.0115314 -0.0168603  0.0136395 -0.00576202 -0.00240376  0.00170721   0.111539 0.00608311   0.032032    3.84395 -0.0243288   -9.02441 
             149.603  24.7886  -3.7782 -87.0421  6.42646 -6.77923  3.26261 0 0 0   -0.011 -0.02329  0.04412 0.00697947 -0.0133623 0.00616529 -0.00579706 -0.00244358   0.0016624   0.111794 0.00650393  0.0321448     3.8441 -0.0239913   -9.02434 
             149.703  24.7685 -3.84973 -87.0488  6.42562 -6.78151  3.26228 0 0 0   -0.011 -0.02329  0.04412  0.0100792 -0.0110625 0.00513302  -0.0057891 -0.00240507  0.00164937  0.111596 0.0066204 0.0321113    3.84394 -0.0239277   -9.02441 
             149.803  24.7194 -3.84141 -87.2832  6.42495 -6.77761  3.26359 0 0 0   -0.011 -0.02329  0.04412   0.00780374 -0.000698915   0.00589282 -0.00575365 -0.00235952   0.0017751   0.111839 0.00693083  0.0320154   3.84408 -0.023623  -9.02436 
             149.903  24.7413 -3.89583 -87.0867  6.42383 -6.77581  3.26758 0 0 0   -0.011 -0.02329  0.04412 0.00579146 0.00473426  0.0115566 -0.00577883 -0.00237105  0.00165678  0.111843 0.0070175 0.0317622    3.84404 -0.0234903   -9.02437 
             150.003  24.7361 -3.76336 -87.1563 6.42448 -6.7719 3.26451 0 0 0   -0.011 -0.02329  0.04412 0.00887632  0.0106989 0.00313222 -0.00577299 -0.00242827  0.00172761   0.112061 0.00734926  0.0319813    3.84419 -0.0232564   -9.02431 
             150.103  24.7078 -3.70949  -87.331 6.42679 -6.7664 3.26464 0 0 0   -0.011 -0.02329  0.04412  0.0158783  0.0195495 0.00346481 -0.00575023 -0.00241067  0.00182448   0.112399 0.00745282  0.0320551    3.84443 -0.0231373   -9.02421 
             150.203  24.7304 -3.75851 -87.2109  6.42811 -6.76771  3.26459 0 0 0   -0.011 -0.02329  0.04412  0.0188823  0.0127532 0.00232331 -0.00576311  -0.0024198  0.00175683   0.112166 0.00737069  0.0320412    3.84427 -0.0232372   -9.02428 
             150.303  24.7562 -3.73909 -87.2284  6.42837 -6.76143  3.26163 0 0 0   -0.011 -0.02329  0.04412    0.012761    0.022092 -0.00659613 -0.00578299  -0.0024194  0.00176592   0.112382 0.00781889  0.0321516   3.84439 -0.022888  -9.02423 
             150.402  24.7455 -3.75705 -87.2358  6.42785 -6.76124   3.2598 0 0 0   -0.011 -0.02329  0.04412   0.0168483   0.0188824 -0.00643917 -0.00577273 -0.00241287  0.00176769   0.112142 0.00794012  0.0321186     3.8442 -0.0228302   -9.02431 
             150.502   24.756 -3.81659 -87.1412  6.42771 -6.76298  3.26448 0 0 0   -0.011 -0.02329  0.04412  0.0165206  0.0123349 0.00277718 -0.00578725  -0.0023976  0.00170088   0.111794 0.00771211  0.0317496    3.84394 -0.0229692   -9.02442 
             150.603  24.8287 -3.72292 -87.0865  6.42601 -6.76574  3.26443 0 0 0   -0.011 -0.02329  0.04412  0.00956171  0.00108342 0.000613796 -0.00583191 -0.00246234  0.00169467   0.111386 0.00779544  0.0316184    3.84362 -0.0229451   -9.02455 
             150.703  24.6547 -3.74756 -87.1813  6.42601 -6.76208   3.2608 0 0 0   -0.011 -0.02329  0.04412  0.0159753 0.00451599 0.00493116 -0.00572883 -0.00243051  0.00173383   0.111543 0.00818511  0.0317825    3.84371 -0.0226661   -9.02451 
             150.803  24.6951 -3.75552  -87.491  6.42803 -6.76636  3.26688 0 0 0   -0.011 -0.02329  0.04412  0.0348527 -0.0300009  0.0444325 -0.00573109  -0.0023989  0.00184625   0.111261 0.00794009  0.0315597    3.84351 -0.0228436    -9.0246 
             150.903  24.1064 -4.07772 -87.9795  6.43031 -6.78042  3.27422 0 0 0   -0.011 -0.02329  0.04412  0.0454383 -0.0686922  0.0669426 -0.00560649 -0.00234504  0.00185988   0.110427 0.00765464   0.031318    3.84293 -0.0231451   -9.02484 
             151.003   23.422 -4.46472 -88.5451  6.43315 -6.79072  3.28476 0 0 0   -0.011 -0.02329  0.04412 0.0499841 -0.104769 0.0917074 -0.00565089 -0.00236313  0.00181617   0.110171 0.00760003  0.0310886    3.84273 -0.0231735   -9.02493 
             151.103  22.7965  -5.4556 -89.1799  6.43326 -6.80291  3.29782 0 0 0   -0.011 -0.02329  0.04412 0.0433782 -0.133075  0.143482 -0.00568249 -0.00225015  0.00176129   0.109851 0.00789415  0.0307134    3.84244 -0.0229153   -9.02506 
             151.203  21.8555 -5.46266 -89.5583  6.43492 -6.81538  3.31806 0 0 0   -0.011 -0.02329  0.04412 0.0491821 -0.170795  0.282862 -0.00565519 -0.00233077  0.00173595   0.109867 0.00824173  0.0306203     3.8424 -0.0226291   -9.02507 
             151.303  21.2955 -5.90581 -89.8599  6.44019 -6.84169  3.34773 0 0 0   -0.011 -0.02329  0.04412 0.00152265  -0.388482   0.263392 -0.00571448 -0.00233722  0.00171119   0.109583 0.00824256  0.0306065     3.8422 -0.0226734   -9.02516 
             151.403  18.8981 -6.69764 -91.5631  6.43461 -6.89494  3.38522 0 0 0   -0.011 -0.02329  0.04412 -0.150969 -0.740134  0.426165 -0.00566801 -0.00233185  0.00190072   0.109825 0.00835787   0.030511    3.84235 -0.0225223   -9.02509 
             151.503  14.8136  -6.0578 -92.7452  6.42033 -6.96788  3.42252 0 0 0   -0.011 -0.02329  0.04412 -0.0983824   -0.58922   0.361512 -0.00565031 -0.00244717  0.00182795   0.109743 0.00852569  0.0304415    3.84227 -0.0223921   -9.02513 
             151.603  15.3279 -7.24832 -92.1169  6.39203 -7.04724  3.46104 0 0 0   -0.011 -0.02329  0.04412 -0.247383 -0.791224  0.349467 -0.00561327  -0.0022816  0.00184991   0.108435 0.00881347  0.0295109    3.84129 -0.0221449   -9.02554 
             151.703  20.4284  -6.7475 -90.2028  6.37743 -7.11972  3.50393 0 0 0   -0.011 -0.02329  0.04412 0.00509702  -0.618439   0.730016 -0.00601772 -0.00240242  0.00174508   0.108657 0.00906956  0.0293703    3.84142 -0.0218837   -9.02549 
             151.803  20.0305 -6.53875 -90.1537  6.37061 -7.18931  3.56017 0 0 0   -0.011 -0.02329  0.04412 -0.118723 -0.611435  0.523308 -0.00577989  -0.0023625  0.00178932   0.109076 0.00939973  0.0294617    3.84169 -0.0215973   -9.02538 
             151.903  21.6687 -2.80316 -86.9716  6.36437 -7.24946  3.59458 0 0 0   -0.011 -0.02329  0.04412 0.00848209  -0.536611   0.299399 -0.00584842  -0.0024029  0.00158354   0.108909 0.00908097    0.03001     3.8416 -0.0219907   -9.02542 
             152.002  22.5471 -3.25265 -86.8283  6.36033 -7.30339  3.62668 0 0 0   -0.011 -0.02329  0.04412 -0.177464 -0.211182  0.410874 -0.00592735 -0.00227042   0.0015633   0.108075 0.00836921  0.0301722    3.84107 -0.0226846   -9.02564 
             152.103  25.7146 -4.70925  -86.177  6.35031 -7.34627  3.65092 0 0 0   -0.011 -0.02329  0.04412 -0.0685559  -0.323009   0.321859 -0.00600307 -0.00217786  0.00155355   0.107161 0.00793819  0.0306036    3.84047 -0.0232462   -9.02589 
             152.203  23.3893 -4.94519 -88.2714   6.3415 -7.39482     3.67 0 0 0   -0.011 -0.02329  0.04412 -0.00660668   -0.497205    0.161127 -0.00584559 -0.00226548  0.00166627 0.106602 0.008034 0.030832    3.84006 -0.0233206   -9.02606 
             152.303   22.221 -3.67918  -87.587  6.34674 -7.44761  3.67694 0 0 0   -0.011 -0.02329  0.04412  0.119162 -0.363236  0.135518  -0.0058732 -0.00229739  0.00159894   0.105797 0.00770751  0.0311236    3.83955 -0.0237665   -9.02628 
             152.403   20.041 -2.17295 -87.7807  6.35788 -7.48694  3.69313 0 0 0   -0.011 -0.02329  0.04412  0.110776 -0.329376  0.160293 -0.00584166 -0.00243209  0.00158534   0.105379 0.00751339  0.0311834    3.83928 -0.0239965    -9.0264 
             152.503  18.4387 -1.90304  -87.437  6.36358 -7.52703  3.70689 0 0 0   -0.011 -0.02329  0.04412  0.164674 -0.289661 0.0405094 -0.00570197 -0.00233941  0.00162589   0.104349 0.00764109  0.0306968    3.83852 -0.0239806   -9.02672 
             152.603  18.0276 -2.29141 -86.6481  6.37371 -7.56648  3.70993 0 0 0   -0.011 -0.02329  0.04412  0.122415 -0.317296 0.0708519 -0.00565387 -0.00209582  0.00163183   0.103352 0.00776553  0.0304865    3.83781 -0.0240269   -9.02702 
             152.703  17.6188 -3.00616 -86.6938  6.38234 -7.60123  3.72347 0 0 0   -0.011 -0.02329  0.04412 0.0715893 -0.338031  0.129543 -0.00570694 -0.00208906  0.00167823   0.103038 0.00780293  0.0301989    3.83757 -0.0239982   -9.02712 
             152.803  16.7415 -2.96087 -86.9271  6.38062 -7.64371  3.73994 0 0 0   -0.011 -0.02329  0.04412 0.0207279 -0.379871  0.122571 -0.00566993 -0.00202208  0.00173606   0.102473 0.00769476   0.029735    3.83717 -0.0240902   -9.02729 
             152.903  17.2301 -1.72286  -85.046  6.36875 -7.68257  3.76704 0 0 0   -0.011 -0.02329  0.04412 -0.127834 -0.368737  0.306114 -0.00571815 -0.00211221  0.00164178    0.10204 0.00769146  0.0294113    3.83686 -0.0241134   -9.02742 
             153.003  19.4865 -3.55481 -83.8264  6.36945 -7.73449  3.79565 0 0 0   -0.011 -0.02329  0.04412 0.0656791 -0.482736  0.297892 -0.00591923 -0.00202346  0.00158883   0.101713 0.00753096  0.0292935   3.83666 -0.024269  -9.02751 
             153.102  21.3309 -1.47111 -83.4114  6.36683 -7.77309  3.82346 0 0 0   -0.011 -0.02329  0.04412 -0.0480076  -0.299371   0.276027 -0.00593792 -0.00201811  0.00179522   0.101464 0.00758537  0.0292709    3.83648 -0.0242735   -9.02759 
             153.203  22.4997 -3.03254 -82.9664   6.3628 -7.79718  3.84031 0 0 0   -0.011 -0.02329  0.04412 -0.0476056   -0.31503  0.0817893 -0.00587362 -0.00190391  0.00164771   0.101909 0.00789233  0.0293203   3.83674 -0.023976  -9.02748 
             153.303  24.1641  -2.1474 -82.3105  6.35816 -7.82284  3.83834 0 0 0   -0.011 -0.02329  0.04412 -0.00336718   -0.303369  -0.0152222 -0.00590056 -0.00203138   0.0017369   0.102243 0.00830877  0.0295565    3.83691 -0.0236511   -9.02741 
             153.403    26.1821 -0.0623537   -81.7008  6.35095 -7.84575  3.84358 0 0 0   -0.011 -0.02329  0.04412 -0.051665 -0.171983 0.0360748 -0.00585352 -0.00204662  0.00167359   0.102088 0.00848243  0.0293709    3.83677 -0.0235339   -9.02747 
             153.503   28.164 0.837925 -81.2973  6.35084 -7.86313  3.85297 0 0 0   -0.011 -0.02329  0.04412 0.0718111 -0.201186 0.0862149 -0.00596285 -0.00218745  0.00162897   0.102045 0.00863878  0.0292335    3.8367 -0.023414   -9.0275 
             153.603  25.3027  1.14668 -83.3794  6.35693 -7.88751  3.86188 0 0 0   -0.011 -0.02329  0.04412 0.0522958 -0.346457  0.081281 -0.00583551 -0.00210409  0.00185582   0.102172 0.00881347  0.0291169    3.83674 -0.0232462   -9.02748 
             153.702  22.4112  1.64968 -83.4514  6.35954 -7.91703  3.87258 0 0 0   -0.011 -0.02329  0.04412 0.0515173 -0.163159  0.163884 -0.00573301 -0.00205027  0.00171602   0.102026 0.00862232  0.0287777   3.83663 -0.023357  -9.02752 
             153.802  20.6509  3.59351 -84.4012  6.36327 -7.93371  3.90039 0 0 0   -0.011 -0.02329  0.04412 0.0991088 -0.129159  0.222034 -0.00581541  -0.0022799  0.00180161   0.101788 0.00861716  0.0282049     3.8364 -0.0233275   -9.02762 
             153.903  18.1263 0.292938 -85.9556  6.37009 -7.94691  3.92198 0 0 0   -0.011 -0.02329  0.04412 -0.0393509  -0.172923   0.194836 -0.00569377 -0.00198704  0.00179119   0.101792 0.00875041  0.0278794    3.83633 -0.0231887   -9.02765 
             154.003  19.0634 -1.80408 -83.9859  6.36443 -7.96768  3.93472 0 0 0   -0.011 -0.02329  0.04412 -0.0543985   -0.17169   0.073758  -0.0056924 -0.00188326  0.00163722   0.101584 0.00870554  0.0280037    3.83622 -0.0232807    -9.0277 
             154.103  20.3826 -2.01729 -83.1203  6.35859 -7.99036  3.94104 0 0 0   -0.011 -0.02329  0.04412 -0.0323844  -0.155879  0.0714182 -0.00574468 -0.00185957  0.00173419   0.101155 0.00852669  0.0279286    3.83597 -0.0234843   -9.02781 
             154.203   20.8427 -0.753467  -82.2055  6.35515 -8.00607  3.94654 0 0 0   -0.011 -0.02329  0.04412 -0.046586 -0.101873  0.129666 -0.00574314 -0.00211005  0.00178433   0.100987 0.00861424  0.0281604    3.83588 -0.0234865   -9.02784 
             154.302   20.9844 -0.350849  -81.5404  6.34931 -8.01905  3.96013 0 0 0   -0.011 -0.02329  0.04412 -0.0751152 -0.0773409   0.120291 -0.00571562 -0.00205862  0.00177548   0.100672 0.00842365  0.0281691   3.83571 -0.023685  -9.02791 
             154.402  21.7561 -1.16822 -81.5674  6.34611 -8.03016  3.96502 0 0 0   -0.011 -0.02329  0.04412 0.0246318 -0.148336 0.0663916 -0.00570957 -0.00209585  0.00182264    0.10062 0.00838668  0.0284305    3.83572 -0.0237522   -9.02791 
             154.503  23.9477 -2.07334 -81.2624  6.35521 -8.05376  3.97292 0 0 0   -0.011 -0.02329  0.04412 0.0636973 -0.200305  0.166154 -0.00573905 -0.00210178  0.00176435    0.10042 0.00848651  0.0286441     3.8356 -0.0237534   -9.02796 
             154.603  23.9253 -0.64049 -80.7135   6.3522 -8.07647  3.98938 0 0 0   -0.011 -0.02329  0.04412 -0.0298682    -0.1899   0.117845 -0.00566806 -0.00213565  0.00177604  0.100049 0.0083096 0.0286388    3.8354 -0.023956  -9.02805 
             154.703  26.1306 -2.66561 -81.1618  6.34624 -8.09629  4.00023 0 0 0   -0.011 -0.02329  0.04412 -0.0205951  -0.251921  0.0660096 -0.00579315 -0.00198783  0.00173128   0.100077 0.00866729  0.0284307    3.83532 -0.0236857   -9.02808 
             154.802  27.7738 -0.34528 -79.5538   6.3395 -8.12464  4.01015 0 0 0   -0.011 -0.02329  0.04412 -0.113587 -0.200906   0.18646 -0.00586425 -0.00219414  0.00168773  0.0998614 0.00841675  0.0283853    3.83524 -0.0238976   -9.02812 
             154.902  29.7857  1.51827 -79.4179  6.32236 -8.14478  4.03149 0 0 0   -0.011 -0.02329  0.04412 -0.0308957   -0.21358   0.142659 -0.00580912 -0.00232786  0.00186584  0.0995013 0.00881969  0.0281793    3.83491 -0.0236973   -9.02826 
             155.003  27.1404  2.43789 -80.7912  6.32333 -8.17501  4.04129 0 0 0   -0.011 -0.02329  0.04412 -0.0489857  -0.156454   0.134368 -0.00570166 -0.00218984  0.00179374 0.0992655 0.0083209 0.0284628    3.83492 -0.0241202   -9.02825 
             155.102  25.1309  3.80304 -81.6221  6.32563 -8.18977   4.0555 0 0 0   -0.011 -0.02329  0.04412 0.00731118 -0.0560493   0.183921  -0.0055327 -0.00214487  0.00184859  0.0990896 0.00788897  0.0288363    3.83498 -0.0244958   -9.02822 
             155.203  21.1565  1.91937 -85.1234  6.34393 -8.19437  4.07042 0 0 0   -0.011 -0.02329  0.04412  0.189006 -0.046567  0.207122 -0.00535032  -0.0019128  0.00196478   0.099131 0.00756244  0.0294729     3.8352 -0.0247809   -9.02813 
             155.303  15.6486 -1.72551 -88.9339  6.35635 -8.21796  4.09071 0 0 0   -0.011 -0.02329  0.04412 -0.0633728  -0.170649   0.199088  -0.0050902 -0.00194526  0.00201975   0.098853 0.00672853  0.0301242    3.83533 -0.0254762   -9.02807 
             155.403   16.532 -2.04167  -86.275 6.36017 -8.2492 4.09668 0 0 0   -0.011 -0.02329  0.04412  -0.0787393   -0.320364 -0.00683964 -0.00542191 -0.00230295  0.00177623  0.0988346 0.00586965  0.0306481    3.83557 -0.0261129   -9.02797 
             155.503  17.4488 -1.85314 -85.2341  6.36543 -8.28217  4.08832 0 0 0   -0.011 -0.02329  0.04412 -0.0015955   -0.33862 -0.0496416 -0.00554149 -0.00227448  0.00186099  0.0991393 0.00534817   0.031248    3.83593 -0.0264699   -9.02781 
             155.603  17.8889 0.181177 -85.1698  6.37398 -8.31882  4.08515 0 0 0   -0.011 -0.02329  0.04412 0.0507971 -0.346508  0.030319 -0.00560714  -0.0024016  0.00195047  0.0993411 0.00473354  0.0316153     3.8362 -0.0268877    -9.0277 
             155.702  17.3662  3.56617 -84.2193 6.37844 -8.3459 4.09628 0 0 0   -0.011 -0.02329  0.04412 -0.0895402  -0.211199   0.196137 -0.00564833  -0.0026688  0.00184913  0.0993941 0.00445562  0.0320832    3.83632 -0.0271185   -9.02765 
             155.802  16.4438  1.17873 -85.1926  6.36912 -8.35737  4.11274 0 0 0   -0.011 -0.02329  0.04412  -0.029878 -0.0394914   0.190421 -0.00550773 -0.00227901  0.00188608  0.0993596 0.00465265  0.0322533    3.83629 -0.0270091   -9.02766 
             155.903  20.6519 -1.30291 -84.1373  6.36655 -8.36718   4.1353 0 0 0   -0.011 -0.02329  0.04412 -0.0209938 -0.0695699   0.122507 -0.00587731 -0.00231573  0.00174529  0.0992416 0.00483906  0.0320405    3.83617 -0.0268845   -9.02771 
             156.007  21.3012  -2.6975 -85.9395  6.35333 -8.37196  4.14131 0 0 0   -0.011 -0.02329  0.04412  -0.168796  -0.040652 -0.0248267 -0.00572789 -0.00230354  0.00179722 0.0991596 0.0049323 0.0318336    3.83609 -0.0268185   -9.02774 
             156.103  24.8202 -4.90995 -85.6069  6.33239 -8.37487  4.14169 0 0 0   -0.011 -0.02329  0.04412  -0.180119   -0.08308 0.00747635 -0.00583297 -0.00223276  0.00171788 0.0989851 0.0049807 0.0315811    3.83596 -0.0267955    -9.0278 
             156.203  26.6449 -7.87683 -85.9141  6.31392 -8.38666  4.15921 0 0 0   -0.011 -0.02329  0.04412 0.0690501 -0.120635  0.130057 -0.00574577 -0.00211174  0.00175652   0.098415 0.00543282  0.0311992    3.83551 -0.0265609   -9.02799 
             156.302  26.8297 -7.66609 -87.5982  6.31902 -8.41031  4.18076 0 0 0   -0.011 -0.02329  0.04412 0.0674507 -0.282855  0.111621 -0.00582568 -0.00216253  0.00189131  0.0982959 0.00498597  0.0306278    3.83547 -0.0268107   -9.02801 
             156.402  25.2805 -6.64335 -88.6718  6.32408 -8.44774  4.18833 0 0 0   -0.011 -0.02329  0.04412 0.0419536 -0.360423 0.0730669 -0.00557666 -0.00224784   0.0019921   0.097979 0.00492167  0.0308349    3.83531 -0.0269524   -9.02808 
             156.503  23.5911 -4.56479 -88.0689  6.32673 -8.47824  4.19992 0 0 0   -0.011 -0.02329  0.04412 0.0860819 -0.211776   0.17635 -0.00549386  -0.0024084  0.00191888  0.0976359 0.00498043   0.030679   3.83507 -0.026957  -9.02818 
             156.602  21.3849 -3.00589 -88.5959  6.33528 -8.49576  4.22143 0 0 0   -0.011 -0.02329  0.04412  0.151339 -0.219879  0.153208 -0.00555841 -0.00241915   0.0018678  0.0977434 0.00510631  0.0303982    3.83509 -0.0267916   -9.02817 
             156.702  18.9473 -3.95346 -88.7098  6.34621 -8.51395  4.23185 0 0 0   -0.011 -0.02329  0.04412  0.114075 -0.281783  0.103232 -0.00554442 -0.00243065  0.00185596  0.0979088 0.00573125   0.030315    3.83509 -0.0263262   -9.02817 
             156.802  17.4268 -3.92585 -87.1997  6.34611 -8.54291  4.24388 0 0 0   -0.011 -0.02329  0.04412 0.0179956 -0.162842  0.234913 -0.00547249 -0.00240327  0.00188352  0.0974679 0.00625028  0.0301506    3.83472 -0.0260382   -9.02833 
             156.902  16.0802 -1.74868 -85.1504  6.34147 -8.57319  4.26065 0 0 0   -0.011 -0.02329  0.04412 0.0175595 -0.264995  0.184353 -0.00532808  -0.0025091  0.00182379  0.0966929 0.00616255  0.0305748    3.83429 -0.0263462   -9.02851 
             157.004   18.601 -2.13413 -84.4968  6.34659 -8.60757  4.27445 0 0 0   -0.011 -0.02329  0.04412 0.0522841 -0.201638   0.25836 -0.00558028 -0.00239526  0.00181253  0.0962538 0.00634695  0.0307596    3.83401 -0.0263517   -9.02863 
             157.102  19.2994 0.132534  -83.163  6.34671 -8.62943  4.29618 0 0 0   -0.011 -0.02329  0.04412 0.0531211 -0.129139  0.215646  -0.0055488 -0.00251134  0.00176519 0.0960926 0.0062836 0.0312241    3.83395 -0.0265174   -9.02866 
             157.203  22.5567 -2.31872 -83.5425  6.34827 -8.64958   4.3029 0 0 0   -0.011 -0.02329  0.04412 -0.00958712   -0.152618   0.0708356 -0.00581259 -0.00228542  0.00173303  0.0956518 0.00647855  0.0316672    3.83367 -0.0265616   -9.02877 
             157.303  26.0162 -1.50314 -82.2516  6.33333 -8.66463  4.29779 0 0 0   -0.011 -0.02329  0.04412 -0.00936248    -0.13317 -0.00641199 -0.00605359 -0.00256033  0.00168409   0.095219 0.00752778  0.0317108    3.83324 -0.0259919   -9.02896 
             157.402  29.7229 -0.46892 -82.1929  6.31978 -8.67484  4.29477 0 0 0   -0.011 -0.02329  0.04412  0.0453544 -0.0635533 0.00393092  -0.0061278 -0.00264962   0.0016868  0.0945632 0.00870148  0.0313883    3.83263 -0.0253446   -9.02922 
             157.503   31.9809 -0.482456  -82.0918  6.32018 -8.69223  4.29419 0 0 0   -0.011 -0.02329  0.04412   0.228329 -0.0814189  0.0411334 -0.00604612 -0.00266829  0.00166421  0.0933376 0.00959838  0.0312117    3.83173 -0.0250365    -9.0296 
             157.602  28.0248  1.08476 -83.8632  6.32602 -8.71345  4.29422 0 0 0   -0.011 -0.02329  0.04412   0.209668   -0.22093 -0.0043965 -0.00550424 -0.00258533  0.00182927 0.0921721 0.0104785 0.0310418    3.83087 -0.0247389   -9.02997 
             157.702  25.2066 0.331176 -85.3928  6.33076 -8.74517  4.28774 0 0 0   -0.011 -0.02329  0.04412   0.163348  -0.263833 -0.0429415 -0.00564806 -0.00259603  0.00178131 0.0916294 0.0110964 0.0306238    3.83038 -0.0244224   -9.03018 
             157.803  23.0002  3.68468 -85.4333  6.33381 -8.76885  4.28597 0 0 0   -0.011 -0.02329  0.04412  0.125921  -0.14427 0.0104123 -0.00577888 -0.00286011  0.00183525 0.0909611 0.0119143 0.0301677    3.82977 -0.0240036   -9.03044 
             157.903  19.5022   2.6631 -86.9817  6.33663 -8.77407  4.30686 0 0 0   -0.011 -0.02329  0.04412   0.198234 -0.0363695   0.161472  -0.005618 -0.0025026 0.00177598  0.090807  0.012359 0.0290128    3.82939 -0.0235922    -9.0306 
             158.002   17.4299 -0.111825   -89.601  6.33571 -8.77898  4.33683 0 0 0   -0.011 -0.02329  0.04412 -0.0234073  -0.104362   0.186251  -0.0056073 -0.00246443  0.00186678 0.0906135 0.0128211 0.0280594    3.82903 -0.0232122   -9.03075 
             158.102  19.3811 -3.83476 -86.9482  6.32368 -8.79947  4.35392 0 0 0   -0.011 -0.02329  0.04412  0.0282018  -0.213772 0.00751053 -0.00593213 -0.00252516  0.00165106 0.0900746 0.0132461 0.0271114     3.8285 -0.0229261   -9.03098 
             158.202  20.8771 -4.53289 -85.5649  6.31722 -8.82913  4.36171 0 0 0   -0.011 -0.02329  0.04412  0.0462084  -0.300984 -0.0284068 -0.00593598 -0.00265318  0.00173701 0.0894316  0.013531 0.0261255    3.82793 -0.0227439   -9.03122 
             158.303  21.1341 -4.20061 -85.7171  6.31026 -8.85694  4.37948 0 0 0   -0.011 -0.02329  0.04412 -0.0646356  -0.210239   0.191598 -0.0058897 -0.0025445 0.00176224 0.0893751 0.0136374 0.0252985    3.82778 -0.0225833   -9.03128 
             158.403  21.5019 -3.45311 -84.3514 6.30012 -8.8808 4.40224 0 0 0   -0.011 -0.02329  0.04412 0.0809059 -0.337279  0.196338 -0.00573417 -0.00257509  0.00167865 0.0892653 0.0141861 0.0246665    3.82756 -0.0221686   -9.03138 
             158.503  24.4856 -3.07692 -83.7644  6.29772 -8.90937  4.42963 0 0 0   -0.011 -0.02329  0.04412 -0.0442927   -0.20835   0.197174 -0.00585238 -0.00257555  0.00178908 0.0890868 0.0146196 0.0242268    3.82735 -0.0218682   -9.03147 
             158.603  23.8963 -2.15979 -85.1723   6.2878 -8.93275  4.44854 0 0 0   -0.011 -0.02329  0.04412 -0.0443078  -0.263479   0.122432 -0.00572022 -0.00255629   0.0018479 0.0889464 0.0145503 0.0240485    3.82726 -0.0219157    -9.0315 
             158.702  26.4852  -1.6208 -85.0686  6.28466 -8.95392  4.44036 0 0 0   -0.011 -0.02329  0.04412 -0.146723 -0.130651  0.107351 -0.00580357 -0.00277848  0.00181679 0.0889488 0.0148032 0.0251202    3.82733 -0.0219195   -9.03148 
             158.803   29.4402 -0.905648  -83.2912 6.27938 -8.9658 4.45192 0 0 0   -0.011 -0.02329  0.04412   0.055786 -0.0748435   0.162876 -0.00590551 -0.00267542   0.0016872 0.0887919 0.0146585 0.0249754    3.82725 -0.0220214   -9.03151 
             158.902  28.8913 0.269447 -85.1719   6.2884 -8.98497  4.45502 0 0 0   -0.011 -0.02329  0.04412  0.116078 -0.214537 0.0832906 -0.00571139  -0.0026005  0.00186758 0.0884331 0.0149241 0.0253368    3.82704 -0.0219992    -9.0316 
             159.002  24.8938  1.37076 -88.3775  6.30134 -9.01475  4.44994 0 0 0   -0.011 -0.02329  0.04412  0.0446937  -0.386003 -0.0326911 -0.00572307 -0.00266766  0.00190518 0.0884235 0.0150195 0.0258807     3.8271 -0.0220321   -9.03157 
             159.102  21.3967  2.12466 -89.7034  6.29682 -9.06222  4.44404 0 0 0   -0.011 -0.02329  0.04412 -0.0341462    -0.4617  -0.055874 -0.00564653  -0.0026574  0.00190528 0.0879887 0.0151225 0.0257055    3.82681 -0.0220362    -9.0317 
             159.203  19.9778  5.50996 -89.7104  6.28652 -9.09745  4.45313 0 0 0   -0.011 -0.02329  0.04412 -0.0459237   -0.31559   0.113811 -0.00560277 -0.00279503  0.00180762 0.0879125  0.015462  0.025075    3.82662 -0.0217414   -9.03178 
             159.302  17.8464  6.02571 -91.8209  6.27204 -9.12487  4.47352 0 0 0   -0.011 -0.02329  0.04412 -0.0779937  -0.283347   0.143202 -0.00558372 -0.00260819  0.00189283 0.0877507 0.0158147 0.0246295    3.82642 -0.0214831   -9.03186 
             159.403    18.79  3.79729 -92.9055  6.26061 -9.14992  4.48409 0 0 0   -0.011 -0.02329  0.04412 -0.160926 -0.266879  0.183021 -0.00575834 -0.00264041  0.00188399 0.0878371 0.0163861 0.0245245    3.82639 -0.0210846   -9.03188 
             159.502  19.5766  1.93772 -94.1868  6.23746 -9.16488  4.49977 0 0 0   -0.011 -0.02329  0.04412 -0.223161 -0.198079 0.0847662 -0.00585363 -0.00252166  0.00191408 0.0882239 0.0169827 0.0246032    3.82657 -0.0206466    -9.0318 
             159.602  23.0127 -0.60736 -94.1345  6.21859 -9.18176  4.51205 0 0 0   -0.011 -0.02329  0.04412 -0.100031 -0.338782  0.179145 -0.00594911 -0.00255864  0.00188354 0.0886568 0.0177003 0.0245361    3.82677 -0.0201098   -9.03172 
             159.702  28.8545 -2.65081 -92.9053  6.21727 -9.21332  4.52587 0 0 0   -0.011 -0.02329  0.04412  0.125359 -0.383213  0.209378 -0.00593124 -0.00251464  0.00171275 0.0886292 0.0185138 0.0248748    3.82674 -0.0195949   -9.03173 
             159.802  27.8888 -1.31975 -94.7366  6.22241 -9.23203  4.53534 0 0 0   -0.011 -0.02329  0.04412 0.0285773 -0.221635  0.033854 -0.00566425 -0.00263409   0.0019095 0.0889302 0.0190873 0.0249484     3.8269 -0.0191839   -9.03166 
             159.903  28.4363 -1.09974 -95.6493  6.21535 -9.24509  4.54108 0 0 0   -0.011 -0.02329  0.04412 -0.0390251  -0.184254 -0.0120228 -0.00588152 -0.00262224  0.00183391 0.0890812  0.019949 0.0245547    3.82691 -0.0185352   -9.03166 
             160.002  29.4747  1.27547 -95.1034  6.19536 -9.25982  4.54629 0 0 0   -0.011 -0.02329  0.04412 -0.151658 -0.159331  0.132532 -0.00587375  -0.0028712   0.0017861 0.0887671 0.0206011 0.0240616    3.82663 -0.0180524   -9.03178 
             160.102  30.7266   1.9478 -96.7095  6.18045 -9.26931  4.55727 0 0 0   -0.011 -0.02329  0.04412 0.0120297 -0.125263  0.201141 -0.00566642 -0.00275149  0.00181028 0.0883866 0.0217701 0.0240881  3.82634 -0.01729  -9.0319 
             160.202  29.6005  1.29871 -100.299  6.17616 -9.28382  4.56888 0 0 0   -0.011 -0.02329  0.04412 0.00771936  -0.222945  0.0643814 -0.00578005 -0.00268925  0.00200336 0.0881816 0.0223031 0.0238408    3.82617 -0.0169037   -9.03198 
             160.302  28.6808 0.247911 -101.985  6.16629 -9.30662  4.57617 0 0 0   -0.011 -0.02329  0.04412 -0.112241 -0.350142 0.0147972 -0.00587107 -0.00265845  0.00181745 0.0883032 0.0227622 0.0235413    3.82619 -0.0165281   -9.03197 
             160.402  27.6716   1.2212 -102.566  6.14802 -9.34105  4.57139 0 0 0   -0.011 -0.02329  0.04412 -0.0896003  -0.396917 -0.0109695 -0.00589202 -0.00275399  0.00182524 0.0883555 0.0234027 0.0234073     3.8262 -0.0160592   -9.03197 
             160.502  26.7081  4.17549 -102.276     6.14 -9.37289  4.58136 0 0 0   -0.011 -0.02329  0.04412 -0.0537737  -0.279421  0.0776598 -0.00584824 -0.00275611  0.00179474 0.0882643 0.0235392 0.0230673     3.8261 -0.0159026   -9.03201 
             160.603 23.8217  4.4964 -103.61 6.12656 -9.4014  4.5863 0 0 0   -0.011 -0.02329  0.04412 -0.0585378  -0.291781 0.00346813 -0.00580066 -0.00262423  0.00182255 0.0879357 0.0239782 0.0227383    3.82586 -0.0155431   -9.03211 
             160.702  23.6032  5.70494 -103.455  6.11561 -9.42771  4.60091 0 0 0   -0.011 -0.02329  0.04412 -0.066076 -0.248458  0.079876 -0.00581023 -0.00273143   0.0017941 0.0877656 0.0240293 0.0221718    3.82569 -0.0153939   -9.03218 
             160.803  23.4026  6.16311 -104.139  6.10033 -9.45595  4.61928 0 0 0   -0.011 -0.02329  0.04412 -0.120834 -0.243373  0.101185 -0.00596643 -0.00254908  0.00176524 0.0873498  0.023783  0.021586   3.82535 -0.015445  -9.03233 
             160.902 23.4568 6.78033 -105.08 6.08242 -9.4844 4.63629 0 0 0   -0.011 -0.02329  0.04412 -0.146494 -0.205547  0.122216 -0.00593924 -0.00245249  0.00180869 0.0867512 0.0234893 0.0212646    3.82491 -0.0155725   -9.03251 
             161.002  23.4379  5.93057 -106.342  6.05796 -9.50203  4.66063 0 0 0   -0.011 -0.02329  0.04412 -0.150471 -0.188648  0.137375 -0.00586288 -0.00250469   0.0017556 0.0864791 0.0237376 0.0205211    3.82468 -0.0152524   -9.03261 
             161.102  24.0932  4.19307 -108.393  6.04218 -9.52305  4.67348 0 0 0   -0.011 -0.02329  0.04412 -0.0967054  -0.296861   0.152352 -0.00599127 -0.00236938  0.00179439 0.0863074 0.0240019 0.0204009    3.82457 -0.0150382   -9.03266 
             161.203  25.5013  3.17836 -109.627  6.03182 -9.55246  4.68031 0 0 0   -0.011 -0.02329  0.04412 -0.168396 -0.141937 0.0806494 -0.00611714 -0.00235738  0.00184679 0.0860677 0.0240539 0.0205355    3.82443 -0.0150095   -9.03272 
             161.301  24.4738  3.99495 -110.371   6.0116 -9.56109  4.67978 0 0 0   -0.011 -0.02329  0.04412 -0.178496 -0.124526 0.0899054 -0.00604063 -0.00238491  0.00189701 0.0862783 0.0247805 0.0207791    3.82466 -0.0145587   -9.03262 
             161.402   26.746  4.16214 -110.462  5.99133 -9.57172  4.68218 0 0 0   -0.011 -0.02329  0.04412 -0.170077 -0.183993 0.0936443  -0.0061178 -0.00250913  0.00185309 0.0862008 0.0249911 0.0209359   3.82465 -0.014431  -9.03263 
             161.502 27.0715  4.3537 -112.74  5.98189 -9.59453  4.68864 0 0 0   -0.011 -0.02329  0.04412 0.00319057  -0.323492  0.0827038 -0.00604896 -0.00239424  0.00195717 0.0859611 0.0254724  0.021212  3.82457 -0.01412 -9.03266 
             161.602  23.9055   6.8678 -114.257  5.98533 -9.63147  4.67704 0 0 0   -0.011 -0.02329  0.04412 0.0111284 -0.383679  -0.12976 -0.00583643 -0.00251195  0.00191997 0.0856682 0.0258359 0.0214891    3.82444 -0.0138851   -9.03272 
             161.702  21.4992  9.39895 -114.043  5.96772 -9.66752  4.65912 0 0 0   -0.011 -0.02329  0.04412  -0.23868 -0.418367 -0.253777 -0.00569061 -0.00258105  0.00177316 0.0853554 0.0263108 0.0214715    3.82429 -0.0135153   -9.03278 
             161.802  20.2264   11.258 -113.866  5.93658 -9.70608  4.62538 0 0 0   -0.011 -0.02329  0.04412  -0.15478 -0.368793 -0.285676 -0.00579736 -0.00254512  0.00169715 0.0847225 0.0269667 0.0214508    3.82396 -0.0129759   -9.03292 
             161.902 20.8802 14.2901 -113.82  5.91853 -9.73636  4.60501 0 0 0   -0.011 -0.02329  0.04412 -0.163667 -0.293127 -0.252607 -0.00599871 -0.00253119   0.0018005  0.084622 0.0272549 0.0210264    3.82392 -0.0126905   -9.03294 
             162.002  19.0926  17.1875 -112.872  5.89593 -9.76269  4.56845 0 0 0   -0.011 -0.02329  0.04412 -0.192152 -0.370546 -0.363176 -0.00572504 -0.00269294  0.00182579 0.0844156 0.0280639 0.0212406    3.82393 -0.0121273   -9.03294 
             162.102  21.6594  20.0417 -111.546  5.88338 -9.79025  4.55873 0 0 0   -0.011 -0.02329  0.04412 -0.0961339  -0.288207 -0.0343688 -0.00585261 -0.00278735  0.00173324 0.0845629 0.0283588 0.0211697    3.82407 -0.0119337   -9.03288 
             162.202  21.3099  18.9793 -112.017   5.8709 -9.81677  4.54487 0 0 0   -0.011 -0.02329  0.04412 -0.134248 -0.257138 -0.147992 -0.00547113 -0.00270513  0.00176001 0.0842343 0.0287549 0.0213121    3.82393 -0.0116211   -9.03293 
             162.302  24.7805  17.8198 -110.831  5.85481 -9.84798   4.5402 0 0 0   -0.011 -0.02329  0.04412 -0.0735721  -0.396011  -0.131395 -0.00549157 -0.00272031  0.00160513 0.0841756 0.0290623 0.0207763     3.8239 -0.0113409   -9.03295 
             162.402  28.2457  18.7984 -110.205 5.83578 -9.8755 4.54187 0 0 0   -0.011 -0.02329  0.04412 -0.145848 -0.195037 -0.154847 -0.00589988 -0.00284252  0.00167699 0.0841782 0.0292395 0.0197261    3.82382 -0.0111222   -9.03298 
             162.502  29.1326  18.9137 -110.755  5.81721 -9.89151  4.53765 0 0 0   -0.011 -0.02329  0.04412 -0.153617 -0.160484 -0.118263 -0.00573298 -0.00289428  0.00172291 0.0841044 0.0294235  0.019191    3.82374 -0.0109367   -9.03302 
             162.602  29.4667  20.5875 -111.598  5.79432 -9.89756  4.53135 0 0 0   -0.011 -0.02329  0.04412 -0.0812318  -0.231745  -0.107512 -0.00583967 -0.00294397  0.00175556 0.0842377  0.030416 0.0187848    3.82395 -0.0102361   -9.03293 
             162.702  29.2374  23.0455 -114.715  5.78059 -9.92676  4.54016 0 0 0   -0.011 -0.02329  0.04412 0.00212551  -0.458872  -0.140126  -0.0059925 -0.00282618  0.00178357 0.0842658 0.0309201 0.0180396     3.82394 -0.00983059    -9.03293 
             162.802  24.8567  25.7899 -116.987  5.76682 -9.96756  4.54227 0 0 0   -0.011 -0.02329  0.04412 -0.090714 -0.425862 -0.100596 -0.00568721  -0.0028451  0.00179029 0.0839876 0.0312025 0.0174925     3.82372 -0.00954148    -9.03303 
             162.902  22.0241  27.0946 -118.332  5.74244 -10.0011  4.53135 0 0 0   -0.011 -0.02329  0.04412 -0.223414 -0.304973 -0.182974 -0.00575849 -0.00288555  0.00171062 0.0837642 0.0316776 0.0170044    3.82358 -0.0091315   -9.03309 
             163.002  20.2885  30.5228 -118.937  5.71359 -10.0291   4.5054 0 0 0   -0.011 -0.02329  0.04412  -0.18782 -0.309864  -0.26111 -0.00550834  -0.0030933  0.00181101 0.0829685 0.0323306 0.0169023     3.82319 -0.00851327    -9.03325 
             163.102  19.3626   33.078 -121.134  5.68688 -10.0581  4.47833 0 0 0   -0.011 -0.02329  0.04412 -0.255833 -0.350879 -0.319537 -0.00579732 -0.00323882   0.0020161 0.0828119 0.0328843 0.0167085     3.82317 -0.00808347    -9.03326 
             163.202  19.0543  35.8359 -122.321  5.65341 -10.0877   4.4741 0 0 0   -0.011 -0.02329  0.04412   -0.31312  -0.260943 0.00461956 -0.00574205 -0.00316155   0.0019888 0.0823379 0.0333651 0.0164614     3.82294 -0.00762836    -9.03336 
             163.302  18.3532  34.6665 -125.039  5.62175 -10.1047  4.46645 0 0 0   -0.011 -0.02329  0.04412 -0.267011 -0.217327  -0.10401 -0.00597035 -0.00275573  0.00193621 0.0822608 0.0341155 0.0163652     3.82305 -0.00709067    -9.03331 
             163.402  19.9818  35.7659 -126.847  5.58985 -10.1162  4.45852 0 0 0   -0.011 -0.02329  0.04412 -0.337368  -0.15337 -0.143488 -0.00613609 -0.00294793  0.00191097 0.0825062 0.0347483 0.0162249     3.82333 -0.00672161    -9.03319 
             163.502 21.6132 36.2589 -128.69  5.55358 -10.1309  4.44089 0 0 0   -0.011 -0.02329  0.04412 -0.329956 -0.243316 -0.209264 -0.00611019 -0.00299637  0.00195461 0.0825136 0.0350684 0.0161519      3.8234 -0.00650565    -9.03316 
             163.602  21.0327  38.1715 -131.906  5.51838 -10.1552  4.43256 0 0 0   -0.011 -0.02329  0.04412   -0.31657  -0.280888 -0.0124701 -0.00610343 -0.00309586   0.0020382 0.0826033 0.0352275 0.0159474     3.82345 -0.00642154    -9.03314 
             163.702  17.1698  39.3462 -136.279  5.49167 -10.1825  4.42822 0 0 0   -0.011 -0.02329  0.04412 -0.264459 -0.255013   -0.1062 -0.00586862  -0.0029668  0.00193416 0.0829822  0.035271  0.015894     3.82367 -0.00651521    -9.03305 
             163.802   14.751  40.3365 -139.693  5.47289 -10.2012  4.41384 0 0 0   -0.011 -0.02329  0.04412 -0.204651  -0.25198 -0.147414 -0.00596251 -0.00308531  0.00202628  0.083216 0.0357382 0.0163227     3.82407 -0.00629797    -9.03288 
             163.902  12.7853  39.7807 -142.828  5.45234 -10.2224  4.39428 0 0 0   -0.011 -0.02329  0.04412 -0.259782 -0.245276 -0.215443  -0.0060005 -0.00289225  0.00178312 0.0833163 0.0362866 0.0166173     3.82438 -0.00598553    -9.03275 
             164.002  11.1604  40.3667 -146.078 5.41315 -10.234 4.37417 0 0 0   -0.011 -0.02329  0.04412 -0.264751 -0.155733 -0.137162 -0.00612162 -0.00284032  0.00181784 0.0825089 0.0371615 0.0162507     3.82412 -0.00510521    -9.03286 
             164.102  10.4044  42.3901 -147.841   5.3754 -10.2261  4.37954 0 0 0   -0.011 -0.02329  0.04412  -0.280216 -0.0203855 -0.0921883 -0.00625437 -0.00299781  0.00187668 0.0827145  0.039034 0.0155345     3.82471 -0.00395645    -9.03261 
             164.202   9.8083  41.4771 -150.377  5.33824 -10.2207  4.38306 0 0 0   -0.011 -0.02329  0.04412  -0.263423 0.00966689 -0.0174937 -0.00634056 -0.00287519  0.00190445 0.0824962  0.039693 0.0148324     3.82465 -0.00342385    -9.03264 
             164.302  9.69865  41.6255 -153.389  5.30816 -10.2222  4.38159 0 0 0   -0.011 -0.02329  0.04412  -0.316363 -0.0201646 -0.0732056 -0.00638615  -0.0029189  0.00187234 0.0825095 0.0393014 0.0146507     3.82446 -0.00366614    -9.03272 
             164.402 8.47532 40.8173 -157.44  5.27372 -10.2186  4.37219 0 0 0   -0.011 -0.02329  0.04412   -0.36642 -0.0388712 -0.0770759  -0.0063563 -0.00279775  0.00188141 0.0825088 0.0399447 0.0147201     3.82473 -0.00327172     -9.0326 
             164.502 5.37655 40.3828 -162.21  5.23696 -10.2162  4.35843 0 0 0   -0.011 -0.02329  0.04412 -0.349349 0.0281684 -0.194481 -0.00627409 -0.00294581  0.00203197 0.0820706 0.0402862 0.0151423     3.82473 -0.00289262     -9.0326 
             164.602  3.42404   41.227 -165.618  5.20668 -10.2144  4.32816 0 0 0   -0.011 -0.02329  0.04412  -0.293254 0.00611885  -0.204958 -0.00611974 -0.00293892  0.00189035  0.081323 0.0399223 0.0156802     3.82431 -0.00280844    -9.03278 
             164.702  2.94049  42.2938 -169.555  5.17547 -10.2157  4.29849 0 0 0   -0.011 -0.02329  0.04412    -0.3337 -0.0370068  -0.263159 -0.00624607  -0.0029585    0.001871   0.08086 0.0398949 0.0159297     3.82412 -0.00262744    -9.03286 
             164.802  1.64684  43.0324 -173.234  5.14082 -10.2229  4.27393 0 0 0   -0.011 -0.02329  0.04412   -0.32323 -0.0694486  -0.198338  -0.0062056 -0.00285834  0.00177195  0.080863 0.0393827 0.0158797     3.82388 -0.00292908    -9.03296 
             164.902 0.198964  43.7313 -176.433  5.10165 -10.2268  4.27895 0 0 0   -0.011 -0.02329  0.04412   -0.3117 0.0585851 -0.106331 -0.00624259 -0.00292819  0.00171044 0.0814132 0.0391559 0.0150304     3.82387 -0.00326888    -9.03297 
             165.002 -0.849882   43.0209  -179.129  5.06856 -10.2137  4.27716 0 0 0   -0.011 -0.02329  0.04412   -0.25936   0.105225 -0.0677626 -0.00624988 -0.00291249  0.00176375 0.0812748 0.0398437 0.0145732     3.82401 -0.00277226    -9.03291 
             165.102 0.376398   42.896  178.295  5.03563 -10.1943  4.27868 0 0 0   -0.011 -0.02329  0.04412 -0.309965  0.176106 -0.106323 -0.00647084 -0.00300529  0.00168359 0.0812974 0.0406601 0.0140019     3.82428 -0.00227591    -9.03279 
             165.202 0.889648  42.0267  175.458  4.99598 -10.1765  4.26324 0 0 0   -0.011 -0.02329  0.04412  -0.347144   0.124403 -0.0921354 -0.00643867 -0.00288258  0.00167402 0.0806728 0.0410796 0.0137554     3.82411 -0.00170273    -9.03287 
             165.302 -3.79098  42.9975  169.712  4.95699 -10.1592  4.26242 0 0 0   -0.011 -0.02329  0.04412  -0.31913  0.138413 -0.107378 -0.00629515 -0.00277652  0.00163395 0.0804182  0.041673 0.0132872     3.82417 -0.00120059    -9.03284 
             165.402 -6.95515  41.9251  164.767  4.92844 -10.1421  4.24339 0 0 0   -0.011 -0.02329  0.04412 -0.248083   0.15051 -0.134347 -0.00620885 -0.00269187  0.00170302 0.0798047 0.0415507 0.0135315      3.82386 -0.000969543     -9.03297 
             165.502 -7.23147  42.1091  161.121  4.90119 -10.1299  4.21356 0 0 0   -0.011 -0.02329  0.04412 -0.285298  0.153004 -0.248589 -0.00643414 -0.00278546  0.00159355 0.0791083 0.0408435 0.0139107     3.82325 -0.00101718    -9.03323 
             165.602 -9.15275  41.4838  157.027  4.87176 -10.1091  4.18689 0 0 0   -0.011 -0.02329  0.04412 -0.264122   0.14135   -0.1868 -0.00634377 -0.00261979    0.001572 0.0784858 0.0410739 0.0139671      3.82308 -0.000565836      -9.0333 
             165.702 -11.3635  41.5747  152.741  4.84488 -10.0862  4.18055 0 0 0   -0.011 -0.02329  0.04412  -0.205986    0.26624 -0.0706957 -0.00638956 -0.00278707  0.00160119 0.0783093 0.0414648 0.0137862      3.82317 -0.000245892     -9.03326 
             165.802 -12.6419  40.1806  149.631  4.82389 -10.0569   4.1833 0 0 0   -0.011 -0.02329  0.04412  -0.145664   0.291658 -0.0214766 -0.00630175 -0.00266816  0.00163941 0.0781828 0.0415401 0.0133187     3.82307 -8.0541e-05    -9.03331 
             165.902 -10.8666  39.1223  146.712   4.8055 -10.0223  4.17584 0 0 0   -0.011 -0.02329  0.04412 -0.198694  0.339296 -0.154972 -0.00639332 -0.00265669  0.00161423 0.0775812 0.0414655 0.0131774     3.82273 0.000240064    -9.03345 
             166.002 -10.8782  38.0289   143.01  4.77772 -9.98664   4.1643 0 0 0   -0.011 -0.02329  0.04412  -0.201102   0.329583 -0.0519263 -0.00640252 -0.00270304  0.00159558 0.0769113 0.0413633 0.0128509     3.82233 0.000617337    -9.03362 
             166.102 -15.6279  37.8829  136.411  4.75343 -9.95732  4.16241 0 0 0   -0.011 -0.02329  0.04412 -0.159758  0.317803 -0.118891 -0.00624506 -0.00283297  0.00175636 0.0769344   0.04105 0.0125392     3.82211 0.000499168    -9.03371 
             166.202 -17.879 36.5089 131.653  4.74167 -9.92397  4.15616 0 0 0   -0.011 -0.02329  0.04412  -0.079614   0.307304 -0.0922772 -0.00615071 -0.00273476  0.00162782 0.0766051  0.041274 0.0124629     3.82209 0.000807443    -9.03372 
             166.302 -18.3562  35.6135  127.574  4.72892 -9.89653  4.15621 0 0 0   -0.011 -0.02329  0.04412 -0.0952831   0.334252  -0.130869 -0.00634149 -0.00281865   0.0015683 0.0772632 0.0407932 0.0119335       3.822 0.000272327    -9.03376 
             166.402 -20.3338  33.8537  122.714  4.71369 -9.86056  4.14291 0 0 0   -0.011 -0.02329  0.04412 -0.175449  0.276698   0.12068 -0.00627146 -0.00272919  0.00160993 0.0766114 0.0398238 0.0119086     3.82117 0.000243295    -9.03411 
             166.502 -22.4881  35.6202  118.622  4.69443 -9.83167  4.15735 0 0 0   -0.011 -0.02329  0.04412 -0.105972  0.353946  0.160764 -0.00614606 -0.00311063  0.00160038 0.0763222 0.0392384 0.0117197     3.82068 0.000202277    -9.03432 
             166.603 -23.1638  33.5065  116.643  4.68405 -9.78992  4.16983 0 0 0   -0.011 -0.02329  0.04412 -0.0556256   0.366104   0.202528 -0.00609164 -0.00299313   0.0015934 0.0754177 0.0392627 0.0117221     3.82036 0.000772841    -9.03445 
             166.702 -21.4758  31.6344  114.084   4.6719 -9.75246  4.18139 0 0 0   -0.011 -0.02329  0.04412 -0.0704598   0.412223  0.0912917 -0.00624238 -0.00289306  0.00162619 0.0748938 0.0386443 0.0116075     3.81978 0.000871655     -9.0347 
             166.802 -21.0722  30.1324  111.155  4.65249 -9.71189  4.18178 0 0 0   -0.011 -0.02329  0.04412 -0.172862  0.399993  0.208903 -0.00637292 -0.00305576  0.00152859 0.0741821 0.0373429 0.0117608     3.81875 0.000794481    -9.03513 
             166.902 -23.5059  29.1967  106.564  4.63197 -9.67511  4.19499 0 0 0   -0.011 -0.02329  0.04412 -0.0970562   0.395267  0.0869094  -0.0061594 -0.00321768   0.0016133 0.0742219 0.0366864 0.0116041     3.81834 0.000551453    -9.03531 
             167.002 -23.6244  28.2512  103.404  4.62112 -9.63786  4.19866 0 0 0   -0.011 -0.02329  0.04412 -0.0743169   0.352913  0.0176516 -0.00644651 -0.00316684  0.00152584 0.0737484 0.0360425 0.0116873     3.81779 0.000606618    -9.03554 
             167.102 -22.3775  27.4836  99.9255  4.61272 -9.60469  4.19942 0 0 0   -0.011 -0.02329  0.04412 -0.113768  0.365344 0.0382122 -0.00652721 -0.00339124  0.00158889 0.0739567 0.0358071 0.0119501     3.81774 0.000344101    -9.03556 
             167.202 -24.5658  26.1661  96.8944  4.60524 -9.57738  4.20207 0 0 0   -0.011 -0.02329  0.04412 -0.185183  0.286014  0.194934 -0.00635019 -0.00333666  0.00153969 0.0747664 0.0353009 0.0124775      3.81772 -0.000448341     -9.03557 
             167.302 -26.6864   23.428  94.7348  4.59119 -9.55751  4.21728 0 0 0   -0.011 -0.02329  0.04412 -0.125765  0.199439  0.274559 -0.00638301 -0.00325999  0.00162062 0.0748632 0.0350369 0.0130435      3.81763 -0.000699001      -9.0356 
             167.402 -26.6375  19.1808  95.1843  4.58917 -9.54842  4.23589 0 0 0   -0.011 -0.02329  0.04412 -0.00570274   0.0893839    0.442149 -0.00652743 -0.00294854  0.00146944 0.0751481 0.0344225 0.0138096     3.81739 -0.00122028    -9.03571 
             167.502 -21.497 17.0251 97.1834  4.59845 -9.54204  4.26316 0 0 0   -0.011 -0.02329  0.04412 0.154786 0.103315 0.283745 -0.00683068 -0.00289736   0.0012361 0.0750655 0.0339336 0.0143799     3.8171 -0.0014158   -9.03583 
             167.602 -18.7892  13.0755  97.9979  4.62162 -9.53296  4.27215 0 0 0   -0.011 -0.02329  0.04412 0.249556 0.110951 0.254502 -0.00673131  -0.0027864  0.00130758 0.0748096 0.0332937 0.0150803     3.81668 -0.00154926    -9.03601 
             167.702 -14.6208  10.6141  98.9822  4.63096 -9.51014  4.28324 0 0 0   -0.011 -0.02329  0.04412 -0.00597982    0.202393    0.159326 -0.00682567 -0.00286627  0.00122813 0.0739846  0.033457 0.0154612     3.81661 -0.00101153    -9.03604 
             167.802 -17.3513  9.34222  95.6017   4.6255 -9.48667  4.28072 0 0 0   -0.011 -0.02329  0.04412 -0.0707483   0.244231  0.0407338 -0.00663802 -0.00286583  0.00131374 0.0735608  0.033074 0.0157715      3.81628 -0.000874397     -9.03618 
             167.902 -18.9257  8.25942  93.6711  4.62344 -9.46596  4.26847 0 0 0   -0.011 -0.02329  0.04412 -0.0364298   0.213161 0.00839664 -0.00642556 -0.00297126  0.00143415  0.073574  0.032895 0.0165781    3.81621 -0.0010571   -9.03621 
             168.002 -22.1684  7.53402   92.958  4.62581 -9.43991  4.24956 0 0 0   -0.011 -0.02329  0.04412 -0.0374427   0.205695 -0.0228577 -0.00628604 -0.00294191  0.00134744 0.0727737 0.0329171 0.0172804     3.81607 -0.00060538    -9.03626 
             168.102 -23.4231  6.27892  91.8259   4.6172 -9.40776  4.23351 0 0 0   -0.011 -0.02329  0.04412 -0.0382282    0.24551 -0.0254346 -0.00637096 -0.00289137  0.00148243 0.0712558 0.0325071 0.0173911     3.81546 0.000328636    -9.03652 
             168.202 -23.935 4.88904 91.5202  4.60644 -9.37871   4.2238 0 0 0   -0.011 -0.02329  0.04412 -0.0339223   0.235444   0.125632 -0.00643206 -0.00271632  0.00147875 0.0704772 0.0319246 0.0175195      3.8149 0.000712866    -9.03676 
             168.302 -24.9632  4.56174  91.0079  4.60068 -9.35169  4.23117 0 0 0   -0.011 -0.02329  0.04412  0.0378722   0.199537 -0.0118927 -0.00641564 -0.00282419  0.00146249 0.0698602 0.0313571 0.0171679   3.81438 0.0010485  -9.03698 
             168.402 -25.2388  2.73943  90.6873  4.60925 -9.32975  4.22368 0 0 0   -0.011 -0.02329  0.04412   0.107375   0.183575 -0.0888239 -0.00646442 -0.00266968  0.00141265 0.0694951 0.0316128  0.017235    3.81447 0.00135526   -9.03694 
             168.502 -25.3361  3.21351  89.1669  4.61647 -9.31059  4.21968 0 0 0   -0.011 -0.02329  0.04412   0.105431   0.200188 -0.0389026 -0.00657219 -0.00269526  0.00145275 0.0692724  0.031417 0.0171265    3.81429 0.00147581   -9.03702 
             168.602 -25.6911  3.15084  87.6235  4.62277 -9.28326  4.21948 0 0 0   -0.011 -0.02329  0.04412 -0.00426627     0.21903   0.0535531 -0.00653766 -0.00268606  0.00137919 0.0687768 0.0311705  0.017001   3.81402 0.0017779  -9.03713 
             168.702 -26.9321  4.46978  86.4759  4.61854 -9.25919  4.24121 0 0 0   -0.011 -0.02329  0.04412 0.0322441  0.216274  0.293265 -0.0062487 -0.0026979 0.00146173 0.0684841 0.0308547 0.0167255    3.81374 0.00193286   -9.03725 
             168.802 -25.7092  2.65391  88.3445  4.61684 -9.23355  4.27244 0 0 0   -0.011 -0.02329  0.04412 -0.025631  0.395978  0.222131 -0.00648289 -0.00265174  0.00134733 0.0692001 0.0304994 0.0163864    3.81363 0.00137048   -9.03729 
             168.902 -22.4059  2.62167  88.7366   4.6101 -9.20852  4.29937 0 0 0   -0.011 -0.02329  0.04412 0.123737 0.179712 0.307975 -0.00649239 -0.00281242  0.00140377 0.0694055 0.0294668 0.0161816    3.81298 0.00101976   -9.03757 
             169.002  -19.6822 -0.102663    89.988  4.61892 -9.19264  4.31038 0 0 0   -0.011 -0.02329  0.04412  0.149324  0.204714 0.0495804 -0.00649674 -0.00251593  0.00141951  0.069397 0.0284724 0.0164997     3.81233 0.000806057    -9.03784 
             169.102  -16.9424 0.0410672   90.1427  4.62319 -9.19064  4.32554 0 0 0   -0.011 -0.02329  0.04412  0.158299 0.0723926  0.130798 -0.00659951  -0.0027226  0.00146146 0.0698659 0.0273219 0.0161894     3.81164 0.000252791    -9.03814 
             169.202 -14.1525 -1.37391  92.1824  4.61077 -9.19864  4.35982 0 0 0   -0.011 -0.02329  0.04412  -0.127078 -0.0884417   0.220021 -0.00658633 -0.00243243   0.0013814 0.0706947 0.0271024 0.0153841       3.8116 -0.000349363     -9.03815 
             169.302 -16.0549  -3.4468  91.5438 4.59415 -9.2069 4.37693 0 0 0   -0.011 -0.02329  0.04412  -0.075679 -0.0109019   0.110416 -0.00628822 -0.00247314  0.00143926  0.071008 0.0267043 0.0151188      3.81138 -0.000642913     -9.03824 
             169.402 -17.3522 -6.02294  92.3211  4.58276 -9.18944  4.37343 0 0 0   -0.011 -0.02329  0.04412 0.0281018  0.246329  -0.18698 -0.00627594 -0.00258788   0.0014305 0.0700442 0.0259859 0.0150231      3.81073 -0.000106464     -9.03852 
             169.502 -20.5264 -4.93321  91.7902  4.58544 -9.16127  4.36778 0 0 0   -0.011 -0.02329  0.04412   0.0789785    0.337148 -0.00369748 -0.00618662 -0.00287752  0.00137059  0.069975 0.0255625 0.0148914      3.81043 -0.000140586     -9.03864 
             169.602 -22.2821 -2.98418  89.3468  4.5889 -9.1214 4.35872 0 0 0   -0.011 -0.02329  0.04412 0.00730773   0.268487 -0.0557368 -0.00626627 -0.00292104  0.00148919 0.0691501 0.0250668 0.0149907     3.80996 0.000338329    -9.03884 
             169.702  -23.1571 -0.984364   87.7746  4.58663 -9.09564  4.35258 0 0 0   -0.011 -0.02329  0.04412 -0.0217713    0.20811  0.0441841 -0.00641213 -0.00279113  0.00139053 0.0689407 0.0249076 0.0151872     3.80982 0.000453006     -9.0389 
             169.802 -24.3646 -2.30571  87.7496 4.58546 -9.0675 4.34501 0 0 0   -0.011 -0.02329  0.04412 0.0248024  0.282381 0.0197926 -0.00666768 -0.00266126  0.00121115  0.068434 0.0243386 0.0155651     3.80936 0.000696806    -9.03909 
             169.902 -22.4855 -3.48552  88.7553  4.57955 -9.03588  4.36615 0 0 0   -0.011 -0.02329  0.04412 0.0927488  0.244502  0.152145 -0.00669801 -0.00258091  0.00140476 0.0678545 0.0241072 0.0147845    3.80909 0.00105145   -9.03921 
             170.002 -20.8925 -4.07327  90.2874    4.584 -9.00852  4.38186 0 0 0   -0.011 -0.02329  0.04412 0.00905258   0.247432   0.128264 -0.00663143 -0.00253635  0.00136618  0.067244 0.0238704 0.0145641    3.80883 0.00143113   -9.03932 
             170.102 -16.1518 -4.97967  93.3322 4.57409 -8.9851 4.40967 0 0 0   -0.011 -0.02329  0.04412 -0.166302  0.331536  0.166674   -0.006762 -0.00244022  0.00125821  0.067659 0.0237048 0.0140052    3.80878 0.00110138   -9.03934 
             170.202 -14.6856   -5.988  93.6523  4.54784 -8.95426  4.43086 0 0 0   -0.011 -0.02329  0.04412 -0.0865757   0.170758  0.0780169 -0.00659584  -0.0025003  0.00137516 0.0674156 0.0229324 0.0132558    3.80822 0.00111133   -9.03958 
             170.302 -15.9066 -5.22152   93.033  4.54429 -8.93803  4.44324 0 0 0   -0.011 -0.02329  0.04412 0.0780667  0.177149 0.0715971 -0.00660864 -0.00251292  0.00133859 0.0673428  0.022688 0.0129408    3.80804 0.00110846   -9.03965 
             170.402 -14.6628 -4.51096   93.117 4.54457 -8.9169 4.46634 0 0 0   -0.011 -0.02329  0.04412 0.161372 0.118742 0.184806 -0.00669988 -0.00263254  0.00138829 0.0667256 0.0221866 0.0121169     3.8076 0.00141969   -9.03984 
             170.502 -13.0581 -2.70403  93.2238  4.55115 -8.90423  4.48618 0 0 0   -0.011 -0.02329  0.04412 -0.0371548   0.027159   0.256001 -0.00665406 -0.00266119  0.00139239 0.0663887 0.0218191 0.0121556     3.8073 0.00158124   -9.03996 
             170.602 -12.7808   -4.385  91.4915  4.53964 -8.90566  4.50733 0 0 0   -0.011 -0.02329  0.04412 -0.072765 0.0563314 0.0677682 -0.00660033 -0.00254443  0.00142913 0.0667054 0.0214463 0.0119506    3.80712 0.00128159   -9.04004 
             170.702 -13.7999 -7.46274  92.0789  4.53179 -8.89709   4.5021 0 0 0   -0.011 -0.02329  0.04412 -0.0141041   0.147587   0.019854  -0.0066243 -0.00244896  0.00134298 0.0669099 0.0207761 0.0122889    3.80672 0.00101366   -9.04021 
             170.802 -15.2124 -8.26701  92.1092  4.53187 -8.87454  4.50786 0 0 0   -0.011 -0.02329  0.04412 0.0900224   0.27612 0.0456229 -0.00659753 -0.00261626   0.0013229 0.0666536 0.0205121  0.012133     3.8065 0.00113172    -9.0403 
             170.902  -15.671 -7.86766  92.2764  4.53691 -8.84088  4.52077 0 0 0   -0.011 -0.02329  0.04412 0.0883251   0.31036 0.0296727 -0.00662571 -0.00259479  0.00135222 0.0661519 0.0203027 0.0116223    3.80629 0.00141702   -9.04039 
             171.002 -15.6717  -5.9686   92.213  4.52909 -8.81792  4.52109 0 0 0   -0.011 -0.02329  0.04412 -0.131186  0.136191 0.0471395 -0.00653594 -0.00270845  0.00131572 0.0660842 0.0199297  0.011598    3.80604 0.00138835   -9.04049 
             171.102  -19.559 -6.83924  91.7516  4.5089 -8.8007 4.52524 0 0 0   -0.011 -0.02329  0.04412  -0.142593   0.150463 0.00298339 -0.00643544 -0.00254294  0.00139562 0.0655768 0.0194241 0.0114823    3.80563 0.00163069   -9.04067 
             171.202 -22.4064 -8.20885  92.5466  4.49055 -8.77622  4.52245 0 0 0   -0.011 -0.02329  0.04412  -0.150442    0.16483 -0.0886036 -0.0062672 -0.0025123 0.00148203 0.0647426 0.0192641 0.0113032    3.80538 0.00216106   -9.04077 
             171.302 -23.6998 -8.70944  92.6575  4.47757 -8.74946  4.53612 0 0 0   -0.011 -0.02329  0.04412  0.110685  0.259579 0.0873169 -0.00645607 -0.00257281  0.00143945  0.063886 0.0189269 0.0105727    3.80504 0.00264548   -9.04092 
             171.402 -21.1117 -6.64377  93.9619 4.47682 -8.7238   4.544 0 0 0   -0.011 -0.02329  0.04412 -0.0186939   0.314807  0.0583233 -0.00670127 -0.00259394  0.00133927 0.0636114 0.0185503 0.0107084    3.80475 0.00276736   -9.04104 
             171.502 -20.0198  -6.7641  93.6904  4.47415 -8.68323  4.53107 0 0 0   -0.011 -0.02329  0.04412 -0.0566718    0.34208 -0.0429056 -0.00656693 -0.00246643  0.00151997 0.0632649 0.0184501 0.0115061  3.80461 0.003027  -9.0411 
             171.602 -20.4934 -4.51221   92.256  4.47302 -8.64937  4.53177 0 0 0   -0.011 -0.02329  0.04412 0.0846121  0.255407 0.0296669 -0.00653376 -0.00259305  0.00147683 0.0625156 0.0180664 0.0113811    3.80424 0.00345525   -9.04125 
             171.702 -18.7767 -3.83751  92.3646  4.48196 -8.62215  4.53585 0 0 0   -0.011 -0.02329  0.04412   0.12738  0.264981 0.0536875 -0.00660782  -0.0024258  0.00145252 0.0623103 0.0181764 0.0114156    3.80427 0.00361675   -9.04124 
             171.802 -17.1353 -1.87371  91.4606   4.4931 -8.59684  4.54673 0 0 0   -0.011 -0.02329  0.04412 0.0580603  0.310897 0.0356868 -0.00667223 -0.00243661  0.00153612 0.0621712 0.0177703 0.0112305    3.80399 0.00362344   -9.04136 
             171.902 -14.6975 -1.18529   91.098 4.48737 -8.5741 4.56945 0 0 0   -0.011 -0.02329  0.04412 -0.0333452   0.191313   0.139127 -0.00653386 -0.00243737  0.00149431 0.0618072 0.0174997 0.0107136    3.80375 0.00379104   -9.04146 
             172.002 -14.8727  -1.3269  90.3472 4.47874  -8.549 4.59611 0 0 0   -0.011 -0.02329  0.04412 0.0932586  0.339659  0.112261 -0.00653221  -0.0024543  0.00144423  0.0616417    0.01721 0.00989631    3.80354 0.00381014   -9.04155 
             172.102 -14.5225 -1.22684  90.2994  4.47482 -8.51765  4.61843 0 0 0   -0.011 -0.02329  0.04412 -0.117581  0.202707  0.143733 -0.00654672 -0.00249003  0.00150992  0.0612819  0.0169617 0.00929797    3.80332 0.00398205   -9.04164 
             172.202 -16.0536 -1.37707  89.4877  4.45369 -8.50411  4.64739 0 0 0   -0.011 -0.02329  0.04412 -0.124858   0.20311    0.1004 -0.00650414 -0.00257574  0.00142465  0.0615043  0.0166659 0.00850822    3.80317 0.00375282    -9.0417 
             172.302 -18.8632 -3.43939  90.2682  4.43754 -8.48561  4.65243 0 0 0   -0.011 -0.02329  0.04412 -0.110317  0.158676 0.0681634 -0.00629498  -0.0025151  0.00139796  0.0615895  0.0161345 0.00847293    3.80286 0.00359275   -9.04183 
             172.402 -20.7737 -3.39226  89.4078  4.41575 -8.47159  4.66474 0 0 0   -0.011 -0.02329  0.04412 -0.156083  0.165214 0.0471525 -0.00641827 -0.00267988  0.00152577  0.0617322  0.0155885 0.00796704    3.80254 0.00338529   -9.04197 
             172.502 -22.4274 -3.33647  88.8664  4.39923 -8.45164  4.66643 0 0 0   -0.011 -0.02329  0.04412 -0.110462   0.12823 0.0951666   -0.006508 -0.00267443  0.00148746  0.0612622  0.0152036 0.00817489    3.80222 0.00362954    -9.0421 
             172.602 -23.6267  -2.9089  88.4372  4.38655 -8.43314   4.6789 0 0 0   -0.011 -0.02329  0.04412 -0.0532013   0.105852   0.166049 -0.00658427 -0.00273169  0.00144539  0.0605725  0.0147998 0.00812904    3.80185 0.00401428   -9.04226 
             172.702 -24.029 -3.5623 88.2131  4.38218 -8.42169  4.69779 0 0 0   -0.011 -0.02329  0.04412 0.0147213  0.140475  0.193716  -0.0065913 -0.00273522  0.00154137   0.060508  0.0145793 0.00807446     3.8017 0.00401722   -9.04232 
             172.802 -23.5202  -4.7497  88.8408  4.38563 -8.39606   4.7123 0 0 0   -0.011 -0.02329  0.04412 0.0728811  0.304185  0.149416 -0.00661605 -0.00267582  0.00140393  0.0601249  0.0144076 0.00822801    3.80154 0.00424255   -9.04239 
             172.902  -22.461 -4.32261  88.7589  4.38794 -8.36903  4.72361 0 0 0   -0.011 -0.02329  0.04412 -0.0584504   0.161677  0.0940037 -0.00668874 -0.00270542   0.0014863  0.0600086  0.0141424 0.00834676    3.80136 0.00427522   -9.04246 
             173.002 -23.6852 -4.05279  88.2694 4.38427 -8.3559 4.73631 0 0 0   -0.011 -0.02329  0.04412 0.0592661 0.0890801  0.188375 -0.00657782 -0.00280301  0.00140279  0.0604315  0.0138545 0.00833117    3.80124 0.00394749   -9.04251 
             173.102 -22.6294 -3.31161   88.281  4.38791 -8.33822  4.75091 0 0 0   -0.011 -0.02329  0.04412 0.0910464 0.0884814 0.0877555 -0.00691631  -0.0026916  0.00139808  0.0599333  0.0131641 0.00817933    3.80074 0.00416032   -9.04272 
             173.202 -21.2573 -3.31567  88.8332    4.395 -8.34109  4.76271 0 0 0   -0.011 -0.02329  0.04412   0.028357 -0.0578311   0.123409 -0.00681027 -0.00265739   0.0014196 0.0599164 0.0126004 0.0083556    3.80039 0.00408155   -9.04287 
             173.302 -20.4724 -3.54933  89.5197  4.38779 -8.34646  4.76257 0 0 0   -0.011 -0.02329  0.04412 -0.0517598  -0.105535  0.0796215 -0.00664331 -0.00256868  0.00133603  0.0593787  0.0120967 0.00897215    3.80002 0.00436023   -9.04302 
             173.402 -22.2147 -5.23668   89.925  4.38604 -8.35841  4.76844 0 0 0   -0.011 -0.02329  0.04412  0.0223675 -0.0279358  0.0288778 -0.00649991 -0.00249409  0.00140231 0.0597609 0.0116417 0.0088227    3.79979 0.00403297   -9.04312 
             173.502 -21.8804 -5.43469  89.8281  4.38218 -8.35532  4.76266 0 0 0   -0.011 -0.02329  0.04412 0.0653216    0.2075 -0.132322 -0.00656048 -0.00257008  0.00144569  0.0598283  0.0109448 0.00904482    3.79938 0.00387672   -9.04329 
             173.602 -23.8396 -5.79052  89.3792  4.38435 -8.33069  4.76077 0 0 0   -0.011 -0.02329  0.04412 0.0922222  0.310783 0.0256805 -0.00652126 -0.00252384  0.00141603  0.0596876  0.0103483 0.00897128    3.79899 0.00386857   -9.04346 
             173.702 -24.0819 -3.98421  88.0451   4.3929 -8.29082  4.76009 0 0 0   -0.011 -0.02329  0.04412  0.169944   0.42387 0.0525734 -0.00662578 -0.00268732  0.00139141  0.0594103 0.00966096 0.00895718    3.79853 0.00393548   -9.04365 
             173.802  -24.1004 -0.868876   86.8841  4.39686 -8.25387  4.76831 0 0 0   -0.011 -0.02329  0.04412 0.0641457  0.334561 0.0874201  -0.0066621 -0.00282967  0.00134621  0.0592626 0.00908684 0.00860099    3.79815 0.00393002   -9.04381 
             173.902 -25.3609 0.467741  84.5812  4.39254 -8.22433  4.79841 0 0 0   -0.011 -0.02329  0.04412 0.0566526  0.306769  0.289554 -0.00657878 -0.00286397  0.00140889  0.0592437 0.00864872 0.00794714    3.79785 0.00385824   -9.04394 
             174.002  -24.1748 -0.179845   84.9985  4.39086 -8.19185  4.83493 0 0 0   -0.011 -0.02329  0.04412 0.106457 0.305949 0.285293 -0.00666349 -0.00276139  0.00138879  0.0588651 0.00821752  0.0074557    3.79751 0.00402708   -9.04408 
             174.102 -21.4208 -3.10554  86.9798  4.38947 -8.16136  4.86777 0 0 0   -0.011 -0.02329  0.04412 0.0337828  0.376344  0.219286 -0.00680193 -0.00263343     0.00131  0.0587065 0.00777615 0.00689423     3.7972 0.00405424   -9.04421 
             174.202 -16.1943 -3.55109  90.3728  4.37194 -8.12009  4.90918 0 0 0   -0.011 -0.02329  0.04412 -0.264297  0.398576  0.411253 -0.00690584 -0.00271818  0.00128494  0.0583149 0.00731342 0.00672308    3.79685 0.00423464   -9.04436 
             174.302 -15.1647 -3.45926   90.612  4.34346 -8.09447  4.94516 0 0 0   -0.011 -0.02329  0.04412 -0.10391 0.185367  0.40238 -0.00688581 -0.00271185  0.00135656  0.0586498 0.00658942 0.00675402    3.79646 0.00390465   -9.04452 
             174.402 -16.0366  -3.1413   91.324  4.33468 -8.08151  4.96832 0 0 0   -0.011 -0.02329  0.04412 -0.0106585   0.183624    0.38414 -0.00675952 -0.00279496  0.00137386  0.0591446 0.00562819 0.00756621    3.79598 0.00343401   -9.04472 
             174.502  -15.524 -2.14946  91.6797  4.33813 -8.07375  4.99108 0 0 0   -0.011 -0.02329  0.04412 0.116125 0.128618 0.324872 -0.00669868 -0.00304403  0.00142104  0.0598761 0.00497029 0.00827975     3.7957 0.00285811   -9.04484 
             174.602 -13.5392 -1.45324  92.4248   4.3426 -8.07109  5.00672 0 0 0   -0.011 -0.02329  0.04412  -0.172586 -0.0193012   0.462877 -0.00680025 -0.00293053  0.00135786  0.0603534 0.00433434 0.00953025    3.79541 0.00244735   -9.04496 
             174.702 -13.0464 -2.95951  91.9459  4.32733 -8.08042   5.0263 0 0 0   -0.011 -0.02329  0.04412 -0.152506 0.0193183  0.284665 -0.00688358 -0.00292344  0.00142892 0.0610025 0.0038044 0.0106964    3.7952 0.0019426  -9.04505 
             174.802 -14.0684 -7.29056  93.3686 4.30986 -8.0739  5.0372 0 0 0   -0.011 -0.02329  0.04412 -0.100322  0.149451  0.203468 -0.00682999 -0.00275566  0.00130363   0.061028 0.00283417  0.0114565    3.79462 0.00175331   -9.04529 
             174.902 -16.1738 -9.06059  93.6335  4.30508 -8.04862  5.04077 0 0 0   -0.011 -0.02329  0.04412 0.0244322  0.220088  0.197474  -0.0066062 -0.00291133  0.00135866  0.0606373 0.00240876  0.0123871    3.79429 0.00192651   -9.04543 
             175.002 -17.2461 -8.98446  93.5025  4.31309 -8.01964  5.03409 0 0 0   -0.011 -0.02329  0.04412 -0.00615644    0.329404    0.155899 -0.00656494 -0.00288627  0.00137944  0.0604796 0.00221912   0.013869    3.79412 0.00200754    -9.0455 
             175.102 -17.6297 -8.12594  93.7264  4.31412 -7.98477  5.02104 0 0 0   -0.011 -0.02329  0.04412 -0.0967538    0.34566  0.0271343 -0.00670747  -0.0028711  0.00131267  0.0606754 0.00174539  0.0152577    3.79383 0.00182707   -9.04562 
             175.202 -19.2394 -6.69288   93.051 4.30286 -7.9516 5.01123 0 0 0   -0.011 -0.02329  0.04412  -0.161773   0.272785 -0.0239213 -0.00668628 -0.00293126   0.0013348   0.060575 0.00157763  0.0158917   3.7937 0.001878 -9.04568 
             175.302 -21.7327 -6.41912  92.7769  4.28158 -7.92562  4.99872 0 0 0   -0.011 -0.02329  0.04412  -0.226737   0.189965 -0.0803005 -0.00667738 -0.00276619  0.00137688 0.0603858 0.0011785 0.0162389    3.79342 0.00193654    -9.0458 
             175.402 -23.897 -6.0763  92.008  4.26443 -7.91046  4.99237 0 0 0   -0.011 -0.02329  0.04412  -0.07191  0.247984 0.0811583  -0.0066925 -0.00283334  0.00139042  0.0608587 0.00117413  0.0163452    3.79349 0.00164671   -9.04577 
             175.502 -23.1892 -4.64762  92.5433  4.25881 -7.88298  4.99756 0 0 0   -0.011 -0.02329  0.04412 -0.128505  0.305643 0.0663281 -0.00682707 -0.00265055  0.00130504  0.0604651 0.00164413  0.0168606    3.79369 0.00199784   -9.04568 
             175.602 -21.8281 -4.44933  92.7694  4.24598 -7.85037  5.01755 0 0 0   -0.011 -0.02329  0.04412 -0.0987575    0.34148   0.049263 -0.00672143 -0.00265773  0.00132577  0.0605531 0.00247729  0.0160648     3.7942 0.00204681   -9.04547 
             175.702 -21.6859 -2.59484  91.0853  4.24955 -7.82176  5.03835 0 0 0   -0.011 -0.02329  0.04412 0.0409229  0.284098  0.160711 -0.00679766 -0.00282283  0.00149604  0.0605238 0.00319581  0.0156601  3.79461 0.002168  -9.0453 
             175.802 -18.9232 -2.55728  91.4658  4.26221 -7.79316  5.05155 0 0 0   -0.011 -0.02329  0.04412 0.122207 0.296695 0.193241 -0.00703507 -0.00263445  0.00133046  0.0606561 0.00367262   0.016025    3.79491 0.00218531   -9.04517 
             175.902  -17.2364 -0.508258   91.0747  4.27758 -7.77367  5.07621 0 0 0   -0.011 -0.02329  0.04412  0.02209 0.270968 0.249028 -0.00680064 -0.00278057  0.00128734    0.06148 0.00401238  0.0158605    3.79524 0.00172731   -9.04503 
             176.002  -14.7962 -0.361946   90.2213  4.27257 -7.75486  5.10808 0 0 0   -0.011 -0.02329  0.04412 -0.00913472      0.2765    0.184075 -0.00691913 -0.00268013  0.00140313  0.0618479 0.00396861  0.0154776    3.79527 0.00147908   -9.04502 
             176.102 -15.4734 -1.03878  90.1004  4.27462 -7.72017  5.12524 0 0 0   -0.011 -0.02329  0.04412 0.124349 0.402428 0.138281 -0.00654056 -0.00275394  0.00143836  0.0617959 0.00383379  0.0154387    3.79518 0.00148669   -9.04506 
             176.202   -14.869 -0.402789    90.245   4.2753 -7.69051  5.13611 0 0 0   -0.011 -0.02329  0.04412 -0.0738618   0.253655   0.114082  -0.0066331 -0.00279174  0.00134463  0.0621306 0.00333761   0.015631    3.79495 0.00119748   -9.04516 
             176.302 -16.7261  -1.0871  89.6822  4.25518 -7.67742  5.14888 0 0 0   -0.011 -0.02329  0.04412 -0.12468 0.241339 0.091778 -0.00653292 -0.00274796  0.00136698  0.0627423 0.00259162  0.0155307     3.79461 0.000692156     -9.0453 
             176.402 -19.2364 -2.70139  90.4551  4.23773 -7.65611  5.14383 0 0 0   -0.011 -0.02329  0.04412 -0.133771  0.213902 0.0194572 -0.00655166 -0.00264711  0.00130553  0.0629707 0.00188377  0.0159519     3.79424 0.000431851    -9.04545 
             176.502 -21.5531 -3.73671  90.3183  4.21853 -7.63862  5.14905 0 0 0   -0.011 -0.02329  0.04412 -0.0910855   0.177888   0.220014 -0.00657125 -0.00271544  0.00137202   0.0634689 0.000865888   0.0159357      3.79373 -4.36847e-05     -9.04567 
             176.602 -21.7268 -2.54622  91.4432   4.2173 -7.61512  5.15326 0 0 0   -0.011 -0.02329  0.04412 -0.00739183    0.305101    0.113465 -0.00662112 -0.00289283  0.00126978   0.0635319 0.000536694   0.0167483      3.79354 -0.000138954     -9.04575 
             176.702 -21.1505 -3.25836  91.5354  4.21052 -7.57993  5.15632 0 0 0   -0.011 -0.02329  0.04412 -0.0221702   0.332314  0.0716616 -0.00657098 -0.00263324  0.00127698   0.0634382 0.000154202   0.0169292      3.79331 -0.000145207     -9.04584 
             176.802 -20.9499 -1.35191  90.2441   4.2144 -7.55567  5.16334 0 0 0   -0.011 -0.02329  0.04412 0.0980769   0.29341  0.131669 -0.00661002 -0.00271516  0.00139171    0.0637303 -0.000104899     0.017097      3.79321 -0.000363808     -9.04589 
             176.902 -18.8093  -1.2083  90.4166  4.22382 -7.52745    5.168 0 0 0   -0.011 -0.02329  0.04412 0.0721639  0.204627  0.162296 -0.00661225 -0.00260123  0.00149935    0.0638434 -0.000145219    0.0175515       3.7932 -0.000438262     -9.04589 
             177.002 -16.9601  1.61727  90.2266 4.23488 -7.5139 5.18272 0 0 0   -0.011 -0.02329  0.04412 0.00770886   0.143037   0.172775 -0.00653378 -0.00272679  0.00136671    0.0641836 -0.000171772    0.0177022      3.79324 -0.000646984     -9.04587 
             177.102 -14.2082  1.41065   90.383  4.22509 -7.49848  5.19728 0 0 0   -0.011 -0.02329  0.04412 0.0557104   0.31874 -0.181094 -0.00670413 -0.00259463  0.00136717    0.0642624 -0.000587831    0.0170726      3.79301 -0.000760567     -9.04597 
             177.202 -17.5544  1.98713  88.5801  4.22858 -7.47071   5.1918 0 0 0   -0.011 -0.02329  0.04412 0.0572403  0.370482 -0.074267 -0.00650029 -0.00261812  0.00143364    0.0644698 -0.000972648    0.0172063      3.79283 -0.000949465     -9.04605 
             177.302 -19.922 3.19987 86.8688  4.23176 -7.44478  5.18024 0 0 0   -0.011 -0.02329  0.04412 -0.0220468   0.264023 -0.0831596 -0.00639169  -0.0026018  0.00138624  0.0646454 -0.0012173  0.0173723     3.79272 -0.00109727    -9.04609 
             177.402 -22.3581  3.15988  84.4243  4.22019 -7.42565  5.18947 0 0 0   -0.011 -0.02329  0.04412 -0.0639969   0.121049  0.0314588 -0.00650142 -0.00258701  0.00150847   0.0646817 -0.00159522   0.0165873     3.79251 -0.00116555    -9.04618 
             177.502 -24.8143  1.19358  82.8132  4.20198 -7.41736  5.20703 0 0 0   -0.011 -0.02329  0.04412 -0.15659 0.114815 0.168719 -0.00648369 -0.00258517  0.00156143   0.0648801 -0.00192147       0.016     3.79235 -0.00132001    -9.04624 
             177.602 -26.1004 -2.84261    84.81  4.17995 -7.41563  5.23856 0 0 0   -0.011 -0.02329  0.04412 -0.0368058   0.142102   0.141954 -0.00641286 -0.00252602  0.00137429   0.0655558 -0.00225289   0.0150174    3.79225 -0.0017407   -9.04629 
             177.702 -24.3863 -5.42163  89.5641  4.18035 -7.40057  5.25431 0 0 0   -0.011 -0.02329  0.04412 0.0602948  0.269828 0.0189157 -0.00641738 -0.00241936  0.00122564   0.0658626 -0.00231624    0.014652     3.79225 -0.00192037    -9.04629 
             177.802 -20.6975  -4.6715  93.0649  4.18819 -7.36276  5.25838 0 0 0   -0.011 -0.02329  0.04412   0.141585   0.415893 -0.0196924 -0.00645407 -0.00256451  0.00133792 0.0655526 -0.002261 0.0141923    3.79223 -0.0017157    -9.0463 
             177.902 -20.2077  -3.3202  92.8663  4.18325 -7.33027  5.26933 0 0 0   -0.011 -0.02329  0.04412 -0.068463  0.375154  0.163448 -0.00645121 -0.00263305  0.00145446   0.0655311 -0.00283567   0.0139225      3.7919 -0.00177378    -9.04644 
             178.002 -16.9351 -2.08775  95.8923  4.15791 -7.29527  5.29605 0 0 0   -0.011 -0.02329  0.04412 -0.259209  0.421309  0.159934  -0.0065786 -0.00251101  0.00124792  0.0657217 -0.0034293  0.0135418     3.79158 -0.00196229    -9.04657 
             178.102 -17.7027 -1.98861  95.4917  4.13577 -7.26675  5.30952 0 0 0   -0.011 -0.02329  0.04412 -0.0583473   0.279664   0.181092 -0.00615203 -0.00259353  0.00140525   0.0659514 -0.00405797   0.0134806     3.79126 -0.00219078     -9.0467 
             178.202 -17.2077 -1.31441  95.7925  4.12669 -7.23849  5.32454 0 0 0   -0.011 -0.02329  0.04412 -0.032988  0.297484  0.163627 -0.00644445 -0.00255602    0.001463   0.0659975 -0.00458906   0.0133725     3.79097 -0.00230109    -9.04683 
             178.302 -15.6327  1.26287  95.6249  4.13056 -7.21247  5.33356 0 0 0   -0.011 -0.02329  0.04412 0.035866 0.183717 0.158959  -0.0065633 -0.00263131  0.00138642   0.0660026 -0.00485392   0.0139618     3.79083 -0.00234782    -9.04688 
             178.402 -13.5043  2.74151  95.2933  4.12596 -7.20713  5.35151 0 0 0   -0.011 -0.02329  0.04412 -0.127616 0.0782339  0.247989 -0.00660929 -0.00257022  0.00148973   0.0663503 -0.00509629   0.0140704     3.79076 -0.00259224    -9.04691 
             178.502 -13.0701  2.28591  94.2903 4.10885 -7.2035 5.36898 0 0 0   -0.011 -0.02329  0.04412 -0.182582 0.0963498  0.252168 -0.00656082 -0.00249752  0.00147793  0.0665472 -0.0052761  0.0145518     3.79069 -0.00273995    -9.04694 
             178.602 -15.3067 -1.37432  95.2211  4.09685 -7.19018  5.37492 0 0 0   -0.011 -0.02329  0.04412 -0.0736554   0.213536    0.10882  -0.0063414 -0.00234564  0.00136408   0.0667296 -0.00536027   0.0153225     3.79067 -0.00286466    -9.04695 
             178.702 -16.9249 -3.00891   95.643    4.092 -7.16869  5.38073 0 0 0   -0.011 -0.02329  0.04412 -0.0484308   0.254982   0.139778  -0.0064167 -0.00243122  0.00137453   0.0667082 -0.00563497   0.0158508    3.79051 -0.0029119   -9.04702 
             178.802 -17.3984 -2.69739  95.7239  4.07646 -7.14702    5.389 0 0 0   -0.011 -0.02329  0.04412 -0.228494   0.14738   0.13104 -0.00665828 -0.00241881  0.00133744   0.0666531 -0.00600796   0.0160639      3.7903 -0.00295696     -9.0471 
             178.902 -19.6693 -2.85354  95.8751  4.05412 -7.13277  5.39283 0 0 0   -0.011 -0.02329  0.04412 -0.207916  0.161901 0.0480393 -0.00667188 -0.00232364  0.00131599  0.0666394 -0.0061582  0.0165351      3.7902 -0.00297991    -9.04714 
             179.002 -23.0425 -4.44724  96.4042  4.03584 -7.11232  5.39251 0 0 0   -0.011 -0.02329  0.04412 -0.114639  0.251625  0.099012 -0.00645668 -0.00241129  0.00135835   0.0665265 -0.00606279   0.0166075     3.79023 -0.00289751    -9.04713 
             179.102 -23.6709 -4.14076  97.1741  4.02682 -7.08576  5.41389 0 0 0   -0.011 -0.02329  0.04412 -0.0650509   0.311904    0.17119 -0.00655721 -0.00266333  0.00134154   0.0665913 -0.00605377   0.0163162     3.79026 -0.00293495    -9.04712 
             179.202 -22.0023 -2.55719  97.8215  4.01443 -7.04736  5.42652 0 0 0   -0.011 -0.02329  0.04412 -0.182079  0.376495 0.0948565 -0.00656172 -0.00259153  0.00131845   0.066473 -0.0059563  0.0162878     3.79029 -0.00285091    -9.04711 
             179.302   -21.713 0.0342581   96.6607  4.00693 -7.01952  5.43116 0 0 0   -0.011 -0.02329  0.04412 -0.0236975   0.292692  0.0931374 -0.00658498 -0.00270843  0.00130872   0.0667397 -0.00610788   0.0166074     3.79025 -0.00302051    -9.04712 
             179.402 -20.4054 0.863775  96.9108  4.00762 -6.98721  5.43782 0 0 0   -0.011 -0.02329  0.04412 -0.0176682   0.308742   0.121012 -0.00653679 -0.00259837  0.00138544   0.0666897 -0.00592479   0.0168545     3.79034 -0.00295198    -9.04709 
             179.502 -19.1556  3.15473   96.251  4.01101 -6.96409  5.45643 0 0 0   -0.011 -0.02329  0.04412 -0.00739099    0.140989    0.208399 -0.00651789 -0.00266961  0.00137537    0.066602 -0.00599521   0.0168717     3.79029 -0.00291643    -9.04711 
             179.602 -15.8231   3.8436   95.939  4.00403 -6.95311  5.46718 0 0 0   -0.011 -0.02329  0.04412  -0.21067 0.0966359 0.0385181 -0.00662861  -0.0025845  0.00132182   0.0665797 -0.00604775   0.0171429     3.79026 -0.00290932    -9.04712 
             179.702 -16.7046  3.19537  95.9755  3.98736 -6.93886  5.45907 0 0 0   -0.011 -0.02329  0.04412  -0.127042   0.200239 -0.0511942 -0.00647554 -0.00245775  0.00132918    0.066557 -0.00611226   0.0171953     3.79022 -0.00290918    -9.04714 
             179.802 -19.0186  4.78922  94.4524  3.97773 -6.91477  5.45048 0 0 0   -0.011 -0.02329  0.04412 -0.153402  0.139286  0.020499 -0.00647991  -0.0024839  0.00138328  0.0663164 -0.0060572  0.0174434     3.79021 -0.00276583    -9.04714 
             179.902 -22.903 5.97694 92.1627  3.96937 -6.89764  5.45516 0 0 0   -0.011 -0.02329  0.04412 -0.0979785    0.14117  0.0514847 -0.00619732 -0.00247985  0.00149805    0.066009 -0.00537641   0.0176495     3.79051 -0.00246081    -9.04702 
             180.002 -24.2157  3.77999  92.6149  3.96538 -6.87121  5.46297 0 0 0   -0.011 -0.02329  0.04412  -0.0571911    0.186075 -0.00939071 -0.00640484 -0.00253805  0.00147001   0.0655292 -0.00476923   0.0171429     3.79073 -0.00206825    -9.04692 
             180.102 -24.5343  3.43642  93.1921  3.96999 -6.84399  5.47654 0 0 0   -0.011 -0.02329  0.04412 0.0464328  0.163281  0.177362 -0.00633219 -0.00248375  0.00143003  0.0649268 -0.0039135  0.0170086    3.79106 -0.0015691   -9.04679 
             180.202 -22.9593  1.58728  94.7851  3.97844 -6.81579  5.49111 0 0 0   -0.011 -0.02329  0.04412 0.0489036  0.259684  0.118637 -0.00651621 -0.00236024  0.00134042   0.0641229 -0.00378987   0.0170379     3.79098 -0.00111041    -9.04682 
             180.302 -17.9825 0.859123  97.7786  3.97335 -6.77892  5.51694 0 0 0   -0.011 -0.02329  0.04412 -0.166676  0.352702 0.0808345 -0.00670453 -0.00247589  0.00122581   0.0637594 -0.00350397   0.0163025      3.79105 -0.000835734     -9.04679 
             180.402 -15.8312  1.02272  98.6588 3.95702  -6.744 5.52596 0 0 0   -0.011 -0.02329  0.04412 -0.0609701   0.199497  0.0785291 -0.00636098 -0.00251472  0.00122925   0.0634556 -0.00346339   0.0160383      3.79101 -0.000655385     -9.04681 
             180.502 -16.9976  1.86153  98.6876  3.94427 -6.71228  5.54006 0 0 0   -0.011 -0.02329  0.04412 -0.0241683   0.303646  0.0633147 -0.00628216 -0.00253448  0.00129216  0.0629159 -0.0039515  0.0152876      3.79064 -0.000433384     -9.04696 
             180.602 -16.1674   3.0353   98.944  3.93932 -6.68579  5.56212 0 0 0   -0.011 -0.02329  0.04412 0.0469063  0.125135  0.249533 -0.00632138 -0.00259347  0.00138071   0.0627083 -0.00412943   0.0145263       3.7905 -0.000335281     -9.04702 
             180.702 -13.4812  4.94039  100.498  3.92668 -6.67886  5.58486 0 0 0   -0.011 -0.02329  0.04412 -0.175931 0.0269363 0.0931956 -0.00646831 -0.00261811  0.00126264   0.0624653 -0.00471552   0.0140305      3.79015 -0.000307914     -9.04717 
             180.802 -15.355 4.32577  99.189  3.91071 -6.66721  5.59308 0 0 0   -0.011 -0.02329  0.04412 -0.129675  0.198143 0.0502002 -0.00600596 -0.00261953  0.00150751   0.0622638 -0.00496168   0.0137901     3.78999 -0.00024596    -9.04724 
             180.902 -18.7986  2.54908  98.2223  3.89877 -6.64909  5.59689 0 0 0   -0.011 -0.02329  0.04412 -0.0567485   0.350413  0.0139984 -0.00601328 -0.00240585  0.00154111   0.0627196 -0.00534691   0.0139983      3.78988 -0.000572002     -9.04728 
             181.002 -21.6872  2.51161  97.8751  3.88981 -6.60758  5.59261 0 0 0   -0.011 -0.02329  0.04412 -0.0928865   0.381304   0.003084 -0.00610144 -0.00255046  0.00152657  0.0624367 -0.0057085  0.0141438      3.78964 -0.000505229     -9.04738 
             181.102 -22.8082  4.59676  96.7415  3.87539 -6.57328   5.5925 0 0 0   -0.011 -0.02329  0.04412 -0.139107  0.386757 -0.017132 -0.00618789 -0.00260553  0.00151431   0.0626634 -0.00599091   0.0141233      3.78955 -0.000682887     -9.04742 
             181.202 -24.3118  5.34066  95.9333 3.85778 -6.5412 5.59192 0 0 0   -0.011 -0.02329  0.04412 -0.168226  0.300281 0.0198084 -0.00617874 -0.00261901  0.00154002  0.0628342 -0.0061699  0.0140299      3.78949 -0.000807188     -9.04744 
             181.302 -26.145 5.20418 96.0003  3.84237 -6.52076  5.60645 0 0 0   -0.011 -0.02329  0.04412 -0.058412  0.223019   0.25029 -0.00620078 -0.00255451  0.00154096   0.0632472 -0.00660247   0.0139318     3.78936 -0.00110947     -9.0475 
             181.402 -24.5268   5.0837  97.8297   3.8412 -6.49801  5.62425 0 0 0   -0.011 -0.02329  0.04412 -0.0727506   0.368574  0.0869857 -0.00630656 -0.00253553   0.0014689   0.0635416 -0.00638731   0.0140999     3.78953 -0.00122206    -9.04743 
             181.502 -21.0482  4.47726  99.2807  3.82674 -6.46701  5.63503 0 0 0   -0.011 -0.02329  0.04412 -0.165676  0.307655   0.10286  -0.0063695 -0.00255769  0.00146238    0.064029 -0.00625156   0.0141059     3.78969 -0.00144649    -9.04736 
             181.602 -21.0745  4.66231  97.9544  3.81571 -6.44263  5.64808 0 0 0   -0.011 -0.02329  0.04412 -0.00389302    0.268054    0.106348  -0.0063267 -0.00243941  0.00151089   0.0640286 -0.00653904   0.0139944     3.78954 -0.00150207    -9.04742 
             181.702 -18.6245   3.9429  98.5333  3.81889 -6.41679  5.65377 0 0 0   -0.011 -0.02329  0.04412   0.0251991    0.285237 -0.00333069 -0.00638673 -0.00246478  0.00146959  0.0643871 -0.0065199  0.0140747     3.78962 -0.00168448    -9.04739 
             181.802 -17.0017  6.80698  97.4113   3.8281 -6.39518  5.66353 0 0 0   -0.011 -0.02329  0.04412  0.125515  0.230202 0.0317881 -0.00632788 -0.00264646  0.00146621    0.064445 -0.00627587   0.0141224     3.78975 -0.00166528    -9.04733 
             181.902 -14.412 6.54687 97.9788   3.8264 -6.37066  5.66413 0 0 0   -0.011 -0.02329  0.04412 -0.0732233   0.283092  -0.146094 -0.00635747 -0.00255836  0.00144357   0.0644271 -0.00621659   0.0139021    3.78977 -0.0016371   -9.04733 
             182.002 -18.5081  6.10803  94.3983   3.8263 -6.34357  5.65471 0 0 0   -0.011 -0.02329  0.04412 0.00439001   0.362512 -0.0648248 -0.00605429 -0.00256286   0.0017164   0.0646111 -0.00631698   0.0139414     3.78976 -0.00175261    -9.04733 
             182.102 -22.1367  4.30936  92.8169  3.83576 -6.30599   5.6447 0 0 0   -0.011 -0.02329  0.04412   0.11398  0.424871 -0.120394 -0.00600637  -0.0023208  0.00165731   0.0649691 -0.00657813   0.0139582      3.7897 -0.00198794    -9.04736 
             182.202 -24.2547  6.14961   89.983  3.83618 -6.28111  5.64951 0 0 0   -0.011 -0.02329  0.04412 -0.0225544   0.273881  0.0212307 -0.00598596  -0.0025676  0.00167843   0.0658877 -0.00677458   0.0132344     3.78977 -0.00246061    -9.04733 
             182.302 -27.3036  5.77375   88.544  3.82321 -6.26481  5.67093 0 0 0   -0.011 -0.02329  0.04412 -0.0788614   0.184521   0.147929 -0.00584161 -0.00257728  0.00173646   0.0664306 -0.00695221   0.0124657     3.78976 -0.00273415    -9.04733 
             182.402 -28.5156   2.3569  89.1669  3.80804 -6.25489  5.67862 0 0 0   -0.011 -0.02329  0.04412 -0.0929971   0.198702  0.0238427 -0.00583612 -0.00226963  0.00165223    0.066927 -0.00754888    0.012353     3.78955 -0.00308761    -9.04742 
             182.502   -26.995 -0.004491   90.1803  3.79584 -6.23528  5.69567 0 0 0   -0.011 -0.02329  0.04412 0.00793772   0.202338   0.122618 -0.00608857   -0.002296  0.00168918   0.0669999 -0.00792995   0.0117769     3.78935 -0.00316022     -9.0475 
             182.602 -23.7425 0.173367   91.947  3.79854 -6.22265  5.71294 0 0 0   -0.011 -0.02329  0.04412 0.0769321  0.221542 0.0322843 -0.00630234 -0.00243948  0.00157552   0.0676031 -0.00794407   0.0112303      3.7894 -0.00344888    -9.04748 
             182.702 -22.0429 0.300414  92.3519  3.80103 -6.19987  5.72235 0 0 0   -0.011 -0.02329  0.04412 -0.020919  0.250495 0.0604552 -0.00624876 -0.00245665  0.00160131   0.0678643 -0.00791696    0.010768     3.78942 -0.00356119    -9.04747 
             182.802 -22.2256  1.23044  90.8241   3.7961 -6.18143  5.74057 0 0 0   -0.011 -0.02329  0.04412 -0.0566975   0.245052   0.208629 -0.00622799 -0.00258873  0.00169303   0.0682326 -0.00781504   0.0104074     3.78949 -0.00372496    -9.04744 
             182.902  -20.5872 -0.274974   92.5324  3.78533 -6.15558  5.76771 0 0 0   -0.011 -0.02329  0.04412 -0.234503  0.307756   0.17869 -0.00609154 -0.00240018   0.0015251   0.0685334 -0.00759663   0.0101238     3.78962 -0.00384286    -9.04739 
             183.002  -16.6897 -0.687932    92.729  3.76275 -6.12776  5.79042 0 0 0   -0.011 -0.02329  0.04412 -0.0886989   0.145828   0.156497 -0.00653103 -0.00254121  0.00160545   0.0682838 -0.00767635  0.00957564     3.78952 -0.00370996    -9.04743 
             183.102 -17.9626  -1.5179   91.925  3.76166 -6.11115   5.8054 0 0 0   -0.011 -0.02329  0.04412 0.00900221   0.168036    0.13953 -0.00625859  -0.0024774   0.0016531   0.0682291 -0.00758712  0.00972126     3.78957 -0.00367365    -9.04741 
             183.202 -15.6946 -1.05696  91.8774   3.7703 -6.09809  5.82399 0 0 0   -0.011 -0.02329  0.04412 -0.0189828   0.184352   0.196163 -0.00649016 -0.00245247   0.0015163    0.068316 -0.00745214  0.00968854     3.78964 -0.00369974    -9.04738 
             183.302 -13.9127 -1.76508  91.0253   3.7629 -6.08906  5.85335 0 0 0   -0.011 -0.02329  0.04412 -0.218248 0.0758653  0.220246 -0.00649153 -0.00252754  0.00163461   0.0685048 -0.00703532  0.00962559     3.78987 -0.00374014    -9.04729 
             183.402 -14.0257 -3.89071   89.537  3.74829 -6.08169  5.86812 0 0 0   -0.011 -0.02329  0.04412 -0.14976 0.131685 0.155028 -0.00647444 -0.00257632  0.00166084    0.068725 -0.00675477  0.00976331     3.79003 -0.00381655    -9.04722 
             183.502 -15.5934 -6.47021  89.5059  3.73875 -6.06371  5.88417 0 0 0   -0.011 -0.02329  0.04412 -0.070238  0.247912  0.156043 -0.00638805 -0.00248832  0.00159758   0.0688141 -0.00653962  0.00974403    3.79015 -0.0038341   -9.04717 
             183.602 -16.8603 -7.53979  89.0149  3.74506 -6.03461  5.89584 0 0 0   -0.011 -0.02329  0.04412 0.0532404  0.326694  0.177474 -0.00648178 -0.00253132  0.00165762   0.0688192 -0.00615131   0.0100875     3.79033 -0.00378902    -9.04709 
             183.702 -17.4237 -6.42235  88.3017  3.75113 -6.00099  5.90649 0 0 0   -0.011 -0.02329  0.04412 -0.0628371   0.304645   0.130987 -0.00648005   -0.002678  0.00161105   0.0688814 -0.00599718   0.0104393     3.79041 -0.00379936    -9.04706 
             183.802 -18.8034 -4.82869  86.4979  3.74415 -5.97329  5.91863 0 0 0   -0.011 -0.02329  0.04412 -0.0739584   0.238494   0.186817 -0.00651543 -0.00261032  0.00164815 0.0687115  -0.00583 0.0108503     3.79046 -0.00368797    -9.04704 
             183.902 -21.5763 -6.45841  86.0466  3.73961 -5.93812  5.92429 0 0 0   -0.011 -0.02329  0.04412 -0.0487478   0.324201  0.0877122  -0.0064085 -0.00245887    0.001778   0.0682323 -0.00596689   0.0114265     3.79034 -0.00344433    -9.04709 
             184.002 -22.0892 -6.73814   85.413  3.73735 -5.89906  5.92431 0 0 0   -0.011 -0.02329  0.04412 -0.0512504    0.36893  0.0937424 -0.00647538 -0.00242935  0.00174781    0.067958 -0.00596032   0.0119549     3.79031 -0.00329001     -9.0471 
             184.102 -22.8033 -5.82795  83.8966  3.74059 -5.87084    5.932 0 0 0   -0.011 -0.02329  0.04412 0.0393674  0.377397  0.120312  -0.0064522 -0.00250464  0.00177018  0.0686131 -0.0056801  0.0122174     3.79049 -0.00358987    -9.04702 
             184.203 -22.8089  -4.9295  82.9305  3.75222 -5.83237  5.94137 0 0 0   -0.011 -0.02329  0.04412 0.0170676  0.386042   0.19351 -0.00644095 -0.00256996  0.00174255   0.0687614 -0.00552245   0.0124471     3.79057 -0.00364588    -9.04699 
             184.302 -22.3394 -4.20111  82.9355  3.75091 -5.79979  5.96034 0 0 0   -0.011 -0.02329  0.04412 -0.0175719   0.370613   0.117383 -0.00648486 -0.00242963  0.00168938   0.0689642 -0.00552262   0.0126287     3.79058 -0.00374201    -9.04698 
             184.402 -22.5169 -5.29439  82.5163  3.76007 -5.77229  5.97494 0 0 0   -0.011 -0.02329  0.04412 0.236444 0.339032 0.176653 -0.00642885 -0.00228116  0.00174283   0.0691928 -0.00564233    0.012717     3.79054 -0.00386003      -9.047 
             184.502  -21.234 -6.17093  82.4806 3.78262 -5.7412 5.98349 0 0 0   -0.011 -0.02329  0.04412 0.227234 0.320581 0.133876 -0.00650526 -0.00230048  0.00179759  0.0694581 -0.0058503  0.0130648     3.79046 -0.00399416    -9.04704 
             184.602 -20.1126 -5.54078  81.9652  3.79408 -5.72633  5.99144 0 0 0   -0.011 -0.02329  0.04412  0.135092  0.293637 0.0857612 -0.00649421  -0.0024007  0.00174152   0.0705259 -0.00646843   0.0129815      3.7902 -0.00455089    -9.04715 
             184.702 -20.5333 -4.69337  79.0225  3.79699 -5.70245  5.98919 0 0 0   -0.011 -0.02329  0.04412 0.0373176  0.386455 -0.064746 -0.00617971 -0.00238642  0.00184782   0.0711404 -0.00694881   0.0130148     3.78999 -0.00487119    -9.04724 
             184.802 -22.6512 -3.53782  76.0255  3.78487 -5.66556  5.98853 0 0 0   -0.011 -0.02329  0.04412 -0.00551783    0.412473   0.0768119 -0.00607763 -0.00252531  0.00187733   0.0716333 -0.00767154   0.0123836     3.78963 -0.00514245    -9.04738 
             184.902 -26.0251 -2.57848  74.3279  3.78122 -5.63304  5.99975 0 0 0   -0.011 -0.02329  0.04412 0.163833 0.465904 0.113068 -0.00585623 -0.00250199  0.00174203    0.072411 -0.00823331   0.0120537     3.78937 -0.00553798    -9.04749 
             185.002 -29.0179 -2.45591   71.956  3.79883 -5.59297  6.00574 0 0 0   -0.011 -0.02329  0.04412 0.271738 0.420538 0.121163 -0.00609551 -0.00235622   0.0017899   0.0728662 -0.00888659   0.0122217     3.78907 -0.00576972    -9.04762 
             185.102 -28.9945 0.946964  69.5507  3.81166 -5.56252  6.02577 0 0 0   -0.011 -0.02329  0.04412 0.0398081  0.311504  0.139001 -0.00616316 -0.00262941  0.00166836   0.0732988 -0.00898739   0.0117257     3.78899 -0.00597202    -9.04765 
             185.202 -28.3716  1.95465  68.7803  3.82188 -5.54318  6.03707 0 0 0   -0.011 -0.02329  0.04412 0.173998 0.294123 0.176285 -0.00633932 -0.00224966  0.00164178   0.0737525 -0.00915976    0.012314     3.78894 -0.00620797    -9.04767 
             185.302 -27.4584  2.38915  69.4068  3.84442 -5.51139  6.04758 0 0 0   -0.011 -0.02329  0.04412   0.347749   0.380114 0.00630903 -0.00633947 -0.00223147  0.00160574    0.073817 -0.00934659   0.0123741     3.78885 -0.00623756    -9.04771 
             185.402 -24.4356  6.56388  68.4973  3.8568 -5.4843 6.06838 0 0 0   -0.011 -0.02329  0.04412 0.0894825  0.297568   0.15957 -0.00629631 -0.00257993  0.00150625   0.0742156 -0.00910525   0.0118934     3.78891 -0.00639718    -9.04769 
             185.502 -22.1959  7.44605  68.6902 3.86314 -5.4509 6.08056 0 0 0   -0.011 -0.02329  0.04412   0.0276896    0.355697 -0.00272911 -0.00622301 -0.00259402  0.00154598   0.0741729 -0.00892884   0.0115255     3.78896 -0.00634795    -9.04766 
             185.602 -19.7471  8.87972  68.4089  3.86358 -5.40776  6.08703 0 0 0   -0.011 -0.02329  0.04412 0.0735047  0.353272 0.0161374 -0.00636843 -0.00262358  0.00154605   0.0737594 -0.00905253   0.0110606      3.7889 -0.00610082    -9.04769 
             185.702 -19.3877  10.2497  67.0642  3.87242 -5.36505  6.09516 0 0 0   -0.011 -0.02329  0.04412  0.142939  0.406249 0.0277395 -0.00638047 -0.00274176  0.00166943   0.0735794 -0.00907184    0.010665    3.78888 -0.0059667    -9.0477 
             185.802 -18.7428  11.3753  65.5328  3.88731 -5.32323  6.10605 0 0 0   -0.011 -0.02329  0.04412 0.0663798  0.372615  0.161269 -0.00646181  -0.0025996  0.00161583   0.0733844 -0.00887714   0.0105768     3.78898 -0.00587348    -9.04766 
             185.902 -18.4332  10.7919  63.3843  3.89433 -5.28283  6.11963 0 0 0   -0.011 -0.02329  0.04412 0.0866398  0.407544  0.117914 -0.00655259 -0.00255309  0.00174743   0.0732121 -0.00878672   0.0107893     3.78903 -0.00583453    -9.04763 
             186.002 -21.2818  8.99654  60.5961  3.91389 -5.24727  6.12764 0 0 0   -0.011 -0.02329  0.04412  0.24346 0.361856 0.069404 -0.00636588 -0.00257302  0.00172171   0.0734656 -0.00857309   0.0108241     3.78912 -0.00596056     -9.0476 
             186.102 -21.8164  9.01987  58.2493  3.94317 -5.21543  6.13017 0 0 0   -0.011 -0.02329  0.04412   0.282367   0.371473 0.00562015 -0.00639668 -0.00249975  0.00170887   0.0734559 -0.00825637   0.0111988     3.78926 -0.00604071    -9.04754 
             186.202 -21.5979  9.37131  55.8518 3.97612 -5.1793 6.13303 0 0 0   -0.011 -0.02329  0.04412   0.332925   0.410674 -0.0174484 -0.00644143  -0.0025777  0.00171964    0.073575 -0.00795868   0.0111966     3.78938 -0.00611275    -9.04749 
             186.302 -20.5251  10.0395   54.022 3.99498 -5.1467 6.14876 0 0 0   -0.011 -0.02329  0.04412 0.217221 0.324427 0.217869 -0.00652989 -0.00249036  0.00167941   0.0736681 -0.00779915   0.0114205     3.78944 -0.00620813    -9.04746 
             186.402 -20.7673  7.71977  53.3671  4.02092 -5.12041  6.16177 0 0 0   -0.011 -0.02329  0.04412 0.254185 0.254496 0.174896  -0.0064962 -0.00237177  0.00166876   0.0736385 -0.00777359   0.0117199     3.78945 -0.00625579    -9.04746 
             186.502 -18.8215  7.03529  52.1316  4.05188 -5.09432  6.17536 0 0 0   -0.011 -0.02329  0.04412  0.367348   0.22356 0.0983774 -0.00661436 -0.00239788  0.00176187   0.0733542 -0.00794776   0.0119414      3.7894 -0.00616341    -9.04748 
             186.602 -16.554 6.80937 51.5582   4.0891 -5.07455  6.18094 0 0 0   -0.011 -0.02329  0.04412  0.360771  0.317278 0.0543473 -0.00659745 -0.00240587  0.00169713   0.0736281 -0.00803249    0.012341     3.78931 -0.00633808    -9.04752 
             186.702 -15.5385  6.78954  50.0505  4.11445 -5.04884  6.18951 0 0 0   -0.011 -0.02329  0.04412 0.245023 0.246414 0.170093 -0.00656048 -0.00250017  0.00172861  0.0740532 -0.0084477  0.0123178     3.78908 -0.00643106    -9.04761 
             186.802 -16.1248  6.31703  47.9207  4.12996 -5.02445  6.19834 0 0 0   -0.011 -0.02329  0.04412   0.28146  0.245382 0.0366029 -0.00658594 -0.00236023  0.00171558  0.0744722 -0.0089694  0.0123261     3.78881 -0.00649824    -9.04773 
             186.903 -17.5734  5.60292  46.9581   4.1449 -5.00015  6.20232 0 0 0   -0.011 -0.02329  0.04412  0.254582  0.222304 0.0072828 -0.00642975 -0.00234976  0.00165282    0.074648 -0.00973237   0.0122964     3.78849 -0.00640887    -9.04786 
             187.002 -17.6027   4.6206  46.1952  4.16047 -4.97445  6.20468 0 0 0   -0.011 -0.02329  0.04412  0.290188  0.278262 0.0317912 -0.00642669 -0.00231802  0.00163341  0.0750834 -0.0101962  0.0120682     3.78825 -0.00642774    -9.04796 
             187.102 -18.1444  4.00077  45.2472 4.18128 -4.9451 6.20733 0 0 0   -0.011 -0.02329  0.04412  0.232789  0.235204 0.0277472 -0.00637332 -0.00226157  0.00151894  0.0752451 -0.0107459  0.0119473     3.78802 -0.00634171    -9.04806 
             187.202 -17.9451  5.53375  44.8469  4.19805 -4.92116  6.22119 0 0 0   -0.011 -0.02329  0.04412  0.255039  0.155402 0.0691843 -0.00652211 -0.00244887  0.00153441  0.0753051 -0.0111596  0.0114505      3.7879 -0.00618008    -9.04811 
             187.302 -17.0164  4.41673    45.17  4.21512 -4.90755  6.23034 0 0 0   -0.011 -0.02329  0.04412  0.211694  0.137544 0.0998501 -0.00661686 -0.00236035  0.00145324  0.0755768 -0.0113704  0.0112479    3.78778 -0.0061866   -9.04816 
             187.402 -16.1272  3.15484  44.8533  4.23127 -4.88891  6.23852 0 0 0   -0.011 -0.02329  0.04412 0.268919 0.213389 0.043332 -0.00652619 -0.00225787  0.00139058  0.0758505 -0.0117828  0.0109691      3.7876 -0.00612936    -9.04823 
             187.502 -15.2412  2.36771  43.7308  4.25473 -4.85108  6.25841 0 0 0   -0.011 -0.02329  0.04412 0.208546 0.260107 0.203294 -0.00685817 -0.00244918  0.00157348  0.075503 -0.012037 0.0100618    3.78767 -0.0058005   -9.04821 
             187.602 -15.9771  2.81892  42.3438  4.27769 -4.81975  6.27692 0 0 0   -0.011 -0.02329  0.04412 0.261338 0.226945 0.121188 -0.00678764 -0.00258333  0.00160767  0.0753168 -0.0121094 0.00973632     3.78772 -0.00566927    -9.04818 
             187.702 -16.4926  2.73682  40.9738  4.30519 -4.80029  6.28557 0 0 0   -0.011 -0.02329  0.04412  0.238321   0.19798 0.0844668 -0.00666396 -0.00247312  0.00159141  0.0750667 -0.0120636  0.0101287     3.78776 -0.00566313    -9.04817 
             187.802 -15.1992  2.25896  39.6752   4.3294 -4.77643  6.30036 0 0 0   -0.011 -0.02329  0.04412  0.294405  0.287274 0.0885067 -0.00683242 -0.00257903  0.00167069  0.0751817 -0.0119235 0.00966673     3.78782 -0.00566455    -9.04814 
             187.901 -15.8944    1.461  38.4989  4.35846 -4.74534  6.30564 0 0 0   -0.011 -0.02329  0.04412  0.23909 0.277767 0.128743 -0.00662939 -0.00247113  0.00162465  0.0750955 -0.0123123 0.00991411     3.78769 -0.00557159    -9.04819 
             188.002 -14.8424  3.83332  38.6215  4.38056 -4.71755  6.31956 0 0 0   -0.011 -0.02329  0.04412 0.226071 0.183502 0.173709 -0.00683491 -0.00266873  0.00158631  0.0748924 -0.0126284 0.00988174     3.78765 -0.00542072    -9.04821 
             188.102 -14.9963  3.02345  38.9007  4.40271 -4.70021  6.32987 0 0 0   -0.011 -0.02329  0.04412 0.176269 0.168053 0.201391 -0.00686387 -0.00256381  0.00162764 0.0748522 -0.012745 0.0101715      3.7876 -0.00541893    -9.04823 
             188.202 -13.9536  2.11279  38.5343  4.42646 -4.67367  6.34529 0 0 0   -0.011 -0.02329  0.04412 0.271895 0.243879 0.131722 -0.00691784 -0.00255278  0.00172356  0.0744979 -0.0130668  0.0101358     3.78761 -0.00522303    -9.04823 
             188.302 -13.688 1.65939 38.5724  4.45318 -4.64266  6.35707 0 0 0   -0.011 -0.02329  0.04412  0.27991 0.293893 0.207505 -0.00692333 -0.00260698  0.00168407  0.0746057 -0.0133719  0.0102215    3.78748 -0.0051778   -9.04829 
             188.402 -14.6711  1.56276   37.916  4.47711 -4.61381  6.36725 0 0 0   -0.011 -0.02329  0.04412 0.299202 0.291746 0.144982 -0.00685731 -0.00261754    0.001659  0.0747347 -0.0135612  0.0110719      3.7873 -0.00527696    -9.04836 
             188.502 -15.6607  1.70046  37.0703    4.502 -4.59148  6.37683 0 0 0   -0.011 -0.02329  0.04412 0.265681  0.23216 0.119328 -0.00681748 -0.00257188  0.00166832   0.075016 -0.0137751  0.0114948     3.78712 -0.00534801    -9.04844 
             188.602 -14.6694  1.94541  36.9588  4.52847 -4.57375   6.3833 0 0 0   -0.011 -0.02329  0.04412  0.322271  0.277322 0.0680732 -0.00691577 -0.00255424  0.00168643  0.0754546 -0.0135543  0.0118604     3.78702 -0.00557828    -9.04848 
             188.702 -15.1631  1.79455  36.1434  4.55606 -4.54386  6.38753 0 0 0   -0.011 -0.02329  0.04412   0.37099  0.259497 0.0975499 -0.00690818 -0.00259636  0.00166086   0.075768 -0.0140515   0.011972     3.78678 -0.00552957    -9.04858 
             188.802 -14.8508  3.85595  36.5515  4.57911 -4.51904  6.39502 0 0 0   -0.011 -0.02329  0.04412 0.251153 0.169065 0.151986 -0.00692217 -0.00271391  0.00158396  0.0757781 -0.0143439  0.0122137     3.78667 -0.00547876    -9.04862 
             188.902 -15.3408  3.12243  37.6171  4.60257 -4.50626  6.40258 0 0 0   -0.011 -0.02329  0.04412 0.214351 0.134987 0.131419 -0.00685571 -0.00250025  0.00157353   0.076032 -0.0144191  0.0124853    3.78655 -0.0055583   -9.04867 
             189.002 -14.1604  2.76791  38.0926  4.62463 -4.48852   6.4105 0 0 0   -0.011 -0.02329  0.04412  0.273308  0.200978 0.0614651 -0.00694173 -0.00256298   0.0016194  0.0761731 -0.0146214  0.0125672     3.78645 -0.00554564    -9.04872 
             189.102 -14.1361  2.27624  39.1755  4.65216 -4.46679  6.41426 0 0 0   -0.011 -0.02329  0.04412 0.247362 0.244864  0.15792 -0.00675706 -0.00255785  0.00157733  0.0764782 -0.0145834  0.0125818     3.78637 -0.00563592    -9.04875 
             189.202 -14.5122  2.49203  39.9254  4.67165 -4.43344  6.42975 0 0 0   -0.011 -0.02329  0.04412  0.19292 0.312473 0.155726 -0.00685771 -0.00263626  0.00165471  0.0763115 -0.0149968  0.0126029      3.7863 -0.00547634    -9.04878 
             189.302 -16.1866  3.20766  40.3458  4.68842 -4.39328  6.44312 0 0 0   -0.011 -0.02329  0.04412  0.19499 0.267204 0.141759 -0.00683998 -0.00276117  0.00171699   0.076075 -0.0158874  0.0123502    3.78615 -0.0051263   -9.04884 
             189.402 -15.9989  4.16733  42.6405  4.69732 -4.35885  6.45537 0 0 0   -0.011 -0.02329  0.04412   0.17409  0.372187 0.0771943 -0.0068673 -0.0027764 0.00163977  0.0764807 -0.0164935  0.0120814      3.7859 -0.00502768    -9.04895 
             189.502 -17.9792  3.38753  43.7571  4.72171 -4.31469   6.4721 0 0 0   -0.011 -0.02329  0.04412 0.159268 0.376031 0.166192 -0.00681732 -0.00262323  0.00179146  0.0761067 -0.0168606  0.0115579     3.78594 -0.00475465    -9.04893 
             189.602 -17.0411  5.32491  47.0923  4.73567 -4.27645   6.4797 0 0 0   -0.011 -0.02329  0.04412  0.18309 0.364076 0.058973 -0.00682848 -0.00269503  0.00159176 0.0762265 -0.017335 0.0117971     3.78575 -0.00469911    -9.04901 
             189.702 -17.8328  5.75249  50.3478  4.74382 -4.24949  6.48463 0 0 0   -0.011 -0.02329  0.04412  0.139448  0.312862 0.0713046 -0.00672643 -0.00254136  0.00158569  0.0767231 -0.0172998   0.012123     3.78561 -0.00489998    -9.04907 
             189.802 -17.8993  6.42744  53.6544  4.75827 -4.21947  6.48114 0 0 0   -0.011 -0.02329  0.04412    0.228213    0.357121 -0.00664635 -0.00678746 -0.00270056  0.00162568  0.0769938 -0.0174688  0.0127528    3.78545 -0.0050378   -9.04914 
             189.902 -17.731 7.15794 56.3184  4.76469 -4.18599  6.49106 0 0 0   -0.011 -0.02329  0.04412 0.039099 0.348606 0.138149 -0.00674185 -0.00260635  0.00164825 0.0769678 -0.017877 0.0130865     3.78529 -0.00499736     -9.0492 
             190.002 -18.1736   7.4732  58.0922  4.76571 -4.15425  6.49375 0 0 0   -0.011 -0.02329  0.04412 0.0825383  0.335571 0.0952823 -0.00676359 -0.00261393  0.00163293  0.0774061 -0.0182297  0.0135483     3.78506 -0.00515259     -9.0493 
             190.102 -18.9767  8.16607  60.8639  4.76615 -4.12401  6.49856 0 0 0   -0.011 -0.02329  0.04412 0.0396444   0.36858 0.0337843 -0.00667584 -0.00259231  0.00160693  0.0777908 -0.0184125  0.0137748     3.78492 -0.00529426    -9.04936 
             190.202 -20.3946  8.19716  63.0832   4.7642 -4.08537  6.49312 0 0 0   -0.011 -0.02329  0.04412 0.0827216  0.407638 0.0405438 -0.00676966 -0.00269584  0.00161929  0.0779939 -0.0191848  0.0142645     3.78458 -0.00534609     -9.0495 
             190.302 -20.7153  8.95953   65.663  4.76453 -4.05194  6.50236 0 0 0   -0.011 -0.02329  0.04412  0.008497  0.329691 0.0128971 -0.00667948  -0.0026282  0.00162258  0.0782152 -0.0192093  0.0140158     3.78456 -0.00538652    -9.04951 
             190.402 -21.2145  9.13411  68.4825 4.76211 -4.0265 6.50608 0 0 0   -0.011 -0.02329  0.04412 -0.0119424    0.23405  0.0963342 -0.00668126  -0.0026648   0.0015779   0.078549 -0.0191547  0.0138467     3.78456 -0.00548998    -9.04951 
             190.502 -22.4819  9.36453  70.5497  4.76427 -4.00474  6.51242 0 0 0   -0.011 -0.02329  0.04412 0.0731006  0.254709 0.0522513 -0.00666553 -0.00265534  0.00162698  0.0786861 -0.0191881  0.0140248    3.78453 -0.0055683   -9.04952 
             190.602 -20.8537  9.16752  73.4799  4.77028 -3.97579  6.51061 0 0 0   -0.011 -0.02329  0.04412 0.0630318  0.326166 0.0111448    -0.00678 -0.00260472  0.00159362   0.078672 -0.0195377  0.0143678     3.78439 -0.00560653    -9.04958 
             190.702 -19.3991  9.67295  75.7008   4.7759 -3.93467  6.50123 0 0 0   -0.011 -0.02329  0.04412 -0.0224567   0.421657 -0.0973546 -0.00688124 -0.00274679  0.00167176  0.078184 -0.019605 0.0147975     3.78437 -0.00547805    -9.04958 
             190.802 -20.428 11.2711 76.3916  4.76522 -3.88214  6.49016 0 0 0   -0.011 -0.02329  0.04412  -0.126941   0.444853 -0.0502327 -0.00682874 -0.00284757  0.00176847  0.0776726 -0.0200894  0.0145968     3.78417 -0.00525935    -9.04967 
             190.902 -23.2108  13.8878  76.7234  4.75428 -3.83857  6.48318 0 0 0   -0.011 -0.02329  0.04412 -0.0785017   0.364958  -0.015974 -0.00679535 -0.00280545  0.00176041  0.0774299 -0.0204003  0.0148317    3.78404 -0.0052084   -9.04972 
             191.002 -24.9512  15.7875  78.5172  4.74015 -3.80647   6.4824 0 0 0   -0.011 -0.02329  0.04412 -0.111446  0.387743  0.017339 -0.00677046  -0.0028644  0.00171331  0.0777981 -0.0206358  0.0148911     3.78397 -0.00537537    -9.04975 
             191.102 -26.9896  15.5645  80.6032  4.73633 -3.76037   6.4834 0 0 0   -0.011 -0.02329  0.04412   0.0453594    0.470573 -0.00668632 -0.00670529 -0.00276048  0.00178146 0.0775773 -0.020682 0.0149359     3.78393 -0.00529967    -9.04977 
             191.202 -24.6901  19.1481  83.2567 4.73295  -3.724 6.47517 0 0 0   -0.011 -0.02329  0.04412  0.0425997    0.37178 -0.0137233 -0.00699715 -0.00298709  0.00163065  0.0777723 -0.0214528  0.0158363     3.78368 -0.00558586    -9.04987 
             191.302 -24.5771  20.4503  85.0201  4.73785 -3.69226  6.47037 0 0 0   -0.011 -0.02329  0.04412 0.0234342  0.323718 0.0150018 -0.00684445 -0.00286787  0.00179181  0.0777639 -0.0214917  0.0163346     3.78369 -0.00566446    -9.04987 
             191.402 -24.0143  21.5017  86.5653  4.73152 -3.66683  6.45417 0 0 0   -0.011 -0.02329  0.04412 -0.0719928   0.296811  -0.123223 -0.00689401 -0.00284544   0.0017588  0.0779086 -0.0222722  0.0169309     3.78345 -0.00592946    -9.04997 
             191.502 -27.1754  22.2989  85.0916  4.71634 -3.64018  6.44772 0 0 0   -0.011 -0.02329  0.04412 -0.0716194   0.247674 -0.0123417 -0.00673088 -0.00291193  0.00193125  0.0778267 -0.0231538  0.0169521      3.7831 -0.00605133    -9.05012 
             191.602 -27.9412  21.9608  84.2785  4.70085 -3.61114  6.44144 0 0 0   -0.011 -0.02329  0.04412 -0.0253203   0.261105 -0.0276984 -0.00685991 -0.00291469   0.0020154  0.0774318 -0.0239618  0.0167998     3.78272 -0.00603384    -9.05027 
             191.702 -29.2965  20.7268  84.6113  4.68953 -3.59213  6.43483 0 0 0   -0.011 -0.02329  0.04412 -0.0192508   0.171481 0.00359423  -0.0067949 -0.00279307  0.00194444  0.0775929 -0.0251357  0.0168607     3.78232 -0.00632567    -9.05044 
             191.802 -28.3773  20.7725  85.2246  4.68632 -3.57782  6.43123 0 0 0   -0.011 -0.02329  0.04412 -0.0374884   0.184185 -0.0278604 -0.00691835 -0.00285234  0.00189479  0.0776427 -0.0252878  0.0171627     3.7823 -0.0064249   -9.05045 
             191.902 -28.3168  20.1595  85.0032  4.67879 -3.56041  6.42448 0 0 0   -0.011 -0.02329  0.04412   0.053577   0.339119 -0.0580296 -0.00693022 -0.00285721  0.00198077  0.0778911 -0.0256455  0.0172055     3.78222 -0.00658804    -9.05049 
             192.002 -28.5984    17.82  84.9529  4.68199 -3.52665  6.42803 0 0 0   -0.011 -0.02329  0.04412 -0.0326772   0.269021  0.0887786 -0.00685076 -0.00270654    0.002047  0.0778325 -0.0254767  0.0170813     3.78225 -0.00651387    -9.05047 
             192.102 -26.6721  18.7592  85.1839  4.68072 -3.49766  6.43195 0 0 0   -0.011 -0.02329  0.04412 -0.0490374   0.303062  0.0824666  -0.0069601 -0.00280519  0.00191415  0.0777613 -0.0254253  0.0169889     3.78225 -0.00646446    -9.05047 
             192.202 -25.9803  18.2794  85.5081  4.68449 -3.46132  6.43154 0 0 0   -0.011 -0.02329  0.04412 -0.00163569    0.418292  -0.0203981 -0.00693898 -0.00278405  0.00189847 0.0776058 -0.025132 0.0173478     3.78237 -0.00641046    -9.05042 
             192.302 -25.6608  17.6055  85.6326 4.68204 -3.4217 6.43361 0 0 0   -0.011 -0.02329  0.04412 -0.0912434   0.399107  0.0329182 -0.00694364 -0.00280956  0.00188414  0.0776061 -0.0250144  0.0177928     3.78246 -0.00645603    -9.05038 
             192.402 -27.0707  17.9443  84.2449  4.68372 -3.37915  6.43066 0 0 0   -0.011 -0.02329  0.04412  0.024508  0.363232 0.0724283 -0.00684697 -0.00282141  0.00193959  0.0771277 -0.0248155  0.0183451     3.78251 -0.00633385    -9.05036 
             192.502 -25.9077  18.8636  84.8855  4.69182 -3.34144  6.42922 0 0 0   -0.011 -0.02329  0.04412   0.0111298    0.386171 -0.00517383 -0.00697008 -0.00275807  0.00184848   0.076905 -0.0244981  0.0188046     3.78263 -0.00626561    -9.05031 
             192.602 -25.7599  18.5797   84.727 4.69385    -3.3 6.42317 0 0 0   -0.011 -0.02329  0.04412 0.0357642  0.460166 -0.039587 -0.00693991 -0.00275293  0.00190743 0.0769731 -0.024536 0.0189966     3.78264 -0.00632393    -9.05031 
             192.702 -25.1124  20.1507  85.1814  4.69199 -3.26018  6.42028 0 0 0   -0.011 -0.02329  0.04412 -0.00681196    0.369551   0.0556099 -0.00692908 -0.00277317  0.00186207  0.0769772 -0.0248161  0.0193236    3.78257 -0.0064218   -9.05034 
             192.802 -24.6266  20.7233  87.1544  4.68364 -3.22878  6.41517 0 0 0   -0.011 -0.02329  0.04412 -0.0689236   0.292183  0.0239687 -0.00685964 -0.00266332  0.00178474  0.0770787 -0.0255937  0.0193469      3.7823 -0.00659567    -9.05045 
             192.902 -23.6341   21.065   89.301  4.67386 -3.20031  6.41214 0 0 0   -0.011 -0.02329  0.04412 -0.0579133   0.304909 -0.0645695 -0.00691817 -0.00268338  0.00183795  0.0771786 -0.0261121  0.0193442     3.78213 -0.00672122    -9.05052 
             193.003 -22.5774  21.6783  92.3239  4.66064 -3.17087  6.39839 0 0 0   -0.011 -0.02329  0.04412  -0.149342   0.315058 -0.0266366 -0.00688299 -0.00270248  0.00177705  0.0773355 -0.0267532  0.0193822     3.78193 -0.00689853    -9.05061 
             193.102 -23.0053  23.1535  94.3698   4.6351 -3.14616   6.3973 0 0 0   -0.011 -0.02329  0.04412  -0.305024   0.276665 -0.0249523 -0.00683207 -0.00274168  0.00180097  0.0774501 -0.0271731  0.0197307     3.78182 -0.00707206    -9.05065 
             193.202 -23.9268  24.5467  96.7381  4.60804 -3.11658  6.39354 0 0 0   -0.011 -0.02329  0.04412  -0.229269   0.263135 -0.0292024  -0.0068835 -0.00279646  0.00182198  0.0773071 -0.0272606  0.0195823     3.78176 -0.00702175    -9.05068 
             193.302 -22.9927  26.8354  100.971  4.57412 -3.09205  6.38543 0 0 0   -0.011 -0.02329  0.04412  -0.302498   0.270245 -0.0873037 -0.00693699 -0.00279985  0.00168939  0.0770285 -0.0278155  0.0196212     3.78151 -0.00706719    -9.05078 
             193.402 -23.885  27.501 104.929 4.54782 -3.0633 6.37693 0 0 0   -0.011 -0.02329  0.04412 -0.209057  0.232748 -0.100092 -0.00682805 -0.00272958  0.00175117 0.0769214 -0.027949 0.0196798     3.78145 -0.00707677    -9.05081 
             193.502 -21.5832  29.3911  109.527  4.52433 -3.03833  6.35932 0 0 0   -0.011 -0.02329  0.04412 -0.221806  0.152353 -0.136806 -0.00706744 -0.00284189  0.00176501  0.0764632 -0.0281893  0.0197234     3.78126 -0.00701652    -9.05088 
             193.602 -21.8484  31.1091   113.28  4.50104 -3.03364  6.34504 0 0 0   -0.011 -0.02329  0.04412 -0.179369  0.135685 -0.158569 -0.00692822 -0.00288233  0.00171623  0.0768259 -0.0286788  0.0198928     3.78123 -0.00728725     -9.0509 
             193.702 -18.8091  31.8944  118.787  4.48303 -3.01509  6.32769 0 0 0   -0.011 -0.02329  0.04412 -0.181669  0.214843 -0.200743 -0.00710044 -0.00282012  0.00168477  0.0767081 -0.0285761  0.0198178     3.78122 -0.00721402     -9.0509 
             193.802 -16.8271  33.2836  123.134  4.45375 -2.99329  6.31365 0 0 0   -0.011 -0.02329  0.04412  -0.310156    0.14474 0.00452939 -0.00702147 -0.00283441  0.00173675 0.0765866 -0.028707   0.01922     3.78107 -0.00716034    -9.05096 
             193.902 -16.3088  35.4132  124.608  4.41422 -2.97214  6.30919 0 0 0   -0.011 -0.02329  0.04412  -0.345343   0.151372 -0.0754619 -0.00716369 -0.00299502   0.0019032  0.0758706 -0.0286054  0.0188801     3.78081 -0.00693596    -9.05107 
             194.002 -17.5579   36.038  127.124  4.37547 -2.95535  6.30455 0 0 0   -0.011 -0.02329  0.04412  -0.345498   0.130031 -0.0271756 -0.00705727 -0.00295688  0.00188447  0.0756915 -0.0287837   0.018381     3.78064 -0.00691912    -9.05114 
             194.102 -16.6475  36.7217  131.246  4.34055 -2.93903  6.29308 0 0 0   -0.011 -0.02329  0.04412 -0.336866  0.246175 -0.121456 -0.00701863 -0.00289062  0.00181772  0.0755041 -0.0288338   0.018489     3.78057 -0.00692028    -9.05117 
             194.202 -16.8793  36.6256   134.32  4.30992 -2.91669   6.2843 0 0 0   -0.011 -0.02329  0.04412 -0.284828  0.200491 -0.100152 -0.00690964 -0.00282548  0.00184433  0.0754896 -0.0286722  0.0186002    3.78061 -0.0068618   -9.05116 
             194.302 -14.6973  37.3089  138.382  4.28574 -2.90458  6.27587 0 0 0   -0.011 -0.02329  0.04412  -0.254417   0.109064 -0.0320218 -0.00688235  -0.0028514   0.0017889  0.0758517 -0.0286833  0.0186844     3.78077 -0.00691682    -9.05109 
             194.402 -13.6687  37.7983  141.449  4.25244 -2.89044  6.25919 0 0 0   -0.011 -0.02329  0.04412 -0.313107  0.131109 -0.235714 -0.00696739 -0.00287735  0.00194954  0.0749721 -0.0291567  0.0187664     3.78036 -0.00704024    -9.05126 
             194.502 -10.9684  38.3678  145.709  4.21348 -2.88714  6.24379 0 0 0   -0.011 -0.02329  0.04412  -0.367227  0.0405546 -0.0971047 -0.00693855 -0.00287287  0.00179101  0.0750961 -0.0295735  0.0183987     3.78031 -0.00721089    -9.05128 
             194.602 -12.8001  40.2711  146.517  4.17485 -2.88046  6.22832 0 0 0   -0.011 -0.02329  0.04412  -0.323538  0.0728691 -0.0701582 -0.00684492 -0.00302189  0.00192508   0.074339 -0.0296775  0.0187936     3.78005 -0.00723227    -9.05139 
             194.702 -12.4673  39.6885  148.829  4.14188 -2.87772  6.21515 0 0 0   -0.011 -0.02329  0.04412  -0.323382  0.0860432 -0.0987218 -0.00689511 -0.00286117  0.00184096    0.07407 -0.0302958   0.019164     3.77995 -0.00751869    -9.05143 
             194.803 -10.9921  39.6777  151.371  4.11575 -2.86332  6.19968 0 0 0   -0.011 -0.02329  0.04412 -0.333307  0.214538 -0.160873 -0.00695908   -0.002859   0.0019215  0.0743792 -0.0299735  0.0196174     3.78017 -0.00739783    -9.05134 
             194.902 -9.00432  40.0781  153.757   4.0822 -2.84984   6.1922 0 0 0   -0.011 -0.02329  0.04412 -0.286932 0.0954635 -0.148989 -0.00692223 -0.00285049  0.00187145  0.0743688 -0.0299257  0.0195444     3.78016 -0.00737344    -9.05134 
             195.002 -8.42405   39.896  155.922  4.05244 -2.83992  6.18227 0 0 0   -0.011 -0.02329  0.04412  -0.262863  0.0871255 -0.0948139  -0.0068839 -0.00285571  0.00191504  0.0741263 -0.0298016  0.0194233     3.78004 -0.00731304    -9.05139 
             195.102 -6.39381  39.6746  158.811  4.02844 -2.83061   6.1645 0 0 0   -0.011 -0.02329  0.04412 -0.333173 0.0544936 -0.181608 -0.00694749 -0.00284998  0.00190863  0.0741641 -0.0297577  0.0198177     3.78012 -0.00730056    -9.05136 
             195.202 -5.64345  40.5511  160.663  3.99288 -2.83592  6.14588 0 0 0   -0.011 -0.02329  0.04412  -0.331667 -0.0123769  -0.076135 -0.00702155  -0.0028914  0.00185472  0.0738839 -0.0304624  0.0200755     3.78004 -0.00763825    -9.05139 
             195.302 -7.16717  41.4137  160.882   3.9578 -2.84076  6.13371 0 0 0   -0.011 -0.02329  0.04412  -0.282552 0.00189872  -0.101097 -0.00695791 -0.00289855  0.00189981  0.0733664 -0.0307852  0.0201441     3.77984 -0.00780833    -9.05148 
             195.402 -7.14064  40.8144  162.538  3.93046 -2.82892   6.1221 0 0 0   -0.011 -0.02329  0.04412 -0.269188 0.0935257 -0.119942 -0.00692608 -0.00284312  0.00191448  0.0729454 -0.0301985  0.0202843     3.77966 -0.00755897    -9.05155 
             195.502 -5.83008  40.3457  164.652  3.90281 -2.81453  6.10541 0 0 0   -0.011 -0.02329  0.04412 -0.304694  0.182051 -0.171107 -0.00691317 -0.00282991  0.00184453 0.0728863  -0.03002 0.0204608     3.77966 -0.00748114    -9.05155 
             195.602 -3.71114  40.8771  166.758  3.87087 -2.80907  6.09325 0 0 0   -0.011 -0.02329  0.04412 -0.239929 0.0696929 -0.112211 -0.00698306 -0.00286778  0.00186643  0.0724841 -0.0305456  0.0203539     3.77949 -0.00775024    -9.05162 
             195.702 -3.06451  40.3771  168.583   3.8448 -2.80158  6.08121 0 0 0   -0.011 -0.02329  0.04412  -0.190586  0.0717677 -0.0465073 -0.00705722 -0.00282968  0.00183032  0.0719196 -0.0305142  0.0202739     3.77924 -0.00777807    -9.05173 
             195.802 -2.18611  40.0374  170.524  3.81678 -2.79723  6.06655 0 0 0   -0.011 -0.02329  0.04412 -0.245621 0.0893289 -0.122084  -0.0070026 -0.00284551  0.00180961  0.0710495 -0.0309398  0.0202886    3.77889 -0.0080464   -9.05187 
             195.903 -0.422367   39.8183   172.795  3.77846 -2.80102  6.05365 0 0 0   -0.011 -0.02329  0.04412   -0.283931 -0.00777293   -0.122304 -0.00703949 -0.00288592  0.00178121  0.0704513 -0.0315025  0.0196777     3.77858 -0.00836362      -9.052 
             196.002 -2.38426  41.9098  172.244  3.73581 -2.81056  6.03819 0 0 0   -0.011 -0.02329  0.04412  -0.291245 -0.0300807  -0.116753 -0.00699412   -0.003067  0.00190521  0.0690331 -0.0321536  0.0194869       3.778 -0.00880717    -9.05224 
             196.101 -3.76484  41.1462  171.911 3.70456 -2.8018 6.02676 0 0 0   -0.011 -0.02329  0.04412 -0.259313 0.0109399 -0.119416 -0.00699243 -0.00287735  0.00202749  0.0686084 -0.0314453  0.0193358     3.77774 -0.00853332    -9.05235 
             196.202 -1.68265  40.8171  173.934 3.66813 -2.8046 6.00844 0 0 0   -0.011 -0.02329  0.04412 -0.355964 0.0626196 -0.199455 -0.00710141 -0.00287412  0.00190181  0.0679152 -0.0317559  0.0191789     3.77745 -0.00875581    -9.05247 
             196.302 -2.44499  40.1151   174.11  3.62976 -2.80129  5.99421 0 0 0   -0.011 -0.02329  0.04412  -0.347687  0.0256458 -0.0790217 -0.00701365 -0.00286257  0.00196162  0.0678635 -0.0319588  0.0189009     3.77741 -0.00885823    -9.05249 
             196.402 -0.482028   41.0439   175.882  3.59865 -2.79853  5.97794 0 0 0   -0.011 -0.02329  0.04412    -0.272162 -0.000556713    -0.123785 -0.00709918 -0.00293998   0.0018873  0.0675991 -0.0318502  0.0190934     3.77732 -0.00883812    -9.05253 
             196.502 -0.185525   40.8167   176.697  3.56819 -2.79686  5.96827 0 0 0   -0.011 -0.02329  0.04412 -0.290018 0.0377033 -0.142486 -0.00710735 -0.00289383  0.00195653  0.0674866 -0.0318501  0.0188925     3.77724 -0.00885668    -9.05256 
             196.602 1.25073  40.099  178.26 3.53106 -2.8004 5.94921 0 0 0   -0.011 -0.02329  0.04412  -0.372351 -0.0782071  -0.220036 -0.00713775 -0.00284519  0.00187936  0.0671728 -0.0321325  0.0187127     3.77711 -0.00902762    -9.05261 
             196.702 -0.667749   41.4241    177.48  3.49152 -2.80289    5.939 0 0 0   -0.011 -0.02329  0.04412  -0.348212 -0.0363241 -0.0600368 -0.00712771 -0.00294494  0.00195106  0.0668595 -0.0319808  0.0186946     3.77696 -0.00900351    -9.05268 
             196.802 -1.91293  41.0789  176.608  3.46197 -2.80441  5.93326 0 0 0   -0.011 -0.02329  0.04412  -0.277215  0.0570401 -0.0626586 -0.00713264 -0.00289061  0.00204143  0.0671465 -0.0321012  0.0185699     3.77708 -0.00901917    -9.05263 
             196.902 -0.423163   41.0971   178.126 3.43129  -2.806 5.91739 0 0 0   -0.011 -0.02329  0.04412 -0.299888 0.0111865 -0.138775 -0.00715868 -0.00291217  0.00190576   0.066651 -0.0324214  0.0188666     3.77696 -0.00922296    -9.05268 
             197.002 -0.136793   40.6662   178.284  3.40101 -2.80857  5.89814 0 0 0   -0.011 -0.02329  0.04412 -0.365013 0.0434832 -0.202306 -0.00713324 -0.00291684  0.00188194  0.0667008 -0.0327017  0.0190447     3.77704 -0.00933384    -9.05264 
             197.102 0.503226  41.2288  178.713  3.36569 -2.80603  5.88837 0 0 0   -0.011 -0.02329  0.04412 -0.310366 0.0246465 -0.132718 -0.00711767 -0.00292396  0.00194551  0.0667572 -0.0326615  0.0188742     3.77703 -0.00931315    -9.05265 
             197.203 1.18331  40.931 179.511  3.33105 -2.79833  5.87767 0 0 0   -0.011 -0.02329  0.04412  -0.280284  0.0201474 -0.0419313   -0.007081 -0.00284914  0.00193995  0.0664547 -0.0320315  0.0184399     3.77677 -0.00909546    -9.05276 
             197.302  1.47469  40.4748 -179.956  3.30039 -2.80071   5.8642 0 0 0   -0.011 -0.02329  0.04412 -0.314841  0.036344 -0.145111 -0.00707622 -0.00287296  0.00187283  0.0661273 -0.0324365  0.0184921     3.77669 -0.00931767    -9.05279 
             197.402  2.27674  39.7682 -179.329   3.2627 -2.80758  5.84304 0 0 0   -0.011 -0.02329  0.04412   -0.37368 -0.0260293  -0.063631 -0.00713345 -0.00285556  0.00185644  0.0657515 -0.0327622  0.0186236      3.7766 -0.00951064    -9.05283 
             197.502 0.0982272   41.2991   179.343  3.22794 -2.80456  5.83326 0 0 0   -0.011 -0.02329  0.04412   -0.31839  0.0218866 -0.0886376 -0.00703807  -0.0029571  0.00199444  0.0656837 -0.0323629  0.0188199     3.77655 -0.00934354    -9.05285 
             197.602 -0.500569   42.3398   178.356  3.19937 -2.80026  5.82511 0 0 0   -0.011 -0.02329  0.04412  -0.163179   0.026184 -0.0423947 -0.00709057 -0.00296629  0.00204131 0.0652847 -0.032111 0.0185974     3.77633 -0.00930135    -9.05294 
             197.702 0.36482 43.4173 179.188  3.18151 -2.80439  5.82075 0 0 0   -0.011 -0.02329  0.04412  -0.157206 -0.0182979 -0.0380466 -0.00710926 -0.00292308   0.0019355  0.0651111 -0.0325594  0.0184748      3.7763 -0.00952307    -9.05295 
             197.802 0.421701  43.1481  178.957  3.16591 -2.80963  5.81487 0 0 0   -0.011 -0.02329  0.04412  -0.215204 -0.0839625 -0.0762205 -0.00715938 -0.00289974  0.00195323  0.0651928 -0.0325569   0.018603     3.77635 -0.00950604    -9.05293 
             197.902 0.216158  42.8388  178.708   3.1451 -2.81787  5.81442 0 0 0   -0.011 -0.02329  0.04412  -0.210607 -0.0412264   0.043759 -0.00708336 -0.00287336   0.0019287  0.0650701 -0.0325791  0.0188199     3.77634 -0.00952709    -9.05294 
             198.002 -0.583316   41.5156   178.546  3.11793 -2.81481  5.81196 0 0 0   -0.011 -0.02329  0.04412  -0.203265 -0.0352938  -0.013514 -0.00711048 -0.00280599  0.00195123  0.0647225 -0.0320566  0.0183061     3.77605 -0.00937125    -9.05306 
             198.102 -0.0881705     41.174    178.542  3.09601 -2.81244  5.80114 0 0 0   -0.011 -0.02329  0.04412  -0.210909 -0.0391155 -0.0912402 -0.00715769  -0.0029026  0.00199608  0.0643195 -0.0315227  0.0186686     3.77588 -0.00919181    -9.05313 
             198.202 0.124691  40.6625  178.848  3.06545 -2.81476  5.78826 0 0 0   -0.011 -0.02329  0.04412 -0.300652 -0.014346 0.0297848 -0.00712033 -0.00287942  0.00200957  0.0636179 -0.0314033  0.0188443    3.77562 -0.0092367   -9.05324 
             198.302 1.12697 40.5394 179.414  3.03294 -2.82326  5.77473 0 0 0   -0.011 -0.02329  0.04412  -0.216826 -0.0469891  -0.051218 -0.00716089 -0.00288034  0.00194663  0.0627835 -0.0317319  0.0188829     3.77534 -0.00949372    -9.05335 
             198.403 2.11698 40.8049 179.825  3.00553 -2.82634  5.76766 0 0 0   -0.011 -0.02329  0.04412  -0.189029 -0.0459683 -0.0896419 -0.00714736 -0.00289081  0.00197135  0.0623671 -0.0315401  0.0185218      3.7751 -0.00948267    -9.05345 
             198.502 1.91193 40.4652 179.682 2.98089 -2.8195  5.7564 0 0 0   -0.011 -0.02329  0.04412   -0.224128 -0.00597818   -0.120116 -0.00709462 -0.00286019  0.00198313  0.0620427 -0.0306881  0.0184586     3.77486 -0.00917278    -9.05356 
             198.602 2.18451 40.2699 179.793  2.94685 -2.81624  5.74775 0 0 0   -0.011 -0.02329  0.04412   -0.30674 -0.0318798 -0.0529963 -0.00713918 -0.00285713  0.00198768  0.0615947 -0.0302812  0.0182453     3.7746 -0.0090717   -9.05366 
             198.703 1.78162 40.4754 179.807  2.92099 -2.81819  5.73658 0 0 0   -0.011 -0.02329  0.04412  -0.245542 -0.0102888 -0.0945784 -0.00710351 -0.00285279  0.00204028  0.0615115 -0.0302176  0.0183398     3.77457 -0.00905534    -9.05367 
             198.802 1.58185 40.4824 -179.64  2.89476 -2.81555  5.72738 0 0 0   -0.011 -0.02329  0.04412  -0.232645 -0.0127445  -0.108253 -0.00712965 -0.00288183  0.00196902  0.0613611 -0.0298358  0.0182123     3.77445 -0.00892049    -9.05373 
             198.902  1.70833  40.1135 -178.762   2.8687 -2.81179  5.71382 0 0 0   -0.011 -0.02329  0.04412 -0.329914 0.0440276  0.136477 -0.00706236 -0.00285201  0.00195683  0.0613074 -0.0293692  0.0183024     3.77438 -0.00873287    -9.05375 
             199.002  1.93781  40.4599 -177.892   2.8412 -2.81268  5.70509 0 0 0   -0.011 -0.02329  0.04412   -0.22114  0.0204296 -0.0603453 -0.00709143 -0.00289802  0.00186842  0.0609428 -0.0296756  0.0188277     3.77435 -0.00890204    -9.05377 
             199.103  3.24853   40.361 -178.084  2.8098 -2.8146 5.69632 0 0 0   -0.011 -0.02329  0.04412  -0.215594 -0.0114095 -0.0499652 -0.00715661 -0.00285305  0.00196691  0.0601314 -0.0297732  0.0186122     3.77402 -0.00906676     -9.0539 
             199.203  3.41569  40.1024 -177.788    2.776 -2.81272  5.68186 0 0 0   -0.011 -0.02329  0.04412   -0.259964 0.000109161  -0.0964025  -0.0070971 -0.00280304  0.00191936  0.0590788 -0.0294488  0.0185728     3.77357 -0.00909158    -9.05409 
             199.303  3.5574 39.9157 -177.41   2.7569 -2.81322  5.67454 0 0 0   -0.011 -0.02329  0.04412  -0.309474 -0.0592672 -0.0128136 -0.00711771 -0.00280595  0.00195722  0.0598204 -0.0295566  0.0189024     3.77391 -0.00901637    -9.05395 
             199.402  3.61745  40.2969 -177.109  2.72671 -2.82754  5.65485 0 0 0   -0.011 -0.02329  0.04412  -0.246065 -0.0789047   -0.13935 -0.00710405 -0.00285018  0.00197954  0.0591343 -0.0301151  0.0193795    3.77378 -0.0093398     -9.054 
             199.502  2.15262  40.5089 -176.869  2.70153 -2.83438  5.64506 0 0 0   -0.011 -0.02329  0.04412   -0.24708 -0.0877724  -0.205526 -0.00705693 -0.00280242  0.00204198  0.0593041 -0.0300147  0.0191062      3.7738 -0.00927803      -9.054 
             199.603  3.28221  40.0997 -174.804  2.66694 -2.83938  5.59685 0 0 0   -0.011 -0.02329  0.04412 -0.359363 0.0104962 -0.477761 -0.00710085 -0.00277402  0.00206669  0.0589597 -0.0303069  0.0190219      3.7737 -0.00945184    -9.05404 
             199.702  7.55717  45.6642 -171.858  2.62823 -2.83737  5.56004 0 0 0   -0.011 -0.02329  0.04412   -0.27171 -0.0549651  -0.275036 -0.00722986 -0.00305971  0.00197158  0.0580444 -0.0295666  0.0195405     3.77332 -0.00928505     -9.0542 
             199.803  6.28172  44.4876 -171.172  2.59145 -2.84044  5.53856 0 0 0   -0.011 -0.02329  0.04412 -0.263864 -0.115667 -0.342757 -0.00703655 -0.00279462  0.00213179  0.0580474 -0.0292467  0.0184151     3.77312 -0.00918646    -9.05428 
             199.903  5.30162  44.3453 -170.799  2.55277 -2.85497  5.52091 0 0 0   -0.011 -0.02329  0.04412  -0.370396 -0.0946805 0.00992745 -0.00698295 -0.00280914  0.00213558 0.0578973 -0.029374 0.0175066     3.77295 -0.00928797    -9.05435 
             200.003  4.52141  43.2873 -170.762  2.51348 -2.87061  5.53206 0 0 0   -0.011 -0.02329  0.04412  -0.343218 -0.0527767 -0.0755233 -0.00704479 -0.00273884  0.00210628  0.0586889 -0.0300246   0.016202     3.77313 -0.00945178    -9.05427 
             200.102  2.22487  43.8612 -170.686  2.47216 -2.86869  5.52731 0 0 0   -0.011 -0.02329  0.04412  -0.355486 -0.0404168 -0.0274565 -0.00695896  -0.0028802  0.00204048  0.0583835 -0.0296225  0.0158084      3.7729 -0.00936156    -9.05437 
             200.203  2.09766  43.6207 -169.968  2.44291 -2.87491   5.5152 0 0 0   -0.011 -0.02329  0.04412 -0.364518 -0.095468 -0.132949 -0.00702911 -0.00280664  0.00205443  0.0585012 -0.0296872   0.016463     3.77305 -0.00933588    -9.05431 
             200.302 0.362329  43.5826 -169.899  2.40225 -2.88635   5.4909 0 0 0   -0.011 -0.02329  0.04412  -0.393227 -0.0434126  -0.210944 -0.00697028 -0.00280857  0.00200214  0.0578183 -0.0299473  0.0170021     3.77293 -0.00952985    -9.05436 
             200.403  2.49206  45.6606 -167.087  2.36986 -2.89809  5.47655 0 0 0   -0.011 -0.02329  0.04412 -0.350962 0.0228904 -0.036043 -0.00707597 -0.00293074  0.00197371  0.0574768 -0.0305905  0.0177329     3.77303 -0.00979326    -9.05432 
             200.502  3.67399  44.5958 -164.878  2.35308 -2.90775  5.47316 0 0 0   -0.011 -0.02329  0.04412  -0.274573 -0.0035667 -0.0391919 -0.00704668 -0.00277558  0.00192667  0.0581422 -0.0316663  0.0182762    3.77353 -0.0100452   -9.05411 
             200.602  6.45074  43.0534 -163.382 2.33294 -2.9075 5.46671 0 0 0   -0.011 -0.02329  0.04412 -0.271159 -0.010216 -0.110424  -0.0071655 -0.00272889  0.00200507  0.0584558 -0.0318642   0.018982    3.77378 -0.0100059     -9.054 
             200.703  7.99695  41.4951 -162.279  2.30015 -2.92292  5.44356 0 0 0   -0.011 -0.02329  0.04412 -0.313152 -0.181806 -0.227087 -0.00711472 -0.00271025  0.00197994  0.0577769 -0.0324417  0.0191762    3.77368 -0.0103405   -9.05404 
             200.803  6.95923  41.8765 -162.665  2.26587 -2.95589  5.42456 0 0 0   -0.011 -0.02329  0.04412 -0.318199 -0.239066 -0.101327 -0.00702291 -0.00278142  0.00212237  0.0567561 -0.0333346  0.0197604    3.77359 -0.0108384   -9.05408 
             200.903 5.71819 42.1181 -162.92  2.23273 -2.97409  5.41292 0 0 0   -0.011 -0.02329  0.04412  -0.282557  -0.177757 -0.0756044 -0.00702937 -0.00278927  0.00209379  0.0567125 -0.0331134  0.0194839    3.77349 -0.0107848   -9.05412 
             201.002   7.1347  42.1989 -161.141  2.20682 -2.98729  5.41063 0 0 0   -0.011 -0.02329  0.04412  -0.26402  -0.22777 -0.142415 -0.00706919 -0.00278616  0.00198677 0.0574273 -0.032755 0.0188569    3.77357 -0.0105415   -9.05409 
             201.102   5.7427  41.1194 -160.983  2.16994 -3.00636  5.39604 0 0 0   -0.011 -0.02329  0.04412 -0.304214 -0.154269 -0.220612 -0.00693896 -0.00274495  0.00192031  0.0572016 -0.0326713   0.018345    3.77341 -0.0105953   -9.05415 
             201.203  8.76517  42.3087 -158.302   2.1375 -3.01359   5.3862 0 0 0   -0.011 -0.02329  0.04412 -0.245529 -0.134989 -0.106487 -0.00708923  -0.0028127  0.00189908  0.0571794 -0.0320819  0.0181447    3.77326 -0.0104018   -9.05422 
             201.303  9.29473  41.1402 -156.833  2.11473 -3.01859   5.3775 0 0 0   -0.011 -0.02329  0.04412  -0.248409 -0.0889865 -0.0560588 -0.00701183 -0.00274416  0.00189864  0.0573994 -0.0316922  0.0181585    3.77325 -0.0102122   -9.05422 
             201.403  10.8151   39.968 -155.348  2.09179 -3.02782  5.36791 0 0 0   -0.011 -0.02329  0.04412 -0.264381 -0.114336 -0.186731 -0.00703654 -0.00275682  0.00188123  0.0575432 -0.0317352   0.018282    3.77332 -0.0101854   -9.05419 
             201.502  11.2731  39.0226 -155.038  2.06106 -3.05343  5.34663 0 0 0   -0.011 -0.02329  0.04412   -0.33707  -0.162499 -0.0173758 -0.00702102 -0.00274421  0.00202564  0.0571058 -0.0320828  0.0182575    3.77326 -0.0104113   -9.05422 
             201.603 10.0383 40.6195 -155.19  2.02578 -3.06712  5.34698 0 0 0   -0.011 -0.02329  0.04412  -0.293616  -0.169568 -0.0905261 -0.00701197 -0.00288237  0.00210158  0.0571642 -0.0315598  0.0178522    3.77311 -0.0102446   -9.05428 
             201.703 9.06283 40.4672 -154.76  1.99307 -3.07216  5.33695 0 0 0   -0.011 -0.02329  0.04412  -0.258309  -0.140533 -0.0650416 -0.00699419 -0.00282259  0.00206031  0.0569437 -0.0307774  0.0179075    3.77286 -0.0100278   -9.05438 
             201.803  10.5991  40.2365 -153.116  1.96374 -3.08859   5.3239 0 0 0   -0.011 -0.02329  0.04412 -0.290856 -0.197576 -0.157552 -0.00701884 -0.00283701  0.00198764  0.0566749 -0.0306379  0.0180639    3.77276 -0.0100363   -9.05443 
             201.903  9.35118  39.6363 -153.245  1.92688 -3.10577  5.30283 0 0 0   -0.011 -0.02329  0.04412  -0.317985  -0.196744 -0.0526896 -0.00694775 -0.00281606  0.00201337  0.0561297 -0.0303777  0.0182616    3.77256 -0.0100713   -9.05451 
             202.003  11.6386  40.4344 -150.597  1.89299 -3.12858  5.29283 0 0 0   -0.011 -0.02329  0.04412  -0.28131 -0.144667 -0.120695 -0.00701122 -0.00286295  0.00188675  0.0556242 -0.0307201  0.0180859    3.77246 -0.0103265   -9.05455 
             202.102  12.5477  39.5188 -149.221  1.86577 -3.14079  5.28387 0 0 0   -0.011 -0.02329  0.04412  -0.279807  -0.144796 -0.0389481 -0.00698883 -0.00283224   0.0019368 0.0555852 -0.030547 0.0182204   3.77242 -0.010269  -9.05457 
             202.203  13.4898  38.4603 -147.999  1.83786 -3.15877  5.26856 0 0 0   -0.011 -0.02329  0.04412 -0.322832 -0.297564 -0.163381 -0.00695628 -0.00282393  0.00190804  0.0554134 -0.0307203  0.0185234    3.77245 -0.0103455   -9.05456 
             202.303  13.4085  38.3707 -147.867  1.80667 -3.18347  5.24879 0 0 0   -0.011 -0.02329  0.04412  -0.256053  -0.287788 -0.0618792 -0.00696775 -0.00280348  0.00198684 0.0548794 -0.030266 0.0192685    3.77226 -0.0102828   -9.05464 
             202.402  12.2433  39.3947 -147.953  1.78043 -3.21839  5.23874 0 0 0   -0.011 -0.02329  0.04412  -0.185626  -0.279838 -0.0953585  -0.0069312 -0.00279894  0.00201633  0.0543747 -0.0304331   0.018989    3.77213 -0.0104941   -9.05469 
             202.503  11.5818  39.1966 -147.602  1.76577 -3.24265  5.23528 0 0 0   -0.011 -0.02329  0.04412  -0.170977  -0.301476 -0.0826197 -0.00688362 -0.00273671  0.00200035  0.0548876 -0.0304271  0.0188244   3.77225 -0.010365  -9.05464 
             202.603  11.5458  38.3581 -147.564  1.7439 -3.2659 5.22715 0 0 0   -0.011 -0.02329  0.04412 -0.248241 -0.286206 -0.121008 -0.00690282 -0.00273899  0.00203791   0.055355 -0.0298987  0.0185464    3.77222 -0.0100963   -9.05465 
             202.702  12.6593  38.6832 -146.338  1.71242 -3.28148  5.21841 0 0 0   -0.011 -0.02329  0.04412   -0.2383 -0.209989 0.0117519 -0.00695312 -0.00278652  0.00200141  0.0554116 -0.0289211  0.0182169    3.77194 -0.0098099   -9.05477 
             202.803  13.3918  38.5766 -145.388 1.68517 -3.2943 5.20916 0 0 0   -0.011 -0.02329  0.04412  -0.209417  -0.187446 0.00257833 -0.00698269 -0.00278886  0.00200697  0.0550139 -0.0279778  0.0184087      3.7716 -0.00961766    -9.05491 
             202.903  13.9158  37.6616 -144.725  1.65215 -3.29644  5.19983 0 0 0   -0.011 -0.02329  0.04412  -0.264552  -0.168223 -0.0786529 -0.00691874 -0.00273078  0.00200675  0.0547959 -0.0265094  0.0184762     3.77115 -0.00923169     -9.0551 
             203.002  14.5388  36.9887 -144.282  1.62242 -3.31931  5.18495 0 0 0   -0.011 -0.02329  0.04412 -0.278891 -0.317594 -0.195671 -0.00693105  -0.0027252  0.00202447  0.0545831 -0.0264076  0.0185927     3.77108 -0.00925135    -9.05513 
             203.103 13.0501 38.1244 -144.65   1.5795 -3.34654  5.17195 0 0 0   -0.011 -0.02329  0.04412  -0.305049  -0.282186 -0.0852436 -0.00687747 -0.00281356  0.00203728  0.0535839 -0.0257164  0.0185814     3.77061 -0.00933394    -9.05532 
             203.203  12.0862  38.3647 -145.312  1.54909 -3.36178  5.15788 0 0 0   -0.011 -0.02329  0.04412 -0.284708 -0.186594 -0.092503 -0.00692247 -0.00278151  0.00205613  0.0536808 -0.0250924  0.0189074      3.7705 -0.00909707    -9.05537 
             203.302   13.484  38.3601 -144.015   1.5191 -3.37533  5.14278 0 0 0   -0.011 -0.02329  0.04412 -0.289133 -0.246227 -0.169042 -0.00695035 -0.00277846  0.00191351   0.053772 -0.0244874  0.0190226     3.77037 -0.00888589    -9.05543 
             203.404  12.6412  37.9214 -144.351   1.4797 -3.39642   5.1143 0 0 0   -0.011 -0.02329  0.04412 -0.360779 -0.229203 -0.234559 -0.00685125 -0.00272169  0.00189975  0.0531288 -0.0238228  0.0192709     3.77004 -0.00885716    -9.05556 
             203.503  14.2734  38.9871 -142.915  1.44474 -3.41657  5.10009 0 0 0   -0.011 -0.02329  0.04412 -0.313394 -0.186823 -0.127415  -0.0069526 -0.00277769  0.00186824  0.0531225 -0.0236352  0.0191389     3.76997 -0.00881701    -9.05559 
             203.603  14.6294  38.1454 -141.991  1.42431 -3.42867  5.09109 0 0 0   -0.011 -0.02329  0.04412  -0.254275  -0.169071 -0.0964232 -0.00689879 -0.00270788  0.00187555  0.0539065 -0.0235904  0.0192367     3.77018 -0.00857174    -9.05551 
             203.703  15.2624  37.2913 -141.375  1.39664 -3.44568  5.08108 0 0 0   -0.011 -0.02329  0.04412 -0.263139 -0.210037 -0.200622 -0.00690191 -0.00272102  0.00185309  0.0540721 -0.0235342  0.0189349     3.77017 -0.00853606    -9.05551 
             203.803  15.1027  36.9005 -141.387  1.36854 -3.46809  5.06444 0 0 0   -0.011 -0.02329  0.04412 -0.296548 -0.256064 -0.130523 -0.00685295 -0.00270791  0.00190267  0.0542845 -0.0234236  0.0188303     3.77019 -0.00845339     -9.0555 
             203.902  14.1377  37.3546 -141.844  1.34076 -3.50303  5.05798 0 0 0   -0.011 -0.02329  0.04412 -0.274579 -0.275778 -0.158139 -0.00687593 -0.00271618  0.00194299  0.0541627 -0.0239344  0.0186229     3.77028 -0.00864845    -9.05546 
             204.003 12.7333 37.8054 -142.39  1.31016 -3.51742  5.04765 0 0 0   -0.011 -0.02329  0.04412 -0.252554 -0.195808 -0.111602 -0.00684625 -0.00274321  0.00197146 0.0544904   -0.0234 0.0184006     3.77019 -0.00842573     -9.0555 
             204.103  14.4834  37.9073 -141.286  1.28983 -3.54198  5.03804 0 0 0   -0.011 -0.02329  0.04412 -0.244669 -0.269657 -0.163765  -0.0069265 -0.00273982  0.00190767  0.0548355 -0.0237758   0.018299     3.77038 -0.00843658    -9.05542 
             204.204  13.6449  37.9104 -141.705  1.26251 -3.56606  5.02436 0 0 0   -0.011 -0.02329  0.04412 -0.295826 -0.258967 -0.198989 -0.00687917 -0.00274589  0.00193665    0.05519 -0.0236214  0.0178896     3.77039 -0.00832868    -9.05542 
             204.303  14.8094  39.0038 -140.501  1.23395 -3.58573  5.01827 0 0 0   -0.011 -0.02329  0.04412  -0.271629  -0.183811 -0.0572789 -0.00694435 -0.00276987  0.00199374  0.0554362 -0.0233174  0.0176944     3.77034 -0.00819327    -9.05544 
             204.403  15.5219  38.1793 -138.918   1.211  -3.603 5.00974 0 0 0   -0.011 -0.02329  0.04412  -0.226038  -0.188966 -0.0268927 -0.00688689 -0.00275952  0.00183238  0.0555049 -0.0232517   0.017702     3.77034 -0.00815502    -9.05544 
             204.502  16.1422   37.453 -138.897 1.18628 -3.6229 5.00513 0 0 0   -0.011 -0.02329  0.04412  -0.249197   -0.24839 -0.0655231 -0.00693596 -0.00272045  0.00202431  0.0554017 -0.0230779  0.0178491     3.77028 -0.00812462    -9.05546 
             204.603  16.6228  36.7702 -138.243 1.15429 -3.6452  4.9979 0 0 0   -0.011 -0.02329  0.04412 -0.342128 -0.275904 0.0686797 -0.00686929 -0.00271867  0.00187492  0.0554356 -0.0224132  0.0178075      3.7701 -0.00794341    -9.05554 
             204.703  15.6212  37.5539 -138.568  1.11752 -3.67829  4.99745 0 0 0   -0.011 -0.02329  0.04412  -0.30778 -0.290495 0.0329296 -0.00687733  -0.0027541  0.00194838  0.0545966 -0.0222205  0.0183231     3.76989 -0.00809139    -9.05563 
             204.803  14.0688  37.6105 -139.173  1.08776 -3.69546  4.98822 0 0 0   -0.011 -0.02329  0.04412 -0.282688 -0.212246 0.0177305 -0.00691151 -0.00275274  0.00200671 0.0542733 -0.021712 0.0193707     3.76976 -0.00795963    -9.05568 
             204.903  15.4923   37.434 -138.051  1.06516 -3.71141  4.97329 0 0 0   -0.011 -0.02329  0.04412  -0.26529  -0.26745 -0.082267 -0.00701373 -0.00278363  0.00194498   0.054112 -0.0212573  0.0206933    3.76972 -0.0077686    -9.0557 
             205.003  14.2159  37.0006 -138.602  1.04373 -3.73445  4.95315 0 0 0   -0.011 -0.02329  0.04412 -0.296304 -0.245464 -0.152165 -0.00692788 -0.00272899  0.00202912   0.054109 -0.0212185  0.0218255      3.7698 -0.00765337    -9.05566 
             205.103  16.2958  38.0836 -136.256 1.02284 -3.7557 4.94226 0 0 0   -0.011 -0.02329  0.04412  -0.236409  -0.185308 -0.0507008 -0.00699498 -0.00283158  0.00191167  0.0541015 -0.0213124  0.0224363     3.76988 -0.00762095    -9.05563 
             205.203  16.6129  36.9634 -135.008  1.00453 -3.77845  4.93241 0 0 0   -0.011 -0.02329  0.04412  -0.201257   -0.17887 -0.0570867 -0.00694014  -0.0027107  0.00187802  0.0538081 -0.0216031  0.0227344    3.76992 -0.0077513   -9.05561 
             205.303  17.3331  36.0706 -134.422 0.982706 -3.79981  4.92122 0 0 0   -0.011 -0.02329  0.04412 -0.222573 -0.228046 -0.151151 -0.00698852 -0.00272786  0.00194931  0.0535924 -0.0216466  0.0227811     3.76989 -0.00782151    -9.05562 
             205.402  17.7969  35.3375 -133.957 0.954639 -3.82795  4.89984 0 0 0   -0.011 -0.02329  0.04412   -0.295205   -0.263356 -0.00824788 -0.00695844  -0.0027366  0.00191093 0.0531616 -0.021271 0.0229617      3.7697 -0.00784172     -9.0557 
             205.503  16.7159  36.5958 -133.841  0.92155 -3.85382  4.89829 0 0 0   -0.011 -0.02329  0.04412  -0.255154   -0.27958 -0.0563499 -0.00686002 -0.00281947  0.00193436  0.0529595 -0.0207538  0.0226464    3.76948 -0.0078097    -9.0558 
             205.603  15.3544   36.435 -134.384 0.898975  -3.8759  4.89629 0 0 0   -0.011 -0.02329  0.04412  -0.222706  -0.222819 -0.0542596 -0.00691352 -0.00274026  0.00198739  0.0532645 -0.0208654  0.0226393     3.76958 -0.00774335    -9.05576 
             205.703  16.8295   36.189 -133.171 0.879717 -3.90533  4.88775 0 0 0   -0.011 -0.02329  0.04412 -0.233072 -0.301769 -0.105668 -0.00700607 -0.00280613  0.00194759  0.0531579 -0.0211702  0.0228403     3.76966 -0.00782727    -9.05572 
             205.803  15.7087   35.745 -133.475 0.852196 -3.93717  4.87138 0 0 0   -0.011 -0.02329  0.04412  -0.267267  -0.265278 -0.0992999 -0.00692724 -0.00276706  0.00198625 0.0528644 -0.021119 0.0229902     3.76959 -0.00789096    -9.05575 
             205.903  17.7367  36.8906 -131.378 0.826699 -3.95659  4.86037 0 0 0   -0.011 -0.02329  0.04412 -0.231787 -0.205186  -0.09532 -0.00700183 -0.00285147  0.00192729  0.0528355 -0.0208662  0.0234403     3.76955 -0.00779749    -9.05577 
             206.003  17.5559  35.7039 -130.776 0.807166 -3.98125  4.85001 0 0 0   -0.011 -0.02329  0.04412  -0.225041  -0.201367 -0.0863814 -0.00688615 -0.00276663  0.00188699  0.0525505 -0.0212074  0.0236586     3.76961 -0.00793923    -9.05574 
             206.103  18.4713  34.5556 -130.093 0.781384 -4.00191  4.83685 0 0 0   -0.011 -0.02329  0.04412 -0.260578 -0.249923 -0.176348 -0.00694922 -0.00270869  0.00193967  0.0525072 -0.0210463   0.023564     3.76954 -0.00792696    -9.05577 
             206.202  18.6683  34.0921 -130.003 0.760833 -4.03209  4.82613 0 0 0   -0.011 -0.02329  0.04412  -0.258519  -0.287522 -0.0406945 -0.00697226 -0.00272727  0.00197068  0.0528974 -0.0213459  0.0234429      3.7697 -0.00788241     -9.0557 
             206.303  18.2179  35.2815 -129.763 0.740536 -4.05774  4.81995 0 0 0   -0.011 -0.02329  0.04412 -0.209338 -0.288131  -0.12645 -0.00696272 -0.00280707  0.00196237  0.0531383 -0.0212245  0.0237325     3.76973 -0.00775192    -9.05569 
             206.403  16.7932  35.4135 -130.335 0.717779 -4.08634  4.81171 0 0 0   -0.011 -0.02329  0.04412 -0.195604 -0.250821 -0.092646 -0.00689367 -0.00275221  0.00200985  0.0529672 -0.0213436  0.0234911    3.76972 -0.0078548    -9.0557 
             206.503  17.9804   35.131 -129.402 0.699757 -4.12132  4.80342 0 0 0   -0.011 -0.02329  0.04412 -0.197885 -0.338509 -0.142745 -0.00694447 -0.00274303  0.00192832  0.0529097 -0.0217854  0.0231634     3.76982 -0.00799712    -9.05565 
             206.602  17.1122  34.9033 -129.737 0.676593 -4.15008   4.7866 0 0 0   -0.011 -0.02329  0.04412 -0.241899  -0.34314 -0.174986 -0.00688299 -0.00272796  0.00194324  0.0531239 -0.0214712  0.0231871     3.76977 -0.00786265    -9.05568 
             206.703  18.8204  35.9682 -127.983 0.646085 -4.18245  4.78312 0 0 0   -0.011 -0.02329  0.04412  -0.251078  -0.297048 -0.0153096 -0.00693165 -0.00279684  0.00191849   0.052889 -0.0209872  0.0229601   3.76956 -0.007862  -9.05576 
             206.803  18.7517  34.8713 -127.442 0.615395 -4.20333  4.78295 0 0 0   -0.011 -0.02329  0.04412 -0.272494 -0.267856 0.0340487 -0.00699639 -0.00274714  0.00195137  0.0530943 -0.0204096  0.0226311     3.7694 -0.0077156   -9.05583 
             206.903  19.3235  34.1286 -127.056 0.591306 -4.22683  4.77599 0 0 0   -0.011 -0.02329  0.04412 -0.257204 -0.310177 -0.103065 -0.00704276 -0.00275424  0.00194333  0.0531598 -0.0202757  0.0232437     3.76941 -0.00760416    -9.05583 
             207.003  18.8837  33.9259 -126.892 0.565304 -4.25894  4.75643 0 0 0   -0.011 -0.02329  0.04412  -0.270558  -0.349041 -0.0309722 -0.00695586 -0.00280056  0.00182304  0.0527598 -0.0199581  0.0240671     3.76929 -0.00758325    -9.05587 
             207.102  18.5132  34.3022 -127.142 0.545382 -4.28528  4.74948 0 0 0   -0.011 -0.02329  0.04412 -0.238831 -0.323744 -0.106115 -0.00704387  -0.0028325  0.00190672  0.0531792 -0.0197517  0.0248392     3.76936 -0.00733075    -9.05585 
             207.203   16.792  34.8111 -127.819 0.524815 -4.31409   4.7353 0 0 0   -0.011 -0.02329  0.04412   -0.2083 -0.270818 -0.106019 -0.00696283 -0.00280119  0.00196401  0.0529839 -0.0198688  0.0254254      3.7694 -0.00735533    -9.05583 
             207.303  18.3739  34.9729 -126.931 0.502863 -4.34052  4.72041 0 0 0   -0.011 -0.02329  0.04412  -0.20123 -0.332035 -0.176133 -0.00707766 -0.00282154  0.00192376  0.0530395 -0.0196277  0.0255393    3.76934 -0.0072806   -9.05586 
             207.403  17.9092  35.2649 -127.251 0.484266 -4.37039  4.70505 0 0 0   -0.011 -0.02329  0.04412 -0.219778 -0.354267 -0.231543 -0.00702559 -0.00281743  0.00191871  0.0535499 -0.0196762  0.0254186     3.76943 -0.00714007    -9.05582 
             207.502  18.6224   36.172 -126.708 0.46373 -4.4029 4.70103 0 0 0   -0.011 -0.02329  0.04412 -0.226478 -0.262261 -0.085412 -0.00711468 -0.00285885  0.00200681  0.0537725 -0.0198371  0.0251258      3.7695 -0.00713063    -9.05579 
             207.603 18.7143 35.2503 -125.87 0.436142 -4.43145  4.69416 0 0 0   -0.011 -0.02329  0.04412  -0.221902  -0.250027 -0.0353228 -0.00705307 -0.00278351  0.00185819 0.0534955 -0.019625 0.0244652    3.76935 -0.0072507   -9.05585 
             207.703  19.7686  34.6331 -126.102 0.413973 -4.45349  4.68574 0 0 0   -0.011 -0.02329  0.04412 -0.213939 -0.286964 -0.153685 -0.00711962 -0.00276984   0.0019429  0.0537106 -0.0194447  0.0244846     3.76933 -0.00714804    -9.05586 
             207.802  19.5431  34.5677 -126.912 0.387707 -4.48362  4.66764 0 0 0   -0.011 -0.02329  0.04412  -0.289385  -0.311358 -0.0417852 -0.00707539 -0.00276589  0.00202622  0.0536063 -0.0191284  0.0245648    3.76922 -0.0071144    -9.0559 
             207.903  19.2194    34.62 -127.431 0.355552 -4.51229   4.6645 0 0 0   -0.011 -0.02329  0.04412  -0.259726  -0.330624 -0.0486926 -0.00708944 -0.00278458  0.00195725  0.0535952 -0.0186461  0.0244344     3.76906 -0.00704412    -9.05597 
             208.003  17.1269  35.2744 -128.864 0.321632 -4.53388  4.65399 0 0 0   -0.011 -0.02329  0.04412  -0.284169  -0.219675 -0.0777976 -0.00697403 -0.00282041  0.00196968  0.0536059 -0.0180704  0.0244735     3.76889 -0.00693217    -9.05604 
             208.103  18.161 35.9595 -129.09 0.298381 -4.55486  4.64176 0 0 0   -0.011 -0.02329  0.04412 -0.265178 -0.275589 -0.149962 -0.00707275 -0.00284047  0.00191906  0.0538175 -0.0180739  0.0247552     3.76894 -0.00683835    -9.05602 
             208.203  17.4315  36.5321 -130.596 0.270311 -4.57824  4.62079 0 0 0   -0.011 -0.02329  0.04412 -0.300255 -0.280074 -0.224464 -0.00704505 -0.00282655   0.0020004  0.0539242 -0.0177564  0.0250211     3.76888 -0.00671982    -9.05604 
             208.303  17.5447  37.6165 -130.964 0.246792 -4.60103   4.6128 0 0 0   -0.011 -0.02329  0.04412  -0.312041   -0.21626 -0.0163158 -0.00701512 -0.00286503  0.00184232    0.05428 -0.0178655  0.0253112      3.769 -0.0066024     -9.056 
             208.402  16.1666  36.8543 -132.729  0.22299 -4.61281  4.60949 0 0 0   -0.011 -0.02329  0.04412   -0.23562  -0.156009 -0.0285343 -0.00699973 -0.00276872  0.00197134  0.0548842 -0.0178458  0.0253755      3.7691 -0.00641122    -9.05595 
             208.503  17.3231  37.0034 -133.415 0.197182 -4.62594  4.60333 0 0 0   -0.011 -0.02329  0.04412 -0.255037 -0.148118 -0.119666 -0.00708974  -0.0027973   0.0019459  0.0549301 -0.0177512  0.0255313     3.76909 -0.00636318    -9.05596 
             208.603  18.2979  36.8221 -134.041  0.16065 -4.65392   4.5822 0 0 0   -0.011 -0.02329  0.04412 -0.307314 -0.248012 -0.172181 -0.00710161 -0.00277614  0.00193941  0.0538596 -0.0176667  0.0254876     3.76887 -0.00666085    -9.05605 
             208.703   17.834  37.1152 -135.524 0.128555 -4.67993  4.57036 0 0 0   -0.011 -0.02329  0.04412   -0.29031  -0.272795 -0.0545375 -0.00706499 -0.00278784  0.00198816  0.0536511 -0.0177009  0.0256041     3.76885 -0.00671611    -9.05606 
             208.803   16.173  37.5208 -137.779 0.0984089  -4.70335    4.5573 0 0 0   -0.011 -0.02329  0.04412 -0.293939 -0.182031 -0.151138 -0.00698345 -0.00275449  0.00194658  0.0536015 -0.0175215  0.0257142      3.7688 -0.00668262    -9.05608 
             208.903  14.9397  38.7576 -139.233 0.073226 -4.71939  4.54203 0 0 0   -0.011 -0.02329  0.04412 -0.231905 -0.214036 -0.191936 -0.00699667 -0.00283699   0.0019747 0.0537935 -0.017474 0.0257823     3.76883 -0.00661359    -9.05607 
             209.002 14.3392 39.0055 -141.25 0.0471456  -4.73785   4.52176 0 0 0   -0.011 -0.02329  0.04412 -0.241761 -0.270741 -0.226928 -0.00701835 -0.00274297  0.00198457   0.054034 -0.0169999  0.0257212     3.76875 -0.00645023     -9.0561 
             209.103  13.8669  39.9023 -142.619 0.0164573  -4.76063    4.5059 0 0 0   -0.011 -0.02329  0.04412 -0.256222 -0.229267 -0.094394 -0.00699107 -0.00278758  0.00191356  0.0541672 -0.0166253  0.0252049     3.76864 -0.00637466    -9.05615 
             209.203  11.9727  39.9939 -144.469 -0.0187745   -4.77179    4.50039 0 0 0   -0.011 -0.02329  0.04412   -0.26501  -0.116926 -0.0847107 -0.00690227 -0.00266619  0.00188799  0.0542674 -0.0160995  0.0247357     3.76849 -0.00626724    -9.05621 
             209.303  12.8595  40.0693 -145.358 -0.0478786   -4.78396    4.49681 0 0 0   -0.011 -0.02329  0.04412 -0.267703 -0.115808   -0.0421 -0.00704999 -0.00276729  0.00194542  0.0541648 -0.0159961  0.0244012     3.76841 -0.00629566    -9.05624 
             209.403  14.3461  39.4976 -146.359 -0.0764537   -4.79088     4.4875 0 0 0   -0.011 -0.02329  0.04412 -0.317287 -0.119529 -0.115814 -0.00713021 -0.00271513  0.00193501  0.0543066 -0.0157102  0.0244232     3.76838 -0.00619111    -9.05625 
             209.503  14.1063  39.5333 -148.028 -0.115376   -4.8087   4.46762 0 0 0   -0.011 -0.02329  0.04412  -0.343099  -0.134311 -0.0623888 -0.00705147 -0.00273928  0.00189781  0.0537034 -0.0154337  0.0245083     3.76819 -0.00625278    -9.05633 
             209.603  12.3452  40.7832 -150.611 -0.146403  -4.82391   4.45954 0 0 0   -0.011 -0.02329  0.04412 -0.288297 -0.186589 -0.135213 -0.00700511 -0.00279507  0.00203623  0.0537003 -0.0152187  0.0247423     3.76817 -0.00618262    -9.05634 
             209.703   9.8282  40.6189 -153.414 -0.18873 -4.83428  4.44284 0 0 0   -0.011 -0.02329  0.04412 -0.291952 -0.143606 -0.132092 -0.00699413  -0.0027183  0.00201552  0.0530696 -0.0144816  0.0243831     3.76783 -0.00614903    -9.05648 
             209.803  9.86084  40.7931 -154.921 -0.220212  -4.84667   4.42498 0 0 0   -0.011 -0.02329  0.04412 -0.319357 -0.178807 -0.218871 -0.00708683  -0.0027213  0.00194317  0.0530998 -0.0142148    0.02434    3.76778 -0.0060752    -9.0565 
             209.903  7.9989 40.7349 -157.66 -0.262716  -4.86419   4.40016 0 0 0   -0.011 -0.02329  0.04412  -0.37816 -0.112697 -0.246194 -0.00703338 -0.00271805  0.00199321  0.0525767 -0.0140743  0.0240534      3.7676 -0.00615395    -9.05658 
             210.003 8.34203 42.8033 -158.08 -0.290555  -4.87018   4.38753 0 0 0   -0.011 -0.02329  0.04412  -0.343796 -0.0770038  -0.105414  -0.0069945 -0.00282145  0.00186437  0.0530788 -0.0139903  0.0244252     3.76775 -0.00602009    -9.05652 
             210.103  6.38226  41.6701 -160.315 -0.321567  -4.86876   4.38319 0 0 0   -0.011 -0.02329  0.04412  -0.293203 -0.0146993 -0.0703274 -0.00700934 -0.00270655  0.00191951  0.0535997 -0.0137318  0.0240694      3.7678 -0.00587858     -9.0565 
             210.202 7.17115   41.61 -161.77 -0.356175  -4.88017    4.3742 0 0 0   -0.011 -0.02329  0.04412 -0.324391 -0.058285 -0.115389 -0.00711626 -0.00270466    0.001935   0.053216 -0.0141733  0.0238362    3.76775 -0.0060767   -9.05652 
             210.303  7.10766  41.0976 -163.646 -0.393922  -4.88648   4.35276 0 0 0   -0.011 -0.02329  0.04412 -0.386465 -0.156004 -0.249837 -0.00707879 -0.00266471  0.00193858  0.0529018 -0.0140036  0.0240915     3.76767 -0.00606233    -9.05655 
             210.402  5.34815  41.2053 -166.156 -0.435452  -4.89017   4.33811 0 0 0   -0.011 -0.02329  0.04412  -0.383045 -0.0931015  -0.150287 -0.00704402 -0.00269325  0.00201436   0.052731 -0.0134917  0.0243806     3.76758 -0.00592527    -9.05659 
             210.503  2.55095  41.3953 -169.268 -0.465203  -4.88898   4.32275 0 0 0   -0.011 -0.02329  0.04412  -0.32914 0.0102634  -0.11823 -0.00696194 -0.00269009  0.00199285  0.0532104 -0.0132568  0.0246511     3.76771 -0.00578444    -9.05653 
             210.603  2.88037  42.0329 -170.909 -0.497122  -4.88875    4.3107 0 0 0   -0.011 -0.02329  0.04412  -0.325577 -0.0468772  -0.208131 -0.00704541 -0.00269952  0.00193392  0.0535175 -0.0131397    0.02421    3.76774 -0.0057284   -9.05652 
             210.703  1.87259  42.1991 -173.499 -0.526094    -4.891   4.29151 0 0 0   -0.011 -0.02329  0.04412  -0.343341 -0.0243808  -0.256698 -0.00703726  -0.0026862   0.0019444  0.0539804 -0.0131233  0.0242154     3.76786 -0.00567516    -9.05647 
             210.802 0.985253  43.1038 -175.647 -0.561532  -4.89443   4.27259 0 0 0   -0.011 -0.02329  0.04412   -0.336675 -0.00677875   -0.122866 -0.00700093 -0.00271743  0.00193551  0.0538958 -0.0131109  0.0241811     3.76783 -0.00568002    -9.05648 
             210.903 -0.551878   42.7239  -177.576 -0.590463   -4.8823   4.26307 0 0 0   -0.011 -0.02329  0.04412 -0.261936 0.0794224 -0.109691 -0.00701202 -0.00270232  0.00196538  0.0542269 -0.0126768  0.0240535     3.76788 -0.00552555    -9.05646 
             211.002 0.388008  42.6948 -178.725 -0.620682   -4.8791   4.25294 0 0 0   -0.011 -0.02329  0.04412 -0.284297 0.0912506 -0.124892 -0.00704337 -0.00268902  0.00197126  0.0540345 -0.0130042  0.0238816     3.76783 -0.00564126    -9.05648 
             211.102  1.42418  41.9712 -179.931 -0.658975  -4.86184   4.23934 0 0 0   -0.011 -0.02329  0.04412 -0.359525  0.048634 -0.242588 -0.00704905 -0.00262498   0.0019179  0.0539167 -0.0124777  0.0232635     3.76771 -0.00549504    -9.05654 
             211.203 1.45812 41.8694 178.419 -0.704046  -4.85856   4.21905 0 0 0   -0.011 -0.02329  0.04412  -0.360489  0.0529873 -0.0985873  -0.0070199 -0.00264026  0.00188592  0.0533915 -0.0126467  0.0229027     3.76753 -0.00557107    -9.05661 
             211.303 -1.70504  42.5765  174.438 -0.738034  -4.85714   4.20574 0 0 0   -0.011 -0.02329  0.04412 -0.309611 0.0973922 -0.164998 -0.00685519 -0.00265823  0.00198632  0.0535547 -0.0128898  0.0227077     3.76756 -0.00563945     -9.0566 
             211.403 -3.66538  42.5712  172.045 -0.766204  -4.84828   4.19676 0 0 0   -0.011 -0.02329  0.04412 -0.278627 0.0780649 -0.161698 -0.00676068 -0.00264159  0.00200446 0.0538886 -0.013014 0.0222755      3.7676 -0.00566584    -9.05658 
             211.503 -3.7756 42.1195 170.399 -0.800116  -4.85271   4.18118 0 0 0   -0.011 -0.02329  0.04412 -0.332146 0.0335862 -0.203933 -0.00682612 -0.00261847  0.00198946  0.0539356 -0.0136033  0.0218317     3.76757 -0.00583832    -9.05659 
             211.602 -4.62519  42.1531  169.094 -0.843814  -4.85052   4.16015 0 0 0   -0.011 -0.02329  0.04412   -0.353777 -0.00786133    -0.11191 -0.00677057 -0.00260533  0.00199467  0.0534089 -0.0136414  0.0214745     3.76738 -0.00584055    -9.05667 
             211.703 -5.63652  42.0321  168.504 -0.881455   -4.8515   4.15154 0 0 0   -0.011 -0.02329  0.04412 -0.299658 0.0543475 -0.130622 -0.00673533 -0.00259573  0.00191774  0.0533633 -0.0139635  0.0211313     3.76733 -0.00592951    -9.05669 
             211.803 -4.42443  41.9796  168.828 -0.908456  -4.84319   4.14322 0 0 0   -0.011 -0.02329  0.04412   -0.29608  0.0766529 -0.0624792 -0.00683621  -0.0026245   0.0018837  0.0534098 -0.0137361  0.0211692     3.76735 -0.00586374    -9.05668 
             211.902 -2.53251  41.3839  169.467 -0.932911  -4.82821   4.12932 0 0 0   -0.011 -0.02329  0.04412 -0.318952  0.114962 -0.155568 -0.00683459 -0.00260247   0.0018477  0.0535285 -0.0133465  0.0215123     3.76744 -0.00576087    -9.05665 
             212.003 -2.92092   41.133  168.235 -0.966695  -4.81227   4.11341 0 0 0   -0.011 -0.02329  0.04412 -0.349767 0.0987796 -0.090235 -0.00678737 -0.00257882  0.00189313  0.0535558 -0.0128108  0.0213905     3.76746 -0.00560108    -9.05664 
             212.103 -4.16239  41.8388  166.897 -1.00314 -4.80127  4.10782 0 0 0   -0.011 -0.02329  0.04412  -0.33959 0.0635106 -0.125392 -0.00677768 -0.00260452  0.00191344 0.0535023 -0.012412 0.0212851     3.76746 -0.00547875    -9.05664 
             212.202 -6.14792  41.6056  165.599 -1.02934 -4.79381  4.09527 0 0 0   -0.011 -0.02329  0.04412  -0.275977  0.0780573 -0.0995664 -0.00668083 -0.00261582  0.00193339   0.053612 -0.0124587  0.0217267     3.76753 -0.00551392    -9.05661 
             212.302 -5.29238  41.7286  165.835 -1.06489 -4.78375  4.07855 0 0 0   -0.011 -0.02329  0.04412 -0.326243  0.066183 -0.206307 -0.00678467 -0.00261173  0.00187374 0.0531764 -0.012324 0.0215919     3.76741 -0.00544711    -9.05666 
             212.403 -6.74701  41.4995  164.649 -1.10113  -4.7805  4.05589 0 0 0   -0.011 -0.02329  0.04412 -0.352997  0.108217 -0.229648 -0.00673479 -0.00262472  0.00193002  0.0530605 -0.0126822   0.021544     3.76735 -0.00554145    -9.05668 
             212.502 -5.98778  42.7544   165.01 -1.13522 -4.77252  4.04299 0 0 0   -0.011 -0.02329  0.04412  -0.304484  0.0899691 -0.0888085 -0.00676849 -0.00268619  0.00185966  0.0529517 -0.0125934  0.0215891     3.76733 -0.00551114    -9.05669 
             212.603 -5.53018  42.0957  166.284 -1.16423 -4.76582  4.03384 0 0 0   -0.011 -0.02329  0.04412  -0.264391  0.0514734 -0.0535256 -0.00672712 -0.00256442  0.00181353 0.0530196 -0.012668 0.0213122     3.76732 -0.00552685     -9.0567 
             212.703 -4.47546  41.5712  166.845 -1.18875 -4.75416  4.02842 0 0 0   -0.011 -0.02329  0.04412 -0.279851 0.0809319 -0.153382 -0.00678065 -0.00257521  0.00181856  0.0532919 -0.0123134   0.021157      3.7674 -0.00543883    -9.05666 
             212.802 -3.9321 41.1634 167.266 -1.21897 -4.74956  4.01316 0 0 0   -0.011 -0.02329  0.04412   -0.36671  0.0669797 -0.0502558 -0.00679185 -0.00262946  0.00180923  0.0535289 -0.0124427   0.021111     3.76744 -0.00548871    -9.05664 
             212.903 -4.92033  41.4134  166.862 -1.26048  -4.7544  4.00429 0 0 0   -0.011 -0.02329  0.04412   -0.348707 -0.00248198  -0.0853722 -0.00672114 -0.00263903  0.00182511  0.0531061 -0.0130135  0.0212015      3.7673 -0.00562623     -9.0567 
             213.003 -6.10978  41.4859  166.548 -1.29465 -4.76006   3.9928 0 0 0   -0.011 -0.02329  0.04412  -0.298447  0.0125936 -0.0411469 -0.00671803 -0.00260962  0.00175668  0.0529535 -0.0136187  0.0214095     3.76724 -0.00579446    -9.05673 
             213.103 -4.70122  41.8099  167.552   -1.325 -4.75401  3.97768 0 0 0   -0.011 -0.02329  0.04412  -0.334847 -0.0120796  -0.156543 -0.00679886 -0.00262406  0.00174946  0.0526005 -0.0131944  0.0218211     3.76722 -0.00566964    -9.05674 
             213.203 -5.95762  41.4325    167.1 -1.35352 -4.74868  3.96099 0 0 0   -0.011 -0.02329  0.04412 -0.341329 0.0520703 -0.184904 -0.00672975 -0.00261143  0.00180972  0.0528153 -0.0128461  0.0220925     3.76732 -0.00559411     -9.0567 
             213.303 -4.6653 42.9726 168.261 -1.38765 -4.74299  3.94989 0 0 0   -0.011 -0.02329  0.04412  -0.289716  0.0650557 -0.0578734  -0.0068014 -0.00267349  0.00171329  0.0526173 -0.0126973  0.0220135     3.76727 -0.00553895    -9.05672 
             213.403 -4.28101  42.3303  169.666 -1.41651 -4.73626  3.93339 0 0 0   -0.011 -0.02329  0.04412  -0.241151  0.0662918 -0.0808537 -0.00672646 -0.00259605  0.00170583  0.0521497 -0.0127584  0.0223363     3.76718 -0.00553991    -9.05675 
             213.503 -3.49052  41.7704  170.406   -1.451 -4.72507  3.92316 0 0 0   -0.011 -0.02329  0.04412 -0.305701 0.0498112 -0.120036   -0.006776 -0.00260894   0.0017716  0.0516187 -0.0125339   0.022106     3.76704 -0.00544358    -9.05681 
             213.603 -2.57991  41.0182  171.397 -1.48781 -4.73066  3.90811 0 0 0   -0.011 -0.02329  0.04412  -0.421938 0.00259812   -0.13918 -0.00677969 -0.00258913  0.00167094  0.0516281 -0.0132033  0.0220009     3.76699 -0.00562669    -9.05683 
             213.702 -3.78233  41.3414  170.865 -1.54112 -4.72944  3.89981 0 0 0   -0.011 -0.02329  0.04412  -0.449922  0.0132928 -0.0488952 -0.00675781 -0.00267223  0.00182905  0.0509297 -0.0132836  0.0220338     3.76681 -0.00561996    -9.05691 
             213.801 -4.95439  41.6767   170.47 -1.58101 -4.72812  3.88574 0 0 0   -0.011 -0.02329  0.04412   -0.37688  0.0604437 -0.0657335 -0.00681444 -0.00267194  0.00184587  0.0506774 -0.0135737  0.0228277      3.7668 -0.00571243    -9.05691 
             213.903 -3.2493 42.1323 171.722 -1.62258 -4.72393  3.86151 0 0 0   -0.011 -0.02329  0.04412 -0.420198 0.0164843 -0.178877 -0.00696126 -0.00267362  0.00189979  0.0498582 -0.0135909  0.0237356     3.76668 -0.00570989    -9.05696 
             214.003 -4.17865  41.7144  171.789 -1.65664 -4.72252   3.8399 0 0 0   -0.011 -0.02329  0.04412 -0.426615  0.047152 -0.207763 -0.00681695 -0.00261536  0.00185904  0.0501555 -0.0136119  0.0242716      3.7668 -0.00573748    -9.05691 
             214.103 -3.02453  42.9387  173.018 -1.68904 -4.72044  3.82913 0 0 0   -0.011 -0.02329  0.04412 -0.325538 0.0462022 -0.129336 -0.00688744 -0.00264946  0.00177082  0.0507103 -0.0136827  0.0243406     3.76695 -0.00577576    -9.05685 
             214.203 -2.51589  42.8315  174.441 -1.71911 -4.71648  3.81082 0 0 0   -0.011 -0.02329  0.04412 -0.268987 0.0368706  -0.14899 -0.00685592 -0.00262355  0.00183337  0.0505254 -0.0137469  0.0246885     3.76693 -0.00579434    -9.05686 
             214.303 -1.31098  42.2776  175.923 -1.73466 -4.70837  3.80586 0 0 0   -0.011 -0.02329  0.04412 -0.268777 0.0576189 -0.174918 -0.00685855 -0.00260058  0.00173814  0.0514164 -0.0134497  0.0248558     3.76718 -0.00573745    -9.05675 
             214.402 0.0106819   41.4697   177.152 -1.75787 -4.70878  3.78986 0 0 0   -0.011 -0.02329  0.04412  -0.347515 -0.0573064  -0.231549 -0.00687791 -0.00259784   0.0017608 0.0520696 -0.013694 0.0248625     3.76734 -0.00581739    -9.05669 
             214.503 -1.2011 41.9928 177.091 -1.78485 -4.71874  3.78501 0 0 0   -0.011 -0.02329  0.04412  -0.306087 -0.0689823 -0.0709579 -0.00674676 -0.00265965  0.00176913  0.0526165 -0.0141043  0.0248593     3.76747 -0.00593704    -9.05663 
             214.603 -2.35327  42.0319  176.727 -1.81529 -4.72449  3.77422 0 0 0   -0.011 -0.02329  0.04412  -0.263672 -0.0047703 -0.0559051 -0.00676457 -0.00264518   0.0017619  0.0524272 -0.0142609  0.0248613     3.76742 -0.00597846    -9.05666 
             214.702 -0.774401   42.0771    178.55 -1.85182 -4.72511   3.7617 0 0 0   -0.011 -0.02329  0.04412  -0.300306 -0.0525406  -0.126877 -0.00681803  -0.0026128  0.00162647   0.051809 -0.0141367  0.0246153     3.76724 -0.00593908    -9.05673 
             214.802 -1.24842  41.4618   178.69 -1.88625 -4.72989  3.74554 0 0 0   -0.011 -0.02329  0.04412 -0.347931 -0.019702 -0.197757 -0.00677061 -0.00260724  0.00168659  0.0517886 -0.0141664  0.0245277     3.76723 -0.00594632    -9.05673 
             214.903 0.0928328   42.3978  -179.947  -1.9215 -4.73244  3.73267 0 0 0   -0.011 -0.02329  0.04412  -0.272553 -0.0158096  -0.158476  -0.0068369 -0.00266114  0.00165256  0.0516976 -0.0141903  0.0243183     3.76719 -0.00595189    -9.05675 
             215.003 0.655588  42.0219 -178.854   -1.946 -4.73097  3.72014 0 0 0   -0.011 -0.02329  0.04412  -0.246322 -0.0114001 -0.0973349  -0.0068549 -0.00263772  0.00176357  0.0517961 -0.0139782  0.0242673     3.76721 -0.00589336    -9.05674 
             215.102 1.53532 41.3034 -177.62 -1.97473 -4.73353  3.70767 0 0 0   -0.011 -0.02329  0.04412    -0.269519 -0.000663917    -0.195085 -0.00681638 -0.00262497  0.00171659  0.0516918 -0.0141727  0.0241243     3.76717 -0.00594687    -9.05676 
             215.203  2.77248  40.4761 -176.577 -2.00386    -4.74   3.6861 0 0 0   -0.011 -0.02329  0.04412 -0.357631 -0.109819 -0.263943 -0.00683996 -0.00260482   0.0017166  0.0518812 -0.0143303  0.0241259     3.76722 -0.00598544    -9.05674 
             215.302 0.603573  41.6403 -177.421 -2.04632 -4.75397  3.67659 0 0 0   -0.011 -0.02329  0.04412   -0.3406 -0.105397  -0.10562 -0.00668131 -0.00267936  0.00175601  0.0517135 -0.0145242  0.0234786     3.76712 -0.00603917    -9.05678 
             215.402 -0.486215   41.7443  -177.617 -2.08313 -4.76501  3.66837 0 0 0   -0.011 -0.02329  0.04412  -0.309811 -0.0455161 -0.0747953 -0.00677027 -0.00267393  0.00178587  0.0517147 -0.0148488  0.0229368     3.76708 -0.00612395    -9.05679 
             215.503  1.48351   41.851 -176.028 -2.1123 -4.7613  3.6578 0 0 0   -0.011 -0.02329  0.04412  -0.324567 -0.0785592  -0.161626 -0.00683177 -0.00266909  0.00168468  0.0518893 -0.0141469  0.0229386     3.76711 -0.00593129    -9.05678 
             215.603 0.608207  41.2552 -176.597 -2.14613 -4.76195  3.64123 0 0 0   -0.011 -0.02329  0.04412 -0.364092 -0.009689 -0.196484 -0.00682892 -0.00262907  0.00182628  0.0520451 -0.0138266  0.0228668   3.76713 -0.005841  -9.05677 
             215.702  2.13688  42.4983 -175.226 -2.17773 -4.77188  3.63687 0 0 0   -0.011 -0.02329  0.04412  -0.305689 -0.0406392 -0.0443028 -0.00683745 -0.00269429  0.00177874  0.0521873 -0.0139884  0.0229121     3.76717 -0.00587776    -9.05676 
             215.803  2.72571  41.6702 -173.829 -2.20786 -4.76631  3.63112 0 0 0   -0.011 -0.02329  0.04412  -0.265158 0.00693967 0.00448837 -0.00678656 -0.00258445  0.00163185  0.0520254 -0.0134811  0.0230352     3.76713 -0.00575039    -9.05678 
             215.903  3.56858  40.8545 -173.294  -2.2346 -4.76694  3.61762 0 0 0   -0.011 -0.02329  0.04412  -0.297144 -0.0267931  -0.106549 -0.00685615 -0.00259289  0.00169488  0.0515672 -0.0134831  0.0238545     3.76709 -0.00576447    -9.05679 
             216.003 3.94183 40.1562 -172.91 -2.26212 -4.77068  3.59672 0 0 0   -0.011 -0.02329  0.04412   -0.335047  -0.0535297 -0.00725161 -0.00683925 -0.00257999  0.00168919   0.051373 -0.0131662  0.0245298     3.76709 -0.00568646    -9.05679 
             216.103  1.89048  41.7455 -173.783 -2.29846 -4.76924  3.58507 0 0 0   -0.011 -0.02329  0.04412  -0.293915 -0.0615156  -0.099244 -0.00681898 -0.00261587  0.00168777  0.0507965 -0.0123338  0.0247928     3.76694 -0.00550032    -9.05686 
             216.203 0.699918  41.2966 -174.139 -2.32748 -4.77734  3.57402 0 0 0   -0.011 -0.02329  0.04412  -0.241751 -0.0232947 -0.0935774 -0.00685461 -0.00246468  0.00164416  0.0505131 -0.0127153  0.0249401      3.7669 -0.00561333    -9.05687 
             216.303  2.56589  41.4199 -173.101 -2.36008 -4.78958  3.55749 0 0 0   -0.011 -0.02329  0.04412  -0.296456 -0.0843226  -0.170365 -0.00700859 -0.00251253  0.00170269  0.0499776 -0.0131619  0.0248747     3.76679 -0.00575889    -9.05692 
             216.402  1.62698  41.0185 -173.432 -2.39843 -4.80103   3.5325 0 0 0   -0.011 -0.02329  0.04412  -0.329178 -0.0526896  -0.224327 -0.00686701 -0.00246952  0.00163055  0.0494098 -0.0134195  0.0249769     3.76667 -0.00585618    -9.05696 
             216.503 3.73176 42.5829 -172.02 -2.43356 -4.80978  3.51674 0 0 0   -0.011 -0.02329  0.04412  -0.290839 -0.0588657  -0.142515 -0.00699662 -0.00258636  0.00165217  0.0491041 -0.0134491  0.0249792      3.7666 -0.00588158    -9.05699 
             216.603  3.80284  41.5895 -171.104 -2.46833  -4.8195  3.50134 0 0 0   -0.011 -0.02329  0.04412  -0.283381 -0.0700808  -0.132811 -0.00688135 -0.00246466  0.00164786  0.0486719 -0.0135573  0.0246784     3.76648 -0.00593951    -9.05704 
             216.702 4.50232 40.7926 -170.67 -2.50114 -4.82013  3.48899 0 0 0   -0.011 -0.02329  0.04412  -0.330418 -0.0654798  -0.210585  -0.0069249 -0.00244858  0.00160636  0.0488594 -0.0131673  0.0241012     3.76646 -0.00583831    -9.05705 
             216.803  4.14391  40.3576 -171.196 -2.53624 -4.83123  3.47145 0 0 0   -0.011 -0.02329  0.04412  -0.394152 -0.0877044  -0.086415 -0.00691421 -0.00245208  0.00172118  0.0490827 -0.0132502   0.023894      3.7665 -0.00584746    -9.05704 
             216.903  2.59424  41.1795 -172.436 -2.56544 -4.84051  3.46223 0 0 0   -0.011 -0.02329  0.04412  -0.340464 -0.0920038  -0.166504 -0.00693281 -0.00252219  0.00185851  0.0496208 -0.0130933  0.0240316     3.76662 -0.00577029    -9.05699 
             217.003  1.40686  41.3739 -172.892 -2.60237 -4.83437   3.4498 0 0 0   -0.011 -0.02329  0.04412  -0.300861 -0.0463126  -0.147432 -0.00686153 -0.00248396  0.00175161  0.0495889 -0.0123107  0.0236491     3.76654 -0.00558261    -9.05702 
             217.103  2.73479  41.4241 -172.422  -2.6386 -4.84367  3.43577 0 0 0   -0.011 -0.02329  0.04412 -0.356861 -0.093786 -0.196891  -0.0069238 -0.00245973  0.00165163   0.049606 -0.0124495  0.0231735     3.76651 -0.00562269    -9.05703 
             217.203  1.12863  41.2898 -173.752 -2.67733 -4.84024  3.41434 0 0 0   -0.011 -0.02329  0.04412  -0.359447 -0.0112864  -0.169516  -0.0068581 -0.00244411  0.00170283  0.0496019 -0.0118241  0.0231376     3.76647 -0.00546905    -9.05705 
             217.302  3.19257  43.3932 -172.048  -2.7026 -4.84358  3.40542 0 0 0   -0.011 -0.02329  0.04412 -0.0840236 -0.0150324 -0.0610007 -0.00691804 -0.00255662  0.00153744 0.0495722 -0.011872 0.0229787     3.76646 -0.00548557    -9.05706 
             217.402  2.12376  44.7535 -171.503 -2.70354 -4.84169  3.40061 0 0 0   -0.011 -0.02329  0.04412   0.0315339   0.0511962 -0.00575907 -0.00678281 -0.00252452  0.00160036  0.049583 -0.011871 0.0229939     3.76646 -0.00548436    -9.05705 
             217.503  2.13209  44.6343 -171.207 -2.69725 -4.83327   3.4065 0 0 0   -0.011 -0.02329  0.04412  0.0356916  0.0766133 0.00232174 -0.00683557 -0.00240802  0.00161469  0.0500088 -0.0117808  0.0226142     3.76652 -0.00544326    -9.05703 
             217.602  2.27643  44.1949 -170.893 -2.70217 -4.82835   3.4062 0 0 0   -0.011 -0.02329  0.04412 -0.00962394   0.0521951  -0.0163265 -0.00679227 -0.00238659  0.00146701  0.0497841 -0.0118684  0.0222102     3.76643 -0.00548781    -9.05707 
             217.702 2.19299 44.1563 -171.38 -2.70083 -4.82251  3.40899 0 0 0   -0.011 -0.02329  0.04412 -0.00542513    0.027869  -0.0055741 -0.00685479 -0.00240376  0.00161918  0.0501208 -0.0117498  0.0220261     3.76648 -0.00544244    -9.05704 
             217.803  2.0447 44.1542 -171.47  -2.6961 -4.82812  3.41117 0 0 0   -0.011 -0.02329  0.04412 0.000160525   0.0193318 -0.00140381 -0.00684059 -0.00240985  0.00161784  0.0503804 -0.0123324  0.0220667     3.76658 -0.00556586    -9.05701 
             217.903  2.11484  44.1006 -171.309 -2.69925 -4.83278  3.41352 0 0 0   -0.011 -0.02329  0.04412  -0.005705 0.00352161 0.00800325 -0.00683126 -0.00238803  0.00155361  0.0503487 -0.0127284  0.0217075    3.76656 -0.0056729   -9.05701 
             218.003  2.10019  44.1322 -171.551 -2.69666 -4.83265  3.41519 0 0 0   -0.011 -0.02329  0.04412  0.00633831 -0.00158974   0.0107943 -0.00687644 -0.00240859  0.00165257  0.0504856 -0.0127479  0.0217966      3.7666 -0.00566633      -9.057 
             218.103  2.25603  44.0807 -171.344 -2.68962 -4.83578  3.41805 0 0 0   -0.011 -0.02329  0.04412    0.014602 -0.00305516   0.0108153 -0.00686464 -0.00240268  0.00157049  0.0507887 -0.0130046  0.0219892      3.7667 -0.00570282    -9.05695 
             218.202  2.29436  44.0669 -171.378 -2.68546 -4.83265  3.42052 0 0 0   -0.011 -0.02329  0.04412   0.0225617 -0.00398646   0.0148107 -0.00686788 -0.00241015  0.00159101  0.0509766 -0.0127971  0.0220515     3.76673 -0.00563951    -9.05694 
             218.302  2.32996  44.0634 -171.398 -2.68076 -4.83296  3.42101 0 0 0   -0.011 -0.02329  0.04412   0.0249669 -0.00641562  0.00897896  -0.0068628 -0.00241822  0.00160229  0.0510216 -0.0127944  0.0222468     3.76676 -0.00563073    -9.05693 
             218.403 2.34109 44.0297 -171.36 -2.68344 -4.83587  3.41872 0 0 0   -0.011 -0.02329  0.04412  0.0153029  -0.009035 0.00207485 -0.00686248 -0.00240095  0.00158807 0.0506597 -0.012887 0.0221921     3.76668 -0.00567762    -9.05696 
             218.503  2.36653  43.9852 -171.338 -2.68667 -4.83721  3.41779 0 0 0   -0.011 -0.02329  0.04412  0.00684353  -0.0160157 0.000381697 -0.00685381 -0.00238184  0.00157588  0.0504304 -0.0128499  0.0220229     3.76662 -0.00568809    -9.05699 
             218.602   2.4331   43.999 -171.228 -2.68677 -4.83594  3.41834 0 0 0   -0.011 -0.02329  0.04412  0.00342795 -0.00951677  0.00155265 -0.00683649 -0.00239471  0.00153257  0.0504609 -0.0126696  0.0219625     3.76661 -0.00564525    -9.05699 
             218.703    2.208  44.0459 -171.667 -2.68452 -4.83444  3.41704 0 0 0   -0.011 -0.02329  0.04412  0.00839195 -0.00666292  -0.0034774 -0.00688056  -0.0024101  0.00169993  0.0504719 -0.0125307  0.0221663    3.76662 -0.0056069   -9.05699 
             218.802  2.47881  43.9793 -171.133  -2.6907 -4.83578  3.41539 0 0 0   -0.011 -0.02329  0.04412 -0.00557856 -0.00870326 -0.00497633 -0.00682111 -0.00238116  0.00149398  0.0501673 -0.0125025  0.0218962     3.76653 -0.00562658    -9.05703 
             218.903  2.41218   44.007 -171.326 -2.69249 -4.83448   3.4157 0 0 0   -0.011 -0.02329  0.04412 -0.00777593 -0.00452211 -0.00200686 -0.00685712 -0.00239057  0.00156475  0.0501772 -0.0123632   0.021785     3.76651 -0.00559623    -9.05703 
             219.003  2.49032   44.029 -171.144  -2.6999 -4.83072  3.41232 0 0 0   -0.011 -0.02329  0.04412 -0.0245262 0.00335196  -0.010745 -0.00682852 -0.00240571  0.00149853  0.0498286 -0.0120419  0.0216826     3.76641 -0.00554635    -9.05707 
             219.102  2.45253  43.9738 -171.182 -2.70073 -4.83326  3.41257 0 0 0   -0.011 -0.02329  0.04412  -0.0172188 -0.00528308 -0.00584503 -0.00681914 -0.00237415  0.00150948  0.0499204 -0.0122201  0.0216543     3.76644 -0.00558244    -9.05706 
             219.203  2.42477  43.9701 -171.269 -2.70092 -4.83287  3.41325 0 0 0   -0.011 -0.02329  0.04412  -0.0146399 -0.00353503 -0.00432905 -0.00683963 -0.00236952  0.00154455   0.050047 -0.0121806  0.0216489     3.76646 -0.00556543    -9.05705 
             219.303  2.34758   43.981 -171.439 -2.69975 -4.83603  3.41476 0 0 0   -0.011 -0.02329  0.04412 -0.00881188  -0.0111773 0.000930152 -0.00685996 -0.00237388    0.001609  0.0502146 -0.0123736  0.0216423     3.76651 -0.00559934    -9.05703 
             219.402  2.25492  44.0353 -171.618 -2.69386 -4.83516  3.41467 0 0 0   -0.011 -0.02329  0.04412 0.00513088 -0.0105147 -0.0023511 -0.00687209 -0.00239884  0.00167577  0.0504644 -0.0122997   0.022012     3.76659 -0.00555777      -9.057 
             219.502  2.43453  43.9724 -171.197 -2.69303 -4.83159  3.41525 0 0 0   -0.011 -0.02329  0.04412 0.0455925 0.0156978 0.0214111 -0.00681892 -0.00236916  0.00151025  0.0504752 -0.0120695  0.0219715     3.76657 -0.00550548    -9.05701 
             219.603  3.08372  43.8279 -170.931 -2.68969 -4.82669  3.41598 0 0 0   -0.011 -0.02329  0.04412 0.00988857  0.0154519 -0.0121529 -0.00685583  -0.0023808  0.00157574  0.0505964 -0.0118861  0.0220194     3.76659 -0.00545505      -9.057 
             219.702  3.35559  43.7098 -170.607 -2.69035 -4.82482   3.4166 0 0 0   -0.011 -0.02329  0.04412  0.0122471 0.00032289 -0.0014318  -0.0068485 -0.00236573  0.00156418   0.050612 -0.0117884  0.0218165     3.76657 -0.00543662    -9.05701 
             219.803  2.94658  43.7006 -171.136 -2.68712 -4.82573  3.41741 0 0 0   -0.011 -0.02329  0.04412   0.0157201   0.0049015 -0.00100157 -0.00689686 -0.00235685  0.00172395  0.050716 -0.011882 0.0218593      3.7666 -0.00545032      -9.057 
             219.902  2.95238  43.7255 -170.998 -2.68411 -4.82308  3.41812 0 0 0   -0.011 -0.02329  0.04412  0.0172045 0.00794004 0.00220857 -0.00686079 -0.00237161  0.00163224   0.050825 -0.0117709  0.0218977     3.76662 -0.00541758    -9.05699 
             220.002    3.059  43.7141 -170.858 -2.68846  -4.8261  3.41716 0 0 0   -0.011 -0.02329  0.04412  0.00516045 -0.00724579 0.000412044 -0.00684731 -0.00236881  0.00157068  0.0505344 -0.0119231  0.0216497     3.76655 -0.00547528    -9.05702 
             220.102  3.00407  43.7413 -170.978 -2.69291 -4.82667  3.41615 0 0 0   -0.011 -0.02329  0.04412 -0.00675944 -0.00583972 -0.00252834 -0.00686265 -0.00238102  0.00161148  0.0503207 -0.0118693  0.0214709     3.76649 -0.00548038    -9.05704 
             220.203   3.0186  43.6865 -170.873 -2.69278 -4.82554  3.41531 0 0 0   -0.011 -0.02329  0.04412  -0.0028889 -0.00389942 -0.00357369 -0.00683693 -0.00235077  0.00156982  0.0503294 -0.0117802  0.0215564     3.76649 -0.00545824    -9.05704 
             220.302  2.98451  43.7073 -170.963 -2.69302 -4.82259  3.41412 0 0 0   -0.011 -0.02329  0.04412 -0.00307188  0.00306903 -0.00763746 -0.00684402  -0.0023588  0.00160425 0.0503205 -0.011586 0.0216244     3.76648 -0.00541425    -9.05704 
             220.402  2.99326  43.7122 -171.024 -2.6897  -4.827 3.41808 0 0 0   -0.011 -0.02329  0.04412  0.00339471 -0.00678573  0.00429613 -0.00687679 -0.00236085  0.00162479  0.0506371 -0.0118937   0.021471     3.76655 -0.00546563    -9.05702 
             220.502  3.05043   43.705 -170.803 -2.68628 -4.82539  3.41744 0 0 0   -0.011 -0.02329  0.04412  0.0126417 -0.0042628 0.00128728 -0.00682572 -0.00235981  0.00153561  0.0507006 -0.0117714  0.0217042     3.76658 -0.00542994    -9.05701 
             220.602  3.00655  43.7027 -170.931 -2.68135 -4.82449  3.41964 0 0 0   -0.011 -0.02329  0.04412   0.0183796 -0.00327872  0.00466663 -0.00684373 -0.00235917  0.00158874  0.0509453 -0.0117192  0.0217501     3.76663 -0.00540227    -9.05699 
             220.703  2.99218  43.6963 -170.982 -2.67894 -4.82545  3.42287 0 0 0   -0.011 -0.02329  0.04412   0.0210014 -0.00442799    0.013234 -0.00685562 -0.00235343  0.00160593  0.0510904 -0.0117738  0.0215824    3.76664 -0.0054086   -9.05698 
             220.802  2.93297  43.7436 -171.098 -2.67952 -4.82828  3.42184 0 0 0   -0.011 -0.02329  0.04412  0.0143667 -0.0122306 0.00593242 -0.00686235 -0.00237529  0.00165124 0.0508654 -0.011875 0.0215984     3.76661 -0.00544434    -9.05699 
             220.902  3.04944   43.669 -170.812 -2.68374 -4.83463  3.41992 0 0 0   -0.011 -0.02329  0.04412 0.00508203 -0.0234719 0.00173109 -0.00681856  -0.0023409  0.00153135  0.0504919 -0.0121237  0.0214618     3.76654 -0.00552426    -9.05702 
             221.002  2.99274  43.7228 -170.952 -2.68474 -4.83226  3.41856 0 0 0   -0.011 -0.02329  0.04412  0.00124768  -0.0161366 -0.00295322 -0.00683739 -0.00236516  0.00158721  0.0504071 -0.0118163  0.0215116     3.76651 -0.00546173    -9.05704 
             221.102  3.00191  43.6943 -170.924 -2.68829 -4.83279  3.41816 0 0 0   -0.011 -0.02329  0.04412 -0.00462856   -0.013936 -0.00168634 -0.00683464 -0.00235215  0.00157795  0.0502826 -0.0117204  0.0213355     3.76646 -0.00545211    -9.05705 
             221.202  2.99898   43.712 -170.953 -2.68951 -4.82988  3.41807 0 0 0   -0.011 -0.02329  0.04412 -0.00645861 -0.00561705 -0.00146314 -0.00684691 -0.00235727  0.00158368  0.0502933 -0.0114569   0.021309     3.76645 -0.00539513    -9.05706 
             221.302  2.97877  43.7172 -171.014 -2.68907 -4.83257   3.4194 0 0 0   -0.011 -0.02329  0.04412 -0.00648402  -0.0117099  0.00157412 -0.00685843 -0.00236191  0.00161332  0.0503973 -0.0115898  0.0212547     3.76647 -0.00541845    -9.05705 
             221.402 2.94201  43.688 -171.04 -2.68909 -4.82684  3.41873 0 0 0   -0.011 -0.02329  0.04412  -0.00136163   0.00227977 -6.48679e-06 -0.00684791 -0.00234121  0.00161728  0.0504221 -0.0111811   0.021365     3.76646 -0.00532718    -9.05705 
             221.502  2.93072  43.7021 -171.079 -2.68345 -4.82832  3.42005 0 0 0   -0.011 -0.02329  0.04412  0.00847257 -0.00281633 0.000722814  -0.0068573 -0.00235019   0.0016325  0.0506824 -0.0113269  0.0215618     3.76653 -0.00533879    -9.05702 
             221.602  3.05595  43.6847 -170.813 -2.68341  -4.8309  3.42127 0 0 0   -0.011 -0.02329  0.04412   0.0101375 -0.00807627  0.00513296   -0.006826 -0.00234521   0.0015233  0.0506859 -0.0114605  0.0214279     3.76653 -0.00536965    -9.05702 
             221.702  2.89214  43.7307 -171.206 -2.68513 -4.82859  3.41946 0 0 0   -0.011 -0.02329  0.04412  0.00277504  -0.0026212 -0.00170195 -0.00687638 -0.00236119  0.00167881  0.0505079 -0.0112392  0.0214651     3.76649 -0.00533257    -9.05704 
             221.803  2.89582  43.6804 -171.163 -2.68177 -4.83097  3.42107 0 0 0   -0.011 -0.02329  0.04412    0.010787 -0.00725563  0.00286524 -0.00686374 -0.00233651  0.00165964  0.0506827 -0.0113921  0.0214864     3.76653 -0.00535413    -9.05702 
             221.902  2.9211 43.7147 -171.11 -2.68146 -4.82896  3.41966 0 0 0   -0.011 -0.02329  0.04412   0.0105327 -0.00372249 -0.00179235  -0.0068583 -0.00235391  0.00163322  0.0505911 -0.0112086  0.0215746     3.76651 -0.00531914    -9.05703 
             222.002   2.8805  43.7114 -171.159 -2.68293 -4.83164  3.41983 0 0 0   -0.011 -0.02329  0.04412   0.00336189  -0.00963949 -0.000765478 -0.00685972 -0.00235491  0.00164436  0.0505124 -0.0113262  0.0214174     3.76649 -0.00535147    -9.05704 
             222.102  2.83525  43.7261 -171.287 -2.67675 -4.83158  3.42317 0 0 0   -0.011 -0.02329  0.04412  0.0169079 -0.0100124 0.00753061 -0.00688744 -0.00235787  0.00169038  0.0508812 -0.0113167  0.0214742    3.76656 -0.0053269   -9.05701 
             222.202   2.8444  43.7102 -171.227 -2.67702 -4.82924  3.42341 0 0 0   -0.011 -0.02329  0.04412   0.0115895 -0.00295003  0.00556336 -0.00688003 -0.00235104  0.00166652  0.0508209 -0.0111013  0.0214234     3.76654 -0.00528635    -9.05702 
             222.302  2.82746  43.6899 -171.116 -2.68069 -4.83087  3.42149 0 0 0   -0.011 -0.02329  0.04412  0.00467556 -0.00687147  0.00164868 -0.00684278 -0.00233907   0.0016215  0.0505114 -0.0111323  0.0213426     3.76647 -0.00531212    -9.05705 
             222.402  2.71617  43.6841 -171.388 -2.67985 -4.83687   3.4215 0 0 0   -0.011 -0.02329  0.04412  0.00545924  -0.0206978 0.000579259 -0.00688205 -0.00233043  0.00172666  0.0504788 -0.0114365  0.0213511     3.76649 -0.00537698    -9.05704 
             222.502 2.87967 43.7291 -171.03 -2.67998 -4.83196  3.42206 0 0 0   -0.011 -0.02329  0.04412  0.00317262 -0.00354229  0.00178232 -0.00684651 -0.00236109  0.00158582  0.0505392 -0.0110276   0.021313     3.76647 -0.00528964    -9.05705 
             222.602 2.94303 43.6686 -170.84 -2.68019 -4.83276  3.42093 0 0 0   -0.011 -0.02329  0.04412   0.00428792   -0.0115385 -0.000900638  -0.0068035 -0.00232896  0.00150421 0.0504474 -0.011023 0.0213725     3.76646 -0.00529276    -9.05705 
             222.702  2.81807  43.6805 -171.157 -2.67897 -4.83469  3.42195 0 0 0   -0.011 -0.02329  0.04412  0.0053536 -0.0108281 0.00128859 -0.00685952  -0.0023305  0.00163778  0.0505282 -0.0110944  0.0213299     3.76647 -0.00530368    -9.05705 
             222.802  2.84405  43.7275 -171.132 -2.67691 -4.83386  3.42389 0 0 0   -0.011 -0.02329  0.04412  0.00929878 -0.00428114   0.0056329 -0.00686687  -0.0023536  0.00162396   0.050681 -0.0110194  0.0212846      3.7665 -0.00528056    -9.05704 
             222.902  2.74741  43.7094 -171.291 -2.67729 -4.83064   3.4224 0 0 0   -0.011 -0.02329  0.04412  0.00446229 0.000818892 -0.00142099 -0.00687077 -0.00234327  0.00168485  0.0505752 -0.0107798  0.0213784     3.76647 -0.00523583    -9.05705 
             223.002 2.80663 43.7148 -171.16  -2.6809 -4.83123  3.42124 0 0 0   -0.011 -0.02329  0.04412 -0.00113797 -0.00041358 -0.00157549 -0.00685754 -0.00234695  0.00162922  0.0503759 -0.0107856  0.0212425     3.76642 -0.00525072    -9.05707 
             223.102  2.81587  43.6938 -171.123 -2.68532 -4.83069  3.41931 0 0 0   -0.011 -0.02329  0.04412   -0.011718 -0.00107414 -0.00637141 -0.00685537 -0.00233408  0.00161797   0.050147 -0.0107039  0.0211475     3.76637 -0.00524871    -9.05709 
             223.202  2.87844  43.7192 -170.996 -2.68422 -4.83269  3.42005 0 0 0   -0.011 -0.02329  0.04412 -0.00629931 -0.00480729 -0.00300298 -0.00684082 -0.00235073  0.00156573  0.0502808 -0.0108421  0.0211569      3.7664 -0.00526905    -9.05708 
             223.302  2.87422  43.6655 -171.019 -2.68186 -4.83636  3.42116 0 0 0   -0.011 -0.02329  0.04412 0.000178765    -0.01405 8.17554e-05  -0.0068465 -0.00231757  0.00157056 0.0504208  -0.01105 0.0211945     3.76644 -0.00530246    -9.05706 
             223.402 2.82854 43.6912 -171.02 -2.68073 -4.83545  3.41996 0 0 0   -0.011 -0.02329  0.04412  0.00334807   -0.010022 -0.00407263 -0.00682497 -0.00233385  0.00157263  0.0504219 -0.0109138   0.021342    3.76645 -0.0052723   -9.05706 
             223.502  2.73089  43.7323 -171.335 -2.67561 -4.83766  3.42391 0 0 0   -0.011 -0.02329  0.04412  0.0134339 -0.0152809 0.00678819 -0.00689577 -0.00234698  0.00169477 0.0507897 -0.011032 0.0212752     3.76651 -0.00527686    -9.05703 
             223.602  2.72755  43.6822 -171.255 -2.66966 -4.84474  3.42853 0 0 0   -0.011 -0.02329  0.04412  0.0207905 -0.0256771  0.0152904 -0.00687434 -0.00232283  0.00166386  0.0511033 -0.0114099  0.0212086     3.76658 -0.00533621      -9.057 
             223.702  2.77141  43.7122 -171.156 -2.67591 -4.84622  3.42592 0 0 0   -0.011 -0.02329  0.04412 0.00679672 -0.0248662 0.00745434 -0.00686332 -0.00233966   0.0016199  0.0506149 -0.0112631   0.021079     3.76648 -0.00533619    -9.05705 
             223.802  2.79136  43.6962 -170.973  -2.6724 -4.84136  3.42465 0 0 0   -0.011 -0.02329  0.04412    0.0109522   -0.0118976 -0.000395162 -0.00681641  -0.0023357  0.00154083  0.0506759 -0.0108382  0.0213948    3.76649 -0.0052428   -9.05704 
             223.902  2.79968  43.6868 -170.944 -2.67621 -4.83187  3.42159 0 0 0   -0.011 -0.02329  0.04412 0.00499632  0.0104255 -0.0062882 -0.00681515 -0.00232927   0.0015264  0.050432 -0.010165 0.0213949     3.76642 -0.00512301    -9.05707 
             224.002   2.775  43.699 -170.98   -2.676 -4.83455    3.422 0 0 0   -0.011 -0.02329  0.04412  0.00133352 0.000295373 -0.00518548 -0.00681366 -0.00233395  0.00153517  0.0504514 -0.0103803  0.0212923     3.76642 -0.00516627    -9.05707 
             224.102  2.63626  43.6991 -171.201 -2.67364 -4.83297  3.42169 0 0 0   -0.011 -0.02329  0.04412  0.00885617  0.00184749 -0.00358492 -0.00682061 -0.00233096  0.00162064  0.0505457 -0.0102995  0.0213979     3.76644 -0.00514333    -9.05706 
             224.202  2.67457  43.7238 -171.145 -2.67347 -4.83403  3.42247 0 0 0   -0.011 -0.02329  0.04412   0.00663542  -0.00274126 -0.000730808 -0.0068238 -0.0023414 0.00159651  0.0505716 -0.0103638   0.021275     3.76644 -0.00515682    -9.05706 
             224.302  2.80671  43.6921 -170.955 -2.67914 -4.83208  3.42287 0 0 0   -0.011 -0.02329  0.04412 -0.00802795   0.0022196  0.00175307 -0.00682584 -0.00232769  0.00151958  0.0504116 -0.0101897  0.0209335     3.76638 -0.00513793    -9.05709 
             224.402  2.61308  43.6903 -171.274 -2.67735 -4.83123  3.42136 0 0 0   -0.011 -0.02329  0.04412 0.000199758 0.000591406 -0.00303947 -0.00684248 -0.00231843   0.0016418  0.0504104 -0.0101578  0.0211802     3.76639 -0.00512716    -9.05708 
             224.502  2.80232  43.7269 -170.914  -2.6787 -4.83065  3.41962 0 0 0   -0.011 -0.02329  0.04412 -0.00520924   0.0014839  -0.0080152 -0.00680927 -0.00234589  0.00150136  0.0503075 -0.0101106  0.0212148     3.76638 -0.00512285    -9.05709 
             224.602  2.57406  43.7096 -171.368 -2.67809 -4.82742  3.41912 0 0 0   -0.011 -0.02329  0.04412  0.00117725  0.00429517 -0.00613858  -0.0068624 -0.00232521  0.00167736   0.0503739 -0.00993423   0.0212578     3.76638 -0.00508449    -9.05709 
             224.702 2.71139 43.6918 -171.08 -2.67934 -4.83099   3.4204 0 0 0   -0.011 -0.02329  0.04412  -0.0041868 -0.00479583 -0.00197534 -0.00682888 -0.00232141  0.00156352  0.0503967 -0.0101555  0.0210363     3.76638 -0.00512996    -9.05709 
             224.802  2.65197  43.6972 -171.153 -2.68301 -4.83388  3.41719 0 0 0   -0.011 -0.02329  0.04412 -0.00876049 -0.00655659 -0.00838968 -0.00682435 -0.00232272  0.00159029  0.0501132 -0.0102699  0.0210758     3.76634 -0.00516611     -9.0571 
             224.902  2.64793  43.7259 -171.229  -2.6859 -4.83219  3.41805 0 0 0   -0.011 -0.02329  0.04412   -0.013965 -0.00870671 -0.00315238 -0.00684816 -0.00233378    0.001622  0.0501475 -0.0100905  0.0208642     3.76632 -0.00513396    -9.05711 
             225.002  2.73198  43.6675 -171.132 -2.68306 -4.83095  3.42245 0 0 0   -0.011 -0.02329  0.04412 -0.00659308 -0.00209793   0.0078788 -0.00685454 -0.00230495  0.00158307 0.0505536 -0.010028  0.020748     3.76638 -0.00510299    -9.05709 
             225.102  2.71114  43.6774 -171.066 -2.68481 -4.83045  3.42051 0 0 0   -0.011 -0.02329  0.04412 -0.00596962 -0.00316934  0.00154279 -0.0068176 -0.0023064  0.0015507   0.0503727 -0.00996012   0.0208869     3.76636 -0.00509696     -9.0571 
             225.202  2.75098  43.7037 -171.086 -2.68207  -4.8299  3.42105 0 0 0   -0.011 -0.02329  0.04412 -0.000543334  -0.00177785  0.000533981 -0.00684282 -0.00232333  0.00156297  0.0505242 -0.0099401  0.0210355     3.76639 -0.00508262    -9.05708 
             225.302  2.65316  43.6886 -171.219 -2.68237 -4.83157   3.4204 0 0 0   -0.011 -0.02329  0.04412  0.00233106 -0.00636997 9.62015e-05 -0.00684778 -0.00230801   0.0016118  0.0504607 -0.0100191  0.0210631     3.76639 -0.00510031    -9.05708 
             225.402  2.65509  43.7016 -171.231 -2.67939 -4.83648  3.42142 0 0 0   -0.011 -0.02329  0.04412  0.00520715  -0.0173327 0.000557766 -0.00684865 -0.00231451  0.00161585  0.0505824 -0.0102851  0.0211139     3.76642 -0.00514315    -9.05707 
             225.502  2.58211  43.7104 -171.366 -2.67665 -4.83582  3.42119 0 0 0   -0.011 -0.02329  0.04412   0.0131776  -0.0125183 0.000249816 -0.00686148 -0.00231613  0.00166874  0.0506557 -0.0101595  0.0212539     3.76644 -0.00511334    -9.05706 
             225.602  2.65705  43.7092 -171.236 -2.67606 -4.83516  3.42286 0 0 0   -0.011 -0.02329  0.04412 0.00871342 -0.0105188 0.00359538 -0.00684805 -0.00231575   0.0016146  0.0507301 -0.0100392    0.02111     3.76644 -0.00508965    -9.05706 
             225.702  2.62915  43.7063 -171.297 -2.67762 -4.83326  3.42271 0 0 0   -0.011 -0.02329  0.04412   0.0050104 -0.00484681  0.00361668 -0.00685653 -0.00231348  0.00164041   0.0506419 -0.00984129   0.0210324     3.76641 -0.00505864    -9.05708 
             225.802  2.62447  43.6916 -171.239 -2.67434 -4.82971  3.42316 0 0 0   -0.011 -0.02329  0.04412  0.0122781  0.0017984 0.00305762 -0.00683512 -0.00230353  0.00161145   0.0507614 -0.00961954   0.0211797     3.76643 -0.00500886    -9.05707 
             225.902  2.64966  43.7083 -171.259 -2.67545 -4.83133   3.4224 0 0 0   -0.011 -0.02329  0.04412  0.00673879 -0.00281897  0.00013607 -0.00685839 -0.00231405  0.00162323   0.0506242 -0.00970163   0.0211303     3.76641 -0.00503178    -9.05708 
             226.002  2.62273  43.7156 -171.324 -2.67472 -4.83154   3.4237 0 0 0   -0.011 -0.02329  0.04412  0.00835724 -0.00429541  0.00406783 -0.00686339 -0.00231516  0.00164566   0.0506872 -0.00970066   0.0210399     3.76641 -0.00503005    -9.05708 
             226.102  2.60138   43.698 -171.359 -2.66922 -4.83203  3.42604 0 0 0   -0.011 -0.02329  0.04412   0.0164386 -0.00538334  0.00668234 -0.00686443 -0.00230554  0.00165925   0.0509453 -0.00974242    0.021138     3.76646 -0.00502324    -9.05705 
             226.202  2.54471  43.7181 -171.414 -2.67426 -4.83285  3.42223 0 0 0   -0.011 -0.02329  0.04412  0.00577173 -0.00659188 -0.00235744 -0.00685609 -0.00231343  0.00167872  0.0504899 -0.0096882  0.0211166     3.76638 -0.00503611    -9.05709 
             226.302    2.71 43.7056 -171.09 -2.67704 -4.82931  3.42285 0 0 0   -0.011 -0.02329  0.04412  -0.00423001 -0.000550055 -0.000763866 -0.00682486 -0.00231272  0.00155388   0.0504561 -0.00941013    0.020902     3.76635 -0.00499065     -9.0571 
             226.402  2.64251   43.705 -171.214 -2.67748   -4.833  3.42229 0 0 0   -0.011 -0.02329  0.04412 -0.00146066 -0.00802643 -0.00139238 -0.00683769 -0.00230961  0.00160258   0.0504018 -0.00961969    0.020918     3.76635 -0.00503118     -9.0571 
             226.502  2.64116  43.6897 -171.199 -2.67354 -4.83289  3.42322 0 0 0   -0.011 -0.02329  0.04412  0.00700709 -0.00916392 0.000373211  -0.0068301 -0.00229897  0.00159177   0.0505996 -0.00959171   0.0210543     3.76639 -0.00501416    -9.05708 
             226.602  2.67955   43.716 -171.215 -2.67558 -4.83431  3.42302 0 0 0   -0.011 -0.02329  0.04412   0.00102118    -0.010313 -5.28739e-05 -0.00685878 -0.00231412  0.00160364  0.0504982 -0.0095965  0.0209281    3.76637 -0.0050221   -9.05709 
             226.702  2.61063  43.7253 -171.329 -2.67704 -4.83335  3.42285 0 0 0   -0.011 -0.02329  0.04412 -0.000674676   -0.0073428  0.000715658 -0.00686496 -0.00231347  0.00164549   0.0504433 -0.00946006   0.0208671     3.76635 -0.00500121     -9.0571 
             226.803   2.6209  43.6717 -171.295 -2.68014 -4.82757  3.42216 0 0 0   -0.011 -0.02329  0.04412 -0.00816863  0.00535727 -0.00140613 -0.00685669 -0.00228427  0.00163243   0.0503525 -0.00904156   0.0207909     3.76631 -0.00493174    -9.05712 
             226.902  2.73156  43.6974 -171.037 -2.68405 -4.82371  3.41972 0 0 0   -0.011 -0.02329  0.04412   -0.011233  0.00950561 -0.00583032 -0.00682414 -0.00230131  0.00152447     0.05015 -0.00880845   0.0208071     3.76627 -0.00489949    -9.05714 
             227.002  2.60222  43.7169 -171.301 -2.68406 -4.82713  3.41768 0 0 0   -0.011 -0.02329  0.04412  -0.0109831 -0.00118208  -0.0121469  -0.0068473 -0.00230637  0.00163054   0.0500905 -0.00906135   0.0209447     3.76628 -0.00494515    -9.05713 
             227.102  2.68663  43.6881 -171.179 -2.68098 -4.82961  3.41998 0 0 0   -0.011 -0.02329  0.04412 -0.00110362 -0.00388849 -0.00346088 -0.0068462 -0.0022911 0.00158112   0.0503904 -0.00925264   0.0208941     3.76633 -0.00496565    -9.05711 
             227.202 2.67036   43.68 -171.16 -2.68266 -4.82762  3.41878 0 0 0   -0.011 -0.02329  0.04412 -0.00317265 -0.00350846 -0.00526432 -0.00683053 -0.00228337  0.00157118  0.0503045 -0.0090731   0.020882     3.76631 -0.00493813    -9.05712 
             227.302  2.63486   43.695 -171.279 -2.68186 -4.82982  3.41896 0 0 0   -0.011 -0.02329  0.04412 -0.000890429  -0.00467434  -0.00435264 -0.00685347 -0.00229092  0.00162436    0.050373 -0.00920816   0.0208784     3.76632 -0.00495878    -9.05711 
             227.402  2.74169  43.6902 -171.063 -2.68557  -4.8305  3.41989 0 0 0   -0.011 -0.02329  0.04412 -0.00795729 -0.00789144 0.000837272 -0.00682549 -0.00228768  0.00153351   0.0503098 -0.00918816   0.0205959     3.76629 -0.00496298    -9.05712 
             227.502  2.62462  43.7219 -171.309 -2.68012 -4.83392  3.42119 0 0 0   -0.011 -0.02329  0.04412  0.00337845  -0.0145073 0.000751783 -0.00685301 -0.00230378  0.00163565   0.0505779 -0.00939355   0.0208211     3.76636 -0.00498257     -9.0571 
             227.602     2.65  43.7036 -171.224 -2.67939 -4.83431  3.42168 0 0 0   -0.011 -0.02329  0.04412 0.00673352 -0.0128969 0.00352746 -0.00684478 -0.00228937  0.00159528  0.0506087 -0.0093359  0.0208149     3.76636 -0.00497113    -9.05709 
             227.702  2.56453  43.7339 -171.473 -2.67586 -4.83343  3.42244 0 0 0   -0.011 -0.02329  0.04412   0.010526 -0.0108644 0.00205386 -0.00689234 -0.00230021   0.0016938   0.0507525 -0.00922379   0.0209402     3.76639 -0.00494275    -9.05708 
             227.802   2.7099  43.6833 -171.068 -2.67812 -4.83821  3.42216 0 0 0   -0.011 -0.02329  0.04412 0.00611671 -0.0182386 0.00287788 -0.00682061 -0.00227992  0.00153415   0.0505821 -0.00941278   0.0207862    3.76636 -0.0049861    -9.0571 
             227.902   2.6319  43.7014 -171.279 -2.67544 -4.83421   3.4235 0 0 0   -0.011 -0.02329  0.04412  0.00866675 -0.00809954  0.00382589 -0.00685471 -0.00228459  0.00161424    0.050747 -0.00908042   0.0208403     3.76637 -0.00491996    -9.05709 
             228.002  2.66871  43.7144 -171.235 -2.67351 -4.83165  3.42546 0 0 0   -0.011 -0.02329  0.04412    0.0105355 -0.000330532   0.00827857 -0.00685989 -0.00229325  0.00160272   0.0508895 -0.00889794   0.0207977     3.76639 -0.00488254    -9.05709 
             228.102  2.71113  43.7144 -171.073 -2.67427 -4.82514  3.42266 0 0 0   -0.011 -0.02329  0.04412  0.00824627   0.0119351 -0.00146667 -0.00682082 -0.00229119  0.00153418   0.0506858 -0.00848339   0.0209773     3.76635 -0.00481771     -9.0571 
             228.202  2.61502  43.7007 -171.262  -2.6735 -4.82561  3.42175 0 0 0   -0.011 -0.02329  0.04412  0.00790402  0.00687619 -0.00442395 -0.00684128 -0.00228102  0.00161376   0.0506418 -0.00857159   0.0210176     3.76635 -0.00483421     -9.0571 
             228.302   2.6439  43.6674 -171.187 -2.67783 -4.82649  3.41997 0 0 0   -0.011 -0.02329  0.04412 -0.000154286   0.00250532  -0.00558561 -0.00682477 -0.00225853  0.00157833   0.0503772 -0.00861338   0.0208426      3.7663 -0.00485632    -9.05712 
             228.402  2.66581  43.7274 -171.186 -2.68056 -4.82364  3.41878 0 0 0   -0.011 -0.02329  0.04412 -0.00831792  0.00686045 -0.00760888 -0.00682981 -0.00229258  0.00158346   0.0502838 -0.00843338   0.0207636     3.76627 -0.00483122    -9.05713 
             228.502  2.73685  43.6742 -170.987 -2.68184 -4.82571  3.41837 0 0 0   -0.011 -0.02329  0.04412  -0.0157908   0.0461351 -0.00446465 -0.00679536 -0.00226526  0.00150178   0.0502566 -0.00868566   0.0207176     3.76627 -0.00487602    -9.05713 
             228.602  2.21494  43.7555 -171.997 -2.68528 -4.81734  3.42006 0 0 0   -0.011 -0.02329  0.04412 -0.0419738   0.110887 0.00808752 -0.00679629 -0.00228546  0.00150548   0.0502969 -0.00862689   0.0205877     3.76627 -0.00486633    -9.05713 
             228.702 0.432059  44.0818 -176.293 -2.69123 -4.80135  3.42306 0 0 0   -0.011 -0.02329  0.04412 -0.0708035   0.159256  0.0126097  -0.0068854 -0.00229786  0.00168982    0.050432 -0.00848542   0.0204149     3.76627 -0.00483916    -9.05713 
             228.802 -1.6209 44.4076   177.4 -2.70555 -4.78805    3.419 0 0 0   -0.011 -0.02329  0.04412 -0.0808633   0.173121 -0.0233068 -0.00691752 -0.00228904   0.0016785  0.0499582 -0.0086684  0.0203208      3.7662 -0.00489122    -9.05716 
             228.902 -4.88179  44.5905  168.355 -2.71137 -4.76548  3.41409 0 0 0   -0.011 -0.02329  0.04412  -0.018748   0.214768 -0.0323673 -0.00690885 -0.00228553  0.00165321   0.0498441 -0.00844186   0.0205109     3.76619 -0.00485448    -9.05717 
             229.002 -9.03516   43.877  156.765  -2.7133 -4.73693  3.40882 0 0 0   -0.011 -0.02329  0.04412 0.00617366   0.256682 -0.0114081 -0.00699962 -0.00226017  0.00188595   0.0497706 -0.00811841   0.0204758     3.76617 -0.00480006    -9.05717 
             229.102 -14.1111  42.3419  144.346 -2.70911 -4.71437  3.40924 0 0 0   -0.011 -0.02329  0.04412 -0.00501729   0.0882745  -0.0267469 -0.00699113 -0.00223241  0.00191189  0.0498592 -0.0079901  0.0206069     3.7662 -0.0047791   -9.05716 
             229.202 -19.2377  38.1971  133.276 -2.69383 -4.70834  3.40496 0 0 0   -0.011 -0.02329  0.04412  0.134987   0.10487 -0.126396 -0.00697103 -0.00211627  0.00191223   0.0505481 -0.00802875    0.020844     3.76632 -0.00482088    -9.05711 
             229.302 -22.8306  33.2823   124.63 -2.67748 -4.69065  3.40254 0 0 0   -0.011 -0.02329  0.04412 0.0415445 0.0815664 0.0761168 -0.00692398 -0.00211762  0.00181557   0.0506602 -0.00767583   0.0208778     3.76638 -0.00477215    -9.05709 
             229.402 -24.0738  31.6577  117.804 -2.66936  -4.6963  3.40725 0 0 0   -0.011 -0.02329  0.04412 -0.0231398 -0.0212334 -0.0590895 -0.00713894 -0.00233549  0.00175327   0.0513495 -0.00804704   0.0211454     3.76642 -0.00494123    -9.05707 
             229.502 -26.1488  31.1756  112.897 -2.66678 -4.70473  3.42899 0 0 0   -0.011 -0.02329  0.04412 -0.0595939  -0.072536  0.0684485  -0.0070861 -0.00232123  0.00164797  0.0522152 -0.0078888  0.0210649     3.76653 -0.00508454    -9.05703 
             229.602 -24.5391  30.0202  111.521 -2.66331 -4.71061   3.4398 0 0 0   -0.011 -0.02329  0.04412 -0.0238584 -0.0595877    0.12293 -0.00715923 -0.00225169  0.00142753    0.052318 -0.00749916   0.0215558     3.76665 -0.00512257    -9.05698 
             229.702 -24.5848  29.7786  110.267 -2.65904 -4.71341  3.44407 0 0 0   -0.011 -0.02329  0.04412 -0.0209635 -0.0156995  0.0196582 -0.00711661 -0.00225683  0.00136811    0.052217 -0.00721058   0.0221233     3.76673 -0.00514064    -9.05694 
             229.802 -25.0627  29.2772  109.333 -2.65077 -4.69557  3.43991 0 0 0   -0.011 -0.02329  0.04412 -0.0256952   0.122507  0.0426012 -0.00708905 -0.00227172  0.00131993  0.0512374 -0.0062976   0.022929     3.76701 -0.00497496    -9.05682 
             229.902 -24.3052  29.6614  108.771  -2.6548 -4.66913  3.42855 0 0 0   -0.011 -0.02329  0.04412   -0.12255   0.303413 -0.0586714 -0.00712879 -0.00226319  0.00124528    0.050532 -0.00622324   0.0235708     3.76706 -0.00485423     -9.0568 
             230.002 -23.6481  30.3078  107.729 -2.68226 -4.62124   3.4116 0 0 0   -0.011 -0.02329  0.04412  -0.317126   0.490137 -0.0414485 -0.00712807 -0.00228009  0.00126451   0.0496974 -0.00673601   0.0237215     3.76697 -0.00461861    -9.05684 
             230.102 -23.3796  30.1424  107.254 -2.72132  -4.5628  3.40325 0 0 0   -0.011 -0.02329  0.04412  -0.310082    0.63802 -0.0781111 -0.00709268 -0.00221998  0.00122675   0.0492314 -0.00716772   0.0237739     3.76688 -0.00446934    -9.05688 
             230.202 -22.0175  29.8111  107.856 -2.74976 -4.48515  3.39311 0 0 0   -0.011 -0.02329  0.04412 -0.314019  0.707822  -0.18847 -0.00710263  -0.0021818  0.00123701   0.0485464 -0.00683019   0.0234974     3.76704 -0.00428656    -9.05682 
             230.302 -20.4342  29.9019  108.044 -2.79061 -4.39701  3.36747 0 0 0   -0.011 -0.02329  0.04412 -0.396748  0.841105  0.020735 -0.00713363 -0.00219443  0.00124911   0.0475936 -0.00691228   0.0234441     3.76709 -0.00402076    -9.05679 
             230.402 -22.3121  29.7017    107.6 -2.83157 -4.32552  3.36631 0 0 0   -0.011 -0.02329  0.04412 -0.453852  0.699568 0.0351247 -0.00695506 -0.00219357  0.00128214   0.0478532 -0.00705709   0.0238954     3.76702 -0.00412648    -9.05682 
             230.502 -22.7939  29.4041  107.099 -2.87586 -4.25244  3.36036 0 0 0   -0.011 -0.02329  0.04412 -0.455906  0.758646 -0.119544 -0.00710968 -0.00210142  0.00129312   0.0479419 -0.00697247   0.0234495     3.76705 -0.00410794    -9.05681 
             230.602 -24.0664  29.3771   106.76 -2.92274 -4.17067  3.33841 0 0 0   -0.011 -0.02329  0.04412 -0.393655  0.968675 -0.275407 -0.00699817 -0.00212677   0.0012856   0.0479999 -0.00719596   0.0237249     3.76697 -0.00413249    -9.05684 
             230.702 -23.1936  30.1868  107.202 -2.95756 -4.10176   3.3229 0 0 0   -0.011 -0.02329  0.04412 -0.409543  0.712894   -0.1212 -0.00705524 -0.00219209  0.00122939   0.0482514 -0.00658075   0.0253219     3.76707 -0.00443962     -9.0568 
             230.802 -21.7751   30.916  110.652 -3.00407 -4.04137  3.29698 0 0 0   -0.011 -0.02329  0.04412 -0.458252  0.582434 -0.296523   -0.007039 -0.00215817  0.00110857    0.048326 -0.00702387   0.0254454     3.76693 -0.00442994    -9.05686 
             230.902 -20.2978  31.0306  115.191 -3.06341 -3.98312  3.25817 0 0 0   -0.011 -0.02329  0.04412 -0.592932  0.466149 -0.211787 -0.00707889 -0.00210225  0.00118068   0.0479128 -0.00730076    0.025321     3.7669 -0.0042796   -9.05687 
             231.002 -21.0836  34.6212  119.941 -3.12798 -3.94994   3.2435 0 0 0   -0.011 -0.02329  0.04412 -0.677194  0.268308 -0.262132 -0.00694252 -0.00222904  0.00109873   0.0480954 -0.00712622   0.0251773     3.76693 -0.00432758    -9.05686 
             231.102 -21.1807  35.6046  126.905 -3.19603 -3.92245  3.21788 0 0 0   -0.011 -0.02329  0.04412 -0.659277  0.392936 -0.347024 -0.00691426 -0.00211617  0.00108411   0.0484219 -0.00698782   0.0244798     3.76697 -0.00434815    -9.05684 
             231.202 -17.9716   37.855  136.703 -3.25961 -3.91549  3.19598 0 0 0   -0.011 -0.02329  0.04412 -0.604643 0.0516945  -0.17118 -0.00694775 -0.00216585  0.00121779   0.0492584 -0.00704663   0.0244075     3.76691 -0.00455584    -9.05687 
             231.302 -14.4314  40.4462  147.077 -3.32709 -3.91214  3.16737 0 0 0   -0.011 -0.02329  0.04412 -0.565693 0.0634669 -0.323577  -0.0070493 -0.00223434  0.00132683   0.0492631 -0.00788965   0.0239192     3.76669 -0.00448326    -9.05696 
             231.402 -9.46268  40.6575  157.296 -3.38879 -3.90599  3.13539 0 0 0   -0.011 -0.02329  0.04412  -0.62343   0.15652 -0.041385 -0.00705119 -0.00212348  0.00123579  0.0493126 -0.0079183  0.0236062     3.76668 -0.00446591    -9.05696 
             231.502 -7.89578  42.4873  162.576 -3.45138 -3.90081  3.14594 0 0 0   -0.011 -0.02329  0.04412  -0.627239 -0.0187718  0.0629249 -0.00698888 -0.00225269  0.00143087   0.0495962 -0.00764426    0.023645     3.76676 -0.00452259    -9.05693 
             231.602 -6.39352  42.8089  167.162 -3.50681 -3.90389   3.1389 0 0 0   -0.011 -0.02329  0.04412  -0.573278  0.0111471 -0.0497383 -0.00686623 -0.00214707  0.00128358   0.0494326 -0.00780483   0.0246489     3.76674 -0.00457832    -9.05694 
             231.702 -7.46346  41.9847   169.19 -3.55393 -3.91092  3.10631 0 0 0   -0.011 -0.02329  0.04412 -0.443523 0.0994605 -0.113951 -0.00690558 -0.00217123  0.00159156   0.0487381 -0.00845672   0.0269777     3.76664 -0.00468002    -9.05698 
             231.802 -4.31088  44.0564  172.912 -3.58343 -3.92043  3.08495 0 0 0   -0.011 -0.02329  0.04412  -0.239961  0.0247816 -0.0140047  -0.0070148 -0.00229099  0.00151943   0.0478613 -0.00905234   0.0292681     3.76656 -0.00475098    -9.05701 
             231.902 -4.31509  43.1491   174.19 -3.60275  -3.9165  3.06861 0 0 0   -0.011 -0.02329  0.04412  -0.166019  0.0825087 -0.0142087 -0.00698442 -0.00215248  0.00158706   0.0471575 -0.00933647   0.0306195     3.76651 -0.00476755    -9.05703 
             232.002 -3.39272  43.1817  171.685  -3.6208 -3.90222   3.0541 0 0 0   -0.011 -0.02329  0.04412  -0.132392   0.105984 -0.0616001 -0.00719194 -0.00222887  0.00182409   0.0463287 -0.00921594    0.031446     3.76645 -0.00470952    -9.05706 
             232.102 -6.12172  42.6048  165.061 -3.62864 -3.88888  3.04666 0 0 0   -0.011 -0.02329  0.04412 -0.0544907   0.115836 -0.0256721 -0.00717366 -0.00221357  0.00206229   0.0462208 -0.00906218    0.031876     3.76647 -0.00468669    -9.05705 
             232.202 -10.0559   41.563  156.849 -3.64064 -3.87858  3.03834 0 0 0   -0.011 -0.02329  0.04412 -0.0578426  0.0515893  -0.060991 -0.00712399  -0.0021899  0.00206466   0.0457193 -0.00903096   0.0316805     3.76639 -0.00466283    -9.05708 
             232.302 -14.0009  40.2079   149.35 -3.64884 -3.86842   3.0336 0 0 0   -0.011 -0.02329  0.04412 -0.0309953  0.0622838 -0.0555484 -0.00708311 -0.00219218  0.00208551  0.0456429 -0.0087883  0.0313108     3.76637 -0.00461708    -9.05709 
             232.402 -16.3014  39.8338  144.942 -3.65255 -3.85947  3.03074 0 0 0   -0.011 -0.02329  0.04412  0.0440734  0.0685618 -0.0262933 -0.00705948 -0.00220485  0.00194749   0.0455942 -0.00861868   0.0310035     3.76635 -0.00458277     -9.0571 
             232.502 -16.7543   39.907  142.739  -3.6405 -3.85495  3.03468 0 0 0   -0.011 -0.02329  0.04412  0.0356464  0.0598839 -0.0267752 -0.00704819 -0.00221983  0.00178716  0.0461481 -0.0087566  0.0310572     3.76642 -0.00464038    -9.05707 
             232.602 -16.1584  39.2198  140.144 -3.64002 -3.83711  3.03301 0 0 0   -0.011 -0.02329  0.04412 -0.0894647  0.0822504  -0.013201 -0.00709177 -0.00217057  0.00172057  0.0462294 -0.0082152  0.0308442     3.76647 -0.00456276    -9.05705 
             232.702 -16.4384   39.021  138.042 -3.65037 -3.82854  3.02882 0 0 0   -0.011 -0.02329  0.04412 -0.167858  0.105494 -0.097315 -0.00707998 -0.00219863  0.00171018   0.0464903 -0.00822969    0.030687     3.76649 -0.00458794    -9.05704 
             232.802 -17.8135  38.9309  136.168 -3.67173 -3.81184  3.01374 0 0 0   -0.011 -0.02329  0.04412 -0.180004  0.133057 -0.141613 -0.00708949 -0.00220889  0.00184638   0.0461532 -0.00809427   0.0306418     3.76647 -0.00452295    -9.05705 
             232.902 -18.9481  39.3579  134.713 -3.70486 -3.79969  2.99483 0 0 0   -0.011 -0.02329  0.04412 -0.237925  0.231951 -0.196245 -0.00712598 -0.00222736  0.00191492   0.0456362 -0.00881578    0.030294     3.76629 -0.00449986    -9.05712 
             233.002 -18.8647  40.1313  134.282 -3.73428 -3.77579  2.97195 0 0 0   -0.011 -0.02329  0.04412   -0.43863   0.218045 -0.0770842 -0.00710727 -0.00223312  0.00179365   0.0456819 -0.00890508   0.0304381     3.76629 -0.00452577    -9.05713 
             233.102 -19.5173  40.2807  133.763 -3.77883 -3.74714  2.96689 0 0 0   -0.011 -0.02329  0.04412 -0.398117  0.305795 -0.103058 -0.00704526  -0.0022036  0.00178488   0.0455741 -0.00886731   0.0302311     3.76628 -0.00448795    -9.05713 
             233.202 -17.032 39.4313 135.759 -3.81298 -3.71001  2.96018 0 0 0   -0.011 -0.02329  0.04412 -0.368257   0.35869 -0.145797 -0.00714377 -0.00213554  0.00167709   0.0457306 -0.00856788   0.0301707     3.76634 -0.00449026     -9.0571 
             233.302 -13.7769  39.4902  136.519 -3.84211 -3.67587  2.94014 0 0 0   -0.011 -0.02329  0.04412 -0.445781  0.376149  -0.20556 -0.00720532 -0.00218636  0.00173331   0.0459338 -0.00823876   0.0310359     3.76645 -0.00457859    -9.05706 
             233.402 -14.4577  39.0174  136.123 -3.88667  -3.6421  2.92414 0 0 0   -0.011 -0.02329  0.04412 -0.571773  0.325834  0.041522 -0.00708888 -0.00217613  0.00169024   0.0459213 -0.00814623   0.0316613     3.76649 -0.00462505    -9.05704 
             233.502 -16.817 38.5292 134.898 -3.94274 -3.60277  2.91417 0 0 0   -0.011 -0.02329  0.04412 -0.536884  0.276355 -0.134565 -0.00700489 -0.00217855  0.00160023  0.0455554 -0.0080063  0.0315142     3.76649 -0.00453511    -9.05704 
             233.602 -17.2016   38.888  135.833 -4.00008 -3.57677  2.88826 0 0 0   -0.011 -0.02329  0.04412 -0.603358  0.258724  -0.27656 -0.00700246 -0.00217867    0.001595   0.0452046 -0.00816779   0.0319771     3.76645 -0.00451931    -9.05706 
             233.702 -17.8319  39.3416  138.749 -4.05918 -3.55839  2.85544 0 0 0   -0.011 -0.02329  0.04412  -0.61699  0.231021 -0.197436 -0.00700796 -0.00217317  0.00164831   0.0453663 -0.00847163    0.032658     3.76641 -0.00462517    -9.05707 
             233.802 -15.0464  41.2052  144.632 -4.13131  -3.5406  2.82801 0 0 0   -0.011 -0.02329  0.04412 -0.571335  0.221482   -0.3109 -0.00703169 -0.00221577   0.0014122   0.0447451 -0.00907192   0.0326693     3.76626 -0.00454168    -9.05714 
             233.902 -12.6524   41.028  148.088 -4.19372 -3.51375  2.78631 0 0 0   -0.011 -0.02329  0.04412 -0.613454  0.207415 -0.458967 -0.00716926 -0.00226604   0.0016089   0.0441774 -0.00905367   0.0325403     3.76623 -0.00442658    -9.05715 
             234.002 -11.8713  41.5071   150.88 -4.26322 -3.47919  2.75682 0 0 0   -0.011 -0.02329  0.04412  -0.694545   0.343412 -0.0900024 -0.00703709 -0.00235581  0.00150657   0.0439743 -0.00878858   0.0319674     3.76625 -0.00433087    -9.05714 
             234.102 -12.3766  41.2494  152.485 -4.32843 -3.44843  2.74811 0 0 0   -0.011 -0.02329  0.04412 -0.658219  0.267118 -0.266982 -0.00693781  -0.0023814  0.00152423   0.0445364 -0.00858326    0.031265     3.76631 -0.00435793    -9.05712 
             234.202 -11.5899  42.3969  155.822 -4.39879 -3.43343  2.72628 0 0 0   -0.011 -0.02329  0.04412 -0.713099  0.269268 -0.378804 -0.00700968 -0.00242432  0.00156814   0.0452176 -0.00901634   0.0306356     3.76626 -0.00446263    -9.05714 
             234.302 -9.43362  43.4225  161.086 -4.47415 -3.41758  2.69648 0 0 0   -0.011 -0.02329  0.04412  -0.719923   0.148788 -0.0992107 -0.00703534 -0.00242468  0.00149003   0.0450417 -0.00946205   0.0308709     3.76619 -0.00449828    -9.05717 
             234.402 -5.89898  43.6541  166.744 -4.53971 -3.40344  2.67406 0 0 0   -0.011 -0.02329  0.04412 -0.651268  0.177083 -0.254693 -0.00696528 -0.00240331  0.00143444   0.0449295 -0.00966943    0.031353     3.76617 -0.00453133    -9.05717 
             234.502 -3.0952 43.1401 170.487 -4.60665 -3.39229  2.64591 0 0 0   -0.011 -0.02329  0.04412 -0.711442 0.0547831 -0.345951 -0.00705837 -0.00234799  0.00153644   0.0450741 -0.00986027   0.0313162     3.76616 -0.00456932    -9.05718 
             234.602 -2.14557  42.6956  173.157 -4.67974  -3.4163  2.61991 0 0 0   -0.011 -0.02329  0.04412 -0.706785 -0.095249 -0.108811 -0.00704263 -0.00237456  0.00159933  0.0452247 -0.0110082  0.0318762     3.76609 -0.00475769    -9.05721 
             234.702 -1.23211   44.446  178.285 -4.74853 -3.44703  2.59216 0 0 0   -0.011 -0.02329  0.04412 -0.696356 -0.161026 -0.297232 -0.00695693 -0.00252623  0.00152776  0.0449472 -0.0119706   0.032894     3.76603 -0.00490947    -9.05723 
             234.802 -0.759571   43.2137  -176.507 -4.82109 -3.46904  2.54819 0 0 0   -0.011 -0.02329  0.04412 -0.746618 -0.122702 -0.554387 -0.00682293 -0.00240151   0.0013943  0.0447255 -0.0123069  0.0331714       3.766 -0.00495739    -9.05725 
             234.902  2.64407  43.2172 -171.749 -4.89483 -3.49072   2.5229 0 0 0   -0.011 -0.02329  0.04412 -0.689487 -0.189414 -0.182826 -0.00697545 -0.00244891  0.00141646  0.0447718 -0.0124339  0.0326206    3.76597 -0.0049722   -9.05726 
             235.002  3.74471  42.9604 -168.365 -4.96112 -3.50983  2.49012 0 0 0   -0.011 -0.02329  0.04412 -0.663229 -0.227123  -0.38845 -0.00693484 -0.00245468  0.00141515  0.0446992 -0.0124314  0.0327427     3.76597 -0.00497222    -9.05726 
             235.102   4.7477  42.1331 -166.559 -5.03002 -3.53535  2.45761 0 0 0   -0.011 -0.02329  0.04412 -0.767141 -0.224584  -0.20226 -0.00701311 -0.00244524  0.00151372  0.0452059 -0.0125352  0.0322726     3.76601 -0.00497686    -9.05724 
             235.202  3.82408  43.0889 -165.805 -5.10338 -3.55674  2.44342 0 0 0   -0.011 -0.02329  0.04412 -0.675539 -0.239826 -0.256194 -0.00694958 -0.00254281  0.00157858  0.0453168 -0.0125299  0.0319725     3.76601 -0.00497623    -9.05724 
             235.302 3.62796 43.6958 -165.11 -5.16759 -3.57851  2.41415 0 0 0   -0.011 -0.02329  0.04412 -0.705257 -0.250228 -0.375546 -0.00693534 -0.00253001  0.00152312  0.0455696 -0.0124131  0.0320562     3.76604 -0.00493893    -9.05723 
             235.402  3.93336  44.0489 -163.997 -5.23954 -3.60652  2.37566 0 0 0   -0.011 -0.02329  0.04412 -0.727875  -0.22135 -0.280195 -0.00695759 -0.00253561  0.00153354  0.0454456 -0.0127148  0.0323415     3.76606 -0.00498045    -9.05722 
             235.502  5.57902  44.3089 -162.235 -5.30823 -3.61949  2.35151 0 0 0   -0.011 -0.02329  0.04412  -0.713165 -0.0745372  -0.314647 -0.00698758 -0.00256098  0.00148093 0.0453699  -0.01253 0.0328826     3.76606 -0.00493994    -9.05722 
             235.602  8.50812  43.1512 -160.883 -5.37428 -3.63392  2.31615 0 0 0   -0.011 -0.02329  0.04412 -0.705831 -0.142211 -0.449554 -0.00708856 -0.00251402  0.00147416  0.0455365 -0.0129412  0.0329478     3.76613 -0.00497146    -9.05719 
             235.702  5.50068  42.9151 -166.103 -5.44556 -3.64391  2.28208 0 0 0   -0.011 -0.02329  0.04412  -0.726258 -0.0837434  -0.217223 -0.00706149   -0.002503   0.0017457   0.045639 -0.0128958  0.0330354     3.76614 -0.00495028    -9.05719 
             235.802  2.56111  43.7276 -170.188 -5.52075 -3.65957  2.25292 0 0 0   -0.011 -0.02329  0.04412 -0.640703   -0.1174  -0.42721 -0.00693312 -0.00256067  0.00175085 0.0454121 -0.013001 0.0323241     3.76609 -0.00502051    -9.05721 
             235.902  2.10923  44.1244 -171.907 -5.59881 -3.66498  2.21523 0 0 0   -0.011 -0.02329  0.04412  -0.748631 -0.0950964  -0.439989 -0.00697813 -0.00252778  0.00154191 0.0455735 -0.012374 0.0313609     3.76599 -0.00496379    -9.05725 
             236.002  2.01251  44.5095 -173.241 -5.67569 -3.67605   2.1836 0 0 0   -0.011 -0.02329  0.04412 -0.730287 -0.112199 -0.181256 -0.00706909  -0.0025179  0.00152525  0.0457047 -0.0124761      0.031       3.766 -0.00497671    -9.05725 
             236.102  2.13584  44.6804 -173.195 -5.75637 -3.68008  2.16588 0 0 0   -0.011 -0.02329  0.04412   -0.685372 -0.00568037   -0.319634 -0.00709601 -0.00248637  0.00146223  0.0456813 -0.0124568  0.0301938     3.76595 -0.00500594    -9.05727 
             236.202  4.42578  44.0895 -172.893 -5.81917 -3.67672  2.13204 0 0 0   -0.011 -0.02329  0.04412 -0.723929 -0.124791 -0.452036 -0.00718056 -0.00245929  0.00148166  0.0463234 -0.0120806  0.0303247       3.766 -0.00489373    -9.05724 
             236.302  2.81738   43.889 -173.851 -5.88704 -3.69596  2.10915 0 0 0   -0.011 -0.02329  0.04412 -0.687134 -0.171556 -0.125873 -0.00709486  -0.0024453  0.00151435  0.0464177 -0.0123223  0.0305795     3.76605 -0.00491227    -9.05723 
             236.402  2.49179  44.4579 -172.202 -5.94581 -3.71704   2.0808 0 0 0   -0.011 -0.02329  0.04412 -0.620566 -0.248117 -0.327238 -0.00704906 -0.00244422  0.00134297  0.0462797 -0.0123058  0.0314599     3.76608 -0.00490191    -9.05721 
             236.502  2.44693  43.5801 -169.773 -6.01638 -3.73825  2.04144 0 0 0   -0.011 -0.02329  0.04412 -0.688376 -0.212388 -0.488949 -0.00695008 -0.00232276  0.00128303  0.0461421 -0.0120601  0.0309749     3.76602 -0.00488657    -9.05724 
             236.602  3.74056  43.7858 -167.817 -6.08409 -3.76487  2.02145 0 0 0   -0.011 -0.02329  0.04412 -0.669363 -0.207018 -0.100344 -0.00709835 -0.00240855  0.00152817  0.0463137 -0.0121839   0.030461     3.76602 -0.00490335    -9.05724 
             236.702   4.6736  43.1669 -165.479 -6.14727 -3.77912  1.99947 0 0 0   -0.011 -0.02329  0.04412 -0.614127 -0.209815 -0.335487 -0.00703072 -0.00235284  0.00145398  0.0465191 -0.0118355  0.0302487     3.76601 -0.00484719    -9.05724 
             236.802  5.98882  42.8481 -164.235 -6.21265 -3.80125   1.9664 0 0 0   -0.011 -0.02329  0.04412 -0.699604 -0.194821 -0.250014 -0.00710572 -0.00237335  0.00145616  0.0467605 -0.0117505  0.0302745     3.76603 -0.00481721    -9.05723 
             236.902  6.46793  42.2894 -163.519 -6.28514 -3.81848   1.9486 0 0 0   -0.011 -0.02329  0.04412 -0.658196 -0.199462 -0.221094 -0.00712711  -0.0023714    0.001566  0.0466954 -0.0115788  0.0300917       3.766 -0.00480558    -9.05724 
             237.002  5.01017  43.4465 -163.294 -6.35918 -3.84369  1.91847 0 0 0   -0.011 -0.02329  0.04412 -0.684479 -0.228994 -0.354873 -0.00686898 -0.00253031  0.00151848  0.0463174 -0.0116703  0.0293943     3.76593 -0.00487502    -9.05727 
             237.102  4.71963   44.048 -162.889 -6.43319 -3.86693  1.87762 0 0 0   -0.011 -0.02329  0.04412  -0.69717 -0.264498 -0.279827 -0.00692309 -0.00249579  0.00152468  0.0459701 -0.0116949  0.0295923     3.76591 -0.00490416    -9.05728 
             237.202  4.62082  43.8836 -162.591 -6.50431 -3.88134  1.85754 0 0 0   -0.011 -0.02329  0.04412 -0.694995 -0.126477 -0.236965  -0.0069982 -0.00249033  0.00157469  0.0459532 -0.0113523  0.0298091     3.76588 -0.00485414     -9.0573 
             237.302  8.14425  42.9525 -160.624 -6.57092 -3.89641  1.82818 0 0 0   -0.011 -0.02329  0.04412 -0.670807 -0.194999 -0.354753 -0.00717528 -0.00244479  0.00161016 0.0460937 -0.011306 0.0295257     3.76588 -0.00484671     -9.0573 
             237.402  8.70572  42.9003 -160.184 -6.63693 -3.91784  1.79687 0 0 0   -0.011 -0.02329  0.04412 -0.726276 -0.162619 -0.134055  -0.0070737 -0.00246447   0.0016201  0.0461997 -0.0114502  0.0297175     3.76591 -0.00484314    -9.05728 
             237.502  7.75614  42.9051 -160.605 -6.70628 -3.92748  1.77924 0 0 0   -0.011 -0.02329  0.04412 -0.631903 -0.164384 -0.312205 -0.00701482 -0.00248225  0.00169348  0.0463425 -0.0111585  0.0296304     3.76589 -0.00479623    -9.05729 
             237.602  7.69039  42.9497 -160.159 -6.76636 -3.94043  1.74666 0 0 0   -0.011 -0.02329  0.04412 -0.695073 -0.170554 -0.395381 -0.00704896 -0.00248132  0.00159032  0.0468459 -0.0111123  0.0297765     3.76594 -0.00472447    -9.05727 
             237.702  7.71207  43.4568 -160.069  -6.8332 -3.96105   1.7116 0 0 0   -0.011 -0.02329  0.04412 -0.711137 -0.183076 -0.169576 -0.00707267 -0.00249443  0.00165186  0.0469178 -0.0111893  0.0299312     3.76597 -0.00471806    -9.05726 
             237.802  7.42665  42.9327 -159.467 -6.90302 -3.98438  1.69221 0 0 0   -0.011 -0.02329  0.04412  -0.62774 -0.169677 -0.308875 -0.00701679 -0.00242642  0.00162097  0.0467152 -0.0113541  0.0294734     3.76595 -0.00478075    -9.05727 
             237.902  10.3816  42.7666 -157.298 -6.97035 -4.01253  1.65714 0 0 0   -0.011 -0.02329  0.04412 -0.662917 -0.286238 -0.414809 -0.00709897 -0.00249475  0.00148591   0.046455 -0.0115715  0.0290612     3.76593 -0.00485492    -9.05728 
             238.002  9.03824  43.0823 -157.929 -7.03866 -4.04098  1.63252 0 0 0   -0.011 -0.02329  0.04412  -0.726599  -0.224275 -0.0690266 -0.00702638 -0.00246791  0.00161497  0.0463026 -0.0118012  0.0290949     3.76594 -0.00489785    -9.05727 
             238.102  7.59168  42.8727 -158.566 -7.10523 -4.06449  1.61254 0 0 0   -0.011 -0.02329  0.04412 -0.645418 -0.220993 -0.257886 -0.00707267 -0.00240529  0.00161345  0.0462622 -0.0118381  0.0290163     3.76594 -0.00491035    -9.05727 
             238.202  7.89702  43.4321 -157.952 -7.16627 -4.09113  1.58275 0 0 0   -0.011 -0.02329  0.04412 -0.696879 -0.197917 -0.362828 -0.00705761 -0.00243489  0.00157097  0.0464727 -0.0121786  0.0292338     3.76601 -0.00491018    -9.05724 
             238.302   7.9451  43.7093 -157.972 -7.22621 -4.12045  1.54867 0 0 0   -0.011 -0.02329  0.04412 -0.596468  -0.22984 -0.118137 -0.00712926 -0.00246391  0.00167983  0.0461955 -0.0124147  0.0297753     3.76604 -0.00494595    -9.05723 
             238.402  7.51572  43.2481 -157.482 -7.27851 -4.14635  1.53169 0 0 0   -0.011 -0.02329  0.04412 -0.491845 -0.248765 -0.286123 -0.00707557 -0.00242013  0.00159331  0.0462576 -0.0126224  0.0297857     3.76607 -0.00495919    -9.05722 
             238.502    10.21  42.5492 -156.188 -7.33353 -4.16901  1.49842 0 0 0   -0.011 -0.02329  0.04412 -0.530877 -0.296769 -0.427935 -0.00715712 -0.00237006  0.00155712  0.0462104 -0.0122447  0.0294657     3.76601 -0.00494266    -9.05724 
             238.602  9.38808  42.7882 -156.791 -7.39559  -4.1797  1.47111 0 0 0   -0.011 -0.02329  0.04412 -0.609445 -0.183624  -0.17837 -0.00707095 -0.00239739  0.00176779 0.0463194 -0.011219 0.0293473     3.76588 -0.00482931     -9.0573 
             238.702 8.42577 42.5739 -157.04 -7.46223 -4.19513  1.44712 0 0 0   -0.011 -0.02329  0.04412  -0.54739  -0.18372 -0.342193 -0.00709662 -0.00233626  0.00166108  0.0460854 -0.0107567  0.0285208     3.76576 -0.00485374    -9.05735 
             238.802  8.55905  42.9047 -156.709 -7.52432 -4.21255  1.41789 0 0 0   -0.011 -0.02329  0.04412 -0.604658 -0.203147 -0.417385 -0.00709148  -0.0023824  0.00167672  0.0463731 -0.0104924  0.0276655     3.76572 -0.00482972    -9.05736 
             238.902 8.83205 43.2853 -156.45 -7.58712 -4.24341  1.39274 0 0 0   -0.011 -0.02329  0.04412  -0.65139 -0.206657 -0.149345 -0.00712192 -0.00239975  0.00168387  0.0464422 -0.0109615  0.0269263     3.76576 -0.00490291    -9.05735 
             239.002  8.84191  42.7001 -155.859 -7.65057 -4.26398  1.37948 0 0 0   -0.011 -0.02329  0.04412  -0.58302 -0.180391 -0.247994 -0.00706845 -0.00239509  0.00163979  0.0465142 -0.0108618  0.0262531     3.76572 -0.00491662    -9.05736 
             239.102   11.096  42.6041 -154.659 -7.70775 -4.29062  1.35326 0 0 0   -0.011 -0.02329  0.04412 -0.606022 -0.296078 -0.325402 -0.00716931 -0.00241332  0.00169312  0.0466207 -0.0111242  0.0259742     3.76575 -0.00494225    -9.05735 
             239.202   10.028  43.0583 -155.196 -7.77449 -4.31824  1.33322 0 0 0   -0.011 -0.02329  0.04412 -0.634022 -0.241989 -0.154375 -0.00712757 -0.00240287  0.00181073  0.0463449 -0.0110849  0.0259676     3.76573 -0.00497593    -9.05736 
             239.302  8.62703   42.224 -155.855 -7.83528 -4.34774   1.3075 0 0 0   -0.011 -0.02329  0.04412 -0.546963  -0.28192 -0.350064 -0.00711037 -0.00231317  0.00173127  0.0460123 -0.0113273  0.0261977     3.76574 -0.00503328    -9.05735 
             239.402  8.17228  42.8984 -155.934 -7.89481 -4.37606  1.27006 0 0 0   -0.011 -0.02329  0.04412 -0.639435 -0.210239 -0.387634 -0.00711084 -0.00240349   0.0017755  0.0458483 -0.0114389  0.0262037     3.76574 -0.00506604    -9.05735 
             239.502  7.36823  43.3896 -157.574 -7.96179 -4.39144  1.23692 0 0 0   -0.011 -0.02329  0.04412 -0.656081 -0.127863 -0.252229 -0.00711584 -0.00240556  0.00180458  0.0459477 -0.0112543  0.0260018     3.76572 -0.00504525    -9.05736 
             239.602  4.24364   42.922 -162.706 -8.03163 -4.39112  1.22456 0 0 0   -0.011 -0.02329  0.04412  -0.67451 0.0743087 -0.226341 -0.00713823 -0.00234883  0.00177807  0.0462285 -0.0111941  0.0254787    3.76571 -0.0050294   -9.05737 
             239.702  5.50153  43.1889 -168.316 -8.09658 -4.37625  1.19351 0 0 0   -0.011 -0.02329  0.04412 -0.667138 0.0859316 -0.443862 -0.00735324 -0.00240256  0.00191967  0.0465542 -0.0108549  0.0253197     3.76569 -0.00496286    -9.05737 
             239.802 0.763561  43.4152 -177.924 -8.16904  -4.3572  1.17027 0 0 0   -0.011 -0.02329  0.04412 -0.652108  0.140063 -0.186026 -0.00721534 -0.00236639  0.00196233  0.0464735 -0.0103998  0.0248892     3.76561 -0.00494622    -9.05741 
             239.903 -2.32571  42.7408  175.199 -8.23039  -4.3439  1.15063 0 0 0   -0.011 -0.02329  0.04412 -0.571426  0.131342 -0.301452 -0.00713914 -0.00229794  0.00185669  0.0466384 -0.0104317  0.0244171     3.76561 -0.00495036    -9.05741 
             240.002 -4.15839  42.9746  170.244 -8.29294  -4.3342  1.11954 0 0 0   -0.011 -0.02329  0.04412 -0.631685   0.14106 -0.393388 -0.00720298 -0.00237021  0.00178348  0.0467363 -0.0105941   0.024078     3.76562 -0.00497112     -9.0574 
             240.102 -5.48641  43.2958  166.646 -8.34726 -4.31322  1.08487 0 0 0   -0.011 -0.02329  0.04412 -0.597656  0.150703 -0.205307 -0.00721239 -0.00240051  0.00178595  0.0471125 -0.0101559  0.0246173     3.76566 -0.00488708    -9.05739 
             240.202 -7.04766  43.5168  164.799 -8.39865 -4.28979   1.0704 0 0 0   -0.011 -0.02329  0.04412 -0.500218  0.204155  -0.23866 -0.00708055  -0.0023916  0.00166855   0.0474086 -0.00968118   0.0247043    3.76569 -0.0048169   -9.05738 
             240.302 -4.70622  43.4858  164.881 -8.44766 -4.28272  1.04135 0 0 0   -0.011 -0.02329  0.04412 -0.522596  0.138809 -0.327987 -0.00723269 -0.00236956  0.00165087  0.0474867 -0.0102918  0.0246629      3.7657 -0.00489909    -9.05737 
             240.402 -5.86112  44.1302  163.159     -8.5 -4.26912  1.02093 0 0 0   -0.011 -0.02329  0.04412 -0.485261 0.0499548 -0.188178 -0.00714686 -0.00238778  0.00164215  0.0474028 -0.0102819  0.0245151     3.76568 -0.00489196    -9.05738 
             240.502 -6.26205  42.4169  162.385 -8.54903 -4.25364  1.00696 0 0 0   -0.011 -0.02329  0.04412 -0.422228 0.0899025 -0.160417 -0.00712425  -0.0022998  0.00169712   0.0473084 -0.00983355    0.024213     3.76567 -0.00482295    -9.05738 
             240.602 -8.19687  42.9056  160.984 -8.59378 -4.24808 0.993182 0 0 0   -0.011 -0.02329  0.04412  -0.467861 0.00457916  -0.222629 -0.00702945 -0.00244277  0.00166535   0.0475496 -0.00982108    0.023746     3.76568 -0.00481895    -9.05738 
             240.702 -9.53666   42.864  159.959 -8.64376 -4.24588 0.966279 0 0 0   -0.011 -0.02329  0.04412 -0.506579 0.0764803 -0.305725 -0.00701615 -0.00244818  0.00160887   0.0474953 -0.00990213   0.0236731     3.76566 -0.00482124    -9.05739 
             240.802 -9.78774   43.593  159.636 -8.69695 -4.22677 0.947518 0 0 0   -0.011 -0.02329  0.04412  -0.555877  0.0867724 -0.0657615 -0.00704493 -0.00247928  0.00166281   0.0470951 -0.00923119   0.0239697     3.76569 -0.00472871    -9.05737 
             240.902 -9.57788  42.6058  160.665 -8.75109 -4.20801 0.931756 0 0 0   -0.011 -0.02329  0.04412 -0.505204  0.170125 -0.153717 -0.00702405 -0.00244115  0.00155355   0.0465628 -0.00893549   0.0242594     3.76568 -0.00466356    -9.05738 
             241.002 -6.4295 42.4579 162.263 -8.80549 -4.19188 0.910249 0 0 0   -0.011 -0.02329  0.04412 -0.565667  0.179599 -0.240432 -0.00716469 -0.00246827  0.00149698   0.0463519 -0.00904664   0.0243071     3.76565 -0.00465853    -9.05739 
             241.102 -5.95384  42.1157   162.45 -8.86151 -4.16819 0.882325 0 0 0   -0.011 -0.02329  0.04412 -0.663226  0.170336 -0.086291 -0.00705294 -0.00243999   0.0014448   0.0461755 -0.00854404   0.0247843      3.7657 -0.00460756    -9.05737 
             241.202 -7.11653    42.15  161.579 -8.92275 -4.14569 0.864274 0 0 0   -0.011 -0.02329  0.04412 -0.608325  0.164052 -0.191195 -0.00704583 -0.00246668  0.00154763   0.0459685 -0.00816516   0.0252861     3.76574 -0.00456912    -9.05736 
             241.302 -7.94333  42.4947  161.217 -8.98145 -4.12937 0.841865 0 0 0   -0.011 -0.02329  0.04412 -0.615195  0.155488 -0.283661 -0.00702194 -0.00248407  0.00152396   0.0460926 -0.00810773   0.0252188     3.76575 -0.00457072    -9.05735 
             241.402 -8.86593  42.2941  160.711 -9.04241 -4.11111 0.808705 0 0 0   -0.011 -0.02329  0.04412 -0.666795  0.223584 -0.400409 -0.00701413 -0.00246074  0.00160593   0.0462127 -0.00810058    0.025455     3.76577 -0.00458864    -9.05734 
             241.502 -8.02972  42.5964  161.288 -9.10483 -4.10238 0.786497 0 0 0   -0.011 -0.02329  0.04412 -0.609999 0.0654832 -0.191673 -0.00710154 -0.00244038  0.00161441   0.0463381 -0.00823498   0.0258364     3.76579 -0.00462675    -9.05733 
             241.602 -6.27855  42.8147  165.182 -9.16301 -4.09976 0.762357 0 0 0   -0.011 -0.02329  0.04412  -0.57046 0.0333027 -0.287797 -0.00698987 -0.00241854  0.00142385  0.0464348 -0.0084355  0.0256249    3.76577 -0.0046482   -9.05734 
             241.702 -2.21368  42.7484  170.993 -9.22196  -4.1016 0.732821 0 0 0   -0.011 -0.02329  0.04412  -0.637865 -0.0338241  -0.362399 -0.00705424   -0.002405  0.00137171   0.0466345 -0.00862765   0.0255907     3.76577 -0.00468282    -9.05734 
             241.802 -0.831741   42.5031   175.031 -9.28314 -4.11066 0.712068 0 0 0   -0.011 -0.02329  0.04412   -0.55491 -0.0564992 -0.0364237 -0.00698137 -0.00243375  0.00144507   0.0466375 -0.00886753   0.0259078     3.76577 -0.00471969    -9.05734 
             241.902 -0.731812   43.5736   177.435 -9.33254 -4.11485 0.698994 0 0 0   -0.011 -0.02329  0.04412   -0.43274 -0.0350628  -0.164033 -0.00698161 -0.00249594  0.00148303  0.0465831 -0.0088716  0.0258261     3.76576 -0.00471446    -9.05735 
             242.002 -0.811643   43.2685   179.422 -9.36796 -4.12298 0.682509 0 0 0   -0.011 -0.02329  0.04412 -0.348789 0.0259136 -0.173753 -0.00700263 -0.00248828  0.00158012   0.0468708 -0.00925981   0.0260458     3.76577 -0.00477851    -9.05734 
             242.102 0.230167  43.6164 -179.103 -9.39614 -4.11915 0.671128 0 0 0   -0.011 -0.02329  0.04412  -0.202619 -0.0288405  -0.154704 -0.00706342 -0.00248822  0.00160793   0.0468591 -0.00904057   0.0260386     3.76578 -0.00475166    -9.05734 
             242.202 0.619285  43.0897 -177.658 -9.41237 -4.12281 0.661282 0 0 0   -0.011 -0.02329  0.04412  -0.116007 -0.0240574  -0.063356 -0.00699756 -0.00242424  0.00149509   0.0468358 -0.00905692   0.0259661     3.76578 -0.00475233    -9.05734 
             242.302 0.932318   42.212 -176.742 -9.41686 -4.13107  0.65578 0 0 0   -0.011 -0.02329  0.04412 -0.0368191   -0.02412  -0.033049 -0.00701529 -0.00241121  0.00156212   0.0469571 -0.00934845   0.0262014      3.7658 -0.00478988    -9.05733 
             242.402   2.2643  41.9341 -175.069 -9.41549 -4.13669 0.656888 0 0 0   -0.011 -0.02329  0.04412   0.0114988  -0.0195588 -0.00302067 -0.00699659 -0.00245317  0.00144986   0.0472403 -0.00956152    0.026134     3.76582 -0.00481254    -9.05732 
             242.502  2.98927  41.7905 -174.433 -9.41053 -4.13794 0.657202 0 0 0   -0.011 -0.02329  0.04412 0.0714688 -0.017707 0.0115191 -0.00702205 -0.00246066  0.00150105   0.0473182 -0.00951634   0.0263092     3.76584 -0.00480476    -9.05731 
             242.602 3.15926 42.8578 -174.36 -9.40165 -4.13538 0.660366 0 0 0   -0.011 -0.02329  0.04412  0.0971283 0.00923602  0.0178066 -0.00705382 -0.00250138  0.00161788   0.0474383 -0.00933965   0.0261507     3.76584 -0.00478062    -9.05731 
             242.702  2.18226  43.0127 -175.471 -9.39479 -4.13984 0.663935 0 0 0   -0.011 -0.02329  0.04412   0.0643618  -0.0185831 -0.00288836 -0.00705026 -0.00246727  0.00169478   0.0475177 -0.00962126   0.0258436     3.76585 -0.00481242    -9.05731 
             242.802 0.976139  42.8648 -176.798 -9.39102 -4.14154 0.666504 0 0 0   -0.011 -0.02329  0.04412   0.0424307   -0.016911 -0.00318351 -0.00704006 -0.00242941  0.00165996   0.0476144 -0.00962152   0.0255058     3.76585 -0.00481047    -9.05731 
             242.902 0.296686  42.8986 -177.519 -9.39164 -4.14251 0.668136 0 0 0   -0.011 -0.02329  0.04412  0.0280725  -0.020382 0.00203686 -0.00703511  -0.0024311  0.00157836    0.047516 -0.00956343   0.0251326     3.76582 -0.00481099    -9.05732 
             243.002 -0.141078   42.9375  -178.226 -9.39056 -4.14672 0.670398 0 0 0   -0.011 -0.02329  0.04412  0.0195263 -0.0238008  0.0076796 -0.00705959 -0.00243803   0.0016704   0.0475361 -0.00969113    0.024906     3.76582 -0.00482681    -9.05732 
             243.102 -0.239297    42.934  -178.259 -9.38756 -4.15111  0.67342 0 0 0   -0.011 -0.02329  0.04412  0.0136625 -0.0311549 0.00945275 -0.00700569 -0.00243775  0.00154169   0.0477197 -0.00981237   0.0248009     3.76584 -0.00483446    -9.05731 
             243.202 -0.374645   42.9336  -178.573 -9.38714 -4.14682 0.676167 0 0 0   -0.011 -0.02329  0.04412 0.00462423 -0.0236983  0.0108624 -0.00702852 -0.00242879  0.00151007   0.0478314 -0.00938483   0.0246507    3.76583 -0.0047829   -9.05732 
             243.302 -0.649613   42.9474  -179.081 -9.38649 -4.13987  0.67836 0 0 0   -0.011 -0.02329  0.04412 -0.000575893     0.018443    0.0164864 -0.00705397  -0.0024306  0.00159467   0.0479474 -0.00888798   0.0246195     3.76582 -0.00472237    -9.05732 
             243.402 -0.825286   42.9544  -179.223 -9.38774 -4.13469  0.67633 0 0 0   -0.011 -0.02329  0.04412 -0.00889181   0.0668126  0.00885312 -0.00700447 -0.00242762  0.00151574   0.0477311 -0.00883832   0.0248123     3.76581 -0.00472095    -9.05733 
             243.502 -1.68511  43.0575   177.87 -9.38887 -4.12794 0.676415 0 0 0   -0.011 -0.02329  0.04412  -0.0225553    0.113815 0.000260141 -0.00711319 -0.00243408  0.00170401   0.0477099 -0.00894068   0.0248717     3.76581 -0.00473266    -9.05732 
             243.602 -4.17154   43.287  172.056 -9.38999  -4.1087 0.679708 0 0 0   -0.011 -0.02329  0.04412 -0.0142631   0.191672 0.00176958 -0.00714051 -0.00243494   0.0017644   0.0479442 -0.00865853   0.0247176     3.76582 -0.00469644    -9.05732 
             243.702 -7.84596  43.3118  163.372 -9.38783 -4.08599 0.677914 0 0 0   -0.011 -0.02329  0.04412   0.0562859    0.260015 -0.00363916 -0.00716422 -0.00244939  0.00183973  0.0478874 -0.0086101  0.0248899     3.76582 -0.00469067    -9.05732 
             243.802 -11.9385  42.5856  152.567 -9.37668 -4.05261 0.676369 0 0 0   -0.011 -0.02329  0.04412  0.116729  0.299986 0.0116731 -0.00720677 -0.00244228  0.00190983   0.0478937 -0.00831898    0.025101     3.76583 -0.00465713    -9.05732 
             243.902 -14.5626    41.14  141.433 -9.36893 -4.02436 0.679277 0 0 0   -0.011 -0.02329  0.04412 0.0811116   0.18306 0.0334777   -0.007277 -0.00240999  0.00186429   0.0478726 -0.00805708    0.024795     3.76582 -0.00462359    -9.05732 
             244.002 -18.1742  37.7203  129.735 -9.35994 -4.00305 0.677135 0 0 0   -0.011 -0.02329  0.04412   0.207234   0.239266 -0.0950128 -0.00727416 -0.00235169  0.00199917   0.0478301 -0.00783263   0.0246923     3.76582 -0.00459364    -9.05732 
             244.102 -22.4313  31.5696  117.499 -9.34133 -3.98087 0.685346 0 0 0   -0.011 -0.02329  0.04412 0.112868 0.199731 0.163772  -0.0072656 -0.00221817  0.00210387  0.0480029 -0.0079068  0.0246691     3.76583 -0.00461769    -9.05732 
             244.202 -24.5739  28.9077  104.505 -9.32824 -3.96284 0.697928 0 0 0   -0.011 -0.02329  0.04412  0.15319 0.184972 0.382953 -0.00730813 -0.00247615  0.00199652    0.048214 -0.00808697    0.024395     3.76581 -0.00464487    -9.05732 
             244.302 -28.1407  24.5167  91.0699 -9.30468 -3.94388 0.728889 0 0 0   -0.011 -0.02329  0.04412 0.347477 0.157201 0.403418 -0.00727027 -0.00232737  0.00199057    0.048038 -0.00792329   0.0247106     3.76584 -0.00463076    -9.05731 
             244.402 -28.2304   19.265  79.4987 -9.26201 -3.93249 0.765815 0 0 0   -0.011 -0.02329  0.04412  0.410346 0.0737207  0.355191  -0.0071995 -0.00230192  0.00201927   0.0481745 -0.00781635   0.0247598     3.76587 -0.00467286     -9.0573 
             244.502 -22.8593  15.5702  69.0369 -9.21559 -3.93543 0.784806 0 0 0   -0.011 -0.02329  0.04412  0.381085 0.0109612  0.287419 -0.00743619 -0.00239767  0.00195705  0.0478632 -0.0079901  0.0264859     3.76584 -0.00476324    -9.05731 
             244.602 -18.917 11.2584 59.5425 -9.17346 -3.94035 0.802384 0 0 0   -0.011 -0.02329  0.04412   0.363198 -0.0371181   0.287958 -0.00734934 -0.00227897  0.00187622   0.0472899 -0.00815343   0.0279852     3.76582 -0.00475379    -9.05732 
             244.702 -16.4938  6.77074  48.2345 -9.13497 -3.95883 0.805637 0 0 0   -0.011 -0.02329  0.04412  0.465526 -0.121566  0.183649 -0.00729254 -0.00226237  0.00196352   0.0474544 -0.00912699   0.0298335     3.76544 -0.00477861    -9.05748 
             244.802 -12.6264  3.25958  37.7315 -9.09944 -3.98101 0.799823 0 0 0   -0.011 -0.02329  0.04412   0.465396 -0.0734465  0.0811257 -0.00723658 -0.00221823  0.00184172  0.0483318 -0.0101054  0.0313969     3.76488 -0.00486062    -9.05771 
             244.902 -11.1832 0.673697  25.3351 -9.06128 -3.99664 0.804999 0 0 0   -0.011 -0.02329  0.04412  0.275986 -0.213199 0.0292809 -0.00724862 -0.00218182  0.00206536  0.0483236 -0.0103325  0.0316136     3.76481 -0.00480245    -9.05774 
             245.002 -7.46778   1.3827  17.0764 -9.05191 -4.02437 0.807534 0 0 0   -0.011 -0.02329  0.04412 0.0970771 -0.243243 0.0418126 -0.00719308 -0.00228331  0.00179941  0.0491355 -0.0106534  0.0317542     3.76449 -0.00482746    -9.05787 
             245.102 -3.56883 0.999229  11.6666 -9.06462 -4.04537 0.806718 0 0 0   -0.011 -0.02329  0.04412  -0.0179537   -0.140482 -0.00924883 -0.00720294 -0.00222563  0.00173794  0.0504083 -0.0115563  0.0318391     3.76393 -0.00465164     -9.0581 
             245.202 -0.108059  0.383878   8.16497 -9.07211 -4.06282 0.808131 0 0 0   -0.011 -0.02329  0.04412 -0.0389482 -0.0975403  0.0637351 -0.00720569 -0.00215783  0.00161826  0.0510631 -0.0111177  0.0319226     3.76375 -0.00488725    -9.05818 
             245.302  0.747858 -0.329258   5.82613  -9.0728  -4.0729 0.818379 0 0 0   -0.011 -0.02329  0.04412 0.0185619 -0.109675 0.0763199  -0.0070558 -0.00213211  0.00148137  0.0510463 -0.0111026  0.0317924     3.76377 -0.00488851    -9.05817 
             245.402   1.42625 -0.804652   4.25635 -9.06781 -4.07831 0.820607 0 0 0   -0.011 -0.02329  0.04412  0.0627282 -0.0947679  0.0312481 -0.00697364 -0.00211699  0.00139705  0.0507821 -0.0114796  0.0320127     3.76382 -0.00473009    -9.05815 
             245.502    2.1078 -0.605185   3.52246 -9.06726 -4.08088 0.815059 0 0 0   -0.011 -0.02329  0.04412 0.0699175  -0.15512 0.0460341 -0.00697019 -0.00215823  0.00132603  0.0512201 -0.0125241  0.0327982    3.76352 -0.0043291   -9.05828 
             245.602    2.2116 -0.245671   2.49455 -9.06148 -4.08939 0.813812 0 0 0   -0.011 -0.02329  0.04412  0.0556075 -0.0600372  0.0458582   -0.006937 -0.00217167  0.00130872   0.051164 -0.0130208  0.0334375     3.76344 -0.00412929    -9.05831 
             245.702     2.019 -0.345519   1.44542 -9.05337 -4.09331 0.818617 0 0 0   -0.011 -0.02329  0.04412  0.0326543 0.00103355  0.0358653 -0.00693347 -0.00213994  0.00135206   0.050879 -0.0128541  0.0332242     3.76357 -0.00419585    -9.05825 
             245.802   1.61976 -0.282668   1.50996 -9.05901 -4.09217 0.816839 0 0 0   -0.011 -0.02329  0.04412  0.0226065 -0.0293157  0.0253578  -0.0069062 -0.00215756  0.00127442  0.0516479 -0.0131014  0.0336516     3.76324 -0.00409029    -9.05839 
             245.902   1.35551 -0.492076  0.807238 -9.06246 -4.08535 0.814579 0 0 0   -0.011 -0.02329  0.04412  0.0294542 -0.0198489  0.0141082 -0.00684516 -0.00213894  0.00114501  0.0522546 -0.0140549   0.034025     3.76299 -0.00369958     -9.0585 
             246.002   1.55722 -0.298307 -0.866993 -9.06429 -4.08059 0.813305 0 0 0   -0.011 -0.02329  0.04412  0.0279406 -0.0127885 0.00771016 -0.00693437 -0.00217262  0.00132966 0.0527255 -0.014734 0.0342608     3.76281 -0.00341851    -9.05857 
             246.102   1.65652 -0.238244  -1.34349 -9.06503  -4.0798 0.811145 0 0 0   -0.011 -0.02329  0.04412    0.0209457   0.00740707 -0.000554782 -0.00697219 -0.00216509  0.00137201   0.053043 -0.0148436  0.0345114     3.76266 -0.00336557    -9.05863 
             246.202   1.63099 -0.184909  -1.27647 -9.06929 -4.07659 0.810138 0 0 0   -0.011 -0.02329  0.04412   0.00895474     0.016096 -0.000716313 -0.00698275 -0.00217989  0.00137001  0.0536305 -0.0150106  0.0345935     3.76245 -0.00328475    -9.05872 
             246.302   1.35071 -0.253948  -0.98048   -9.068 -4.07166 0.809807 0 0 0   -0.011 -0.02329  0.04412    0.0155792    0.0174426 -0.000435344 -0.00694499 -0.00215022  0.00131113  0.0536342 -0.0153315  0.0346343    3.76245 -0.0031559   -9.05872 
             246.402   1.11789 -0.271107 -0.365927 -9.07381 -4.07139 0.809246 0 0 0   -0.011 -0.02329  0.04412 -0.00335247   0.0134079  0.00195665 -0.00689062 -0.00214634  0.00118015  0.0542951 -0.0151809   0.034658     3.76221 -0.00319908    -9.05882 
             246.502  0.957807  -0.25873 -0.110299 -9.07556 -4.07064 0.810431 0 0 0   -0.011 -0.02329  0.04412 -0.00699791   0.0136201   0.0039749 -0.00689051 -0.00216175  0.00124114  0.0544247 -0.0151136  0.0345467     3.76218 -0.00322375    -9.05883 
             246.602   0.87408 -0.337018 0.0408807 -9.07303 -4.07593 0.809955 0 0 0   -0.011 -0.02329  0.04412   0.0078097 -0.00411639  -0.0020025 -0.00694851 -0.00214657  0.00133577 0.0541351 -0.014535 0.0346242     3.76225 -0.00346123     -9.0588 
             246.702  0.653545 -0.442452  0.327029  -9.0719 -4.07509 0.810483 0 0 0   -0.011 -0.02329  0.04412    0.0132745   -0.0030876 -0.000179192 -0.00696554 -0.00213686  0.00137921  0.0541154 -0.0146814  0.0345959    3.76227 -0.0034036    -9.0588 
             246.802  0.507857 -0.457712  0.764565 -9.07151 -4.07475 0.812353 0 0 0   -0.011 -0.02329  0.04412  0.0166019 0.00459307  0.0107879 -0.00694076 -0.00216612  0.00132171  0.0542238 -0.0147202  0.0344682     3.76225 -0.00338676    -9.05881 
             246.902  0.285342 -0.619015  0.991661 -9.07003  -4.0693 0.812571 0 0 0   -0.011 -0.02329  0.04412 0.0220715 0.0105788 0.0085124 -0.00694031 -0.00213369  0.00135985 0.0542792 -0.015175 0.0345318     3.76223 -0.00320449    -9.05881 
             247.004 0.0178536 -0.611354   1.47739 -9.06709 -4.06725 0.814655 0 0 0   -0.011 -0.02329  0.04412 0.0284584 0.0160352 0.0126599 -0.00689818 -0.00217024  0.00126904  0.0542474 -0.0152593  0.0344396     3.76226 -0.00317243     -9.0588 
             247.102 -0.0661563   -0.73084    1.59123 -9.07208 -4.06452 0.812762 0 0 0   -0.011 -0.02329  0.04412  0.0200699  0.0127788 0.00540866 -0.00693174 -0.00215713    0.001375  0.0549648 -0.0153499   0.034683     3.76197 -0.00312118    -9.05892 
             247.202 -0.308775 -0.814629   1.89288 -9.07295 -4.06137 0.813596 0 0 0   -0.011 -0.02329  0.04412  0.0254965 0.00899364 0.00746069 -0.00691842 -0.00215403  0.00135954  0.0552726 -0.0155482  0.0346514     3.76188 -0.00303763    -9.05896 
             247.302 -0.442239 -0.857631   2.04638 -9.07363 -4.06243 0.812967 0 0 0   -0.011 -0.02329  0.04412  0.0270807 0.00236847 0.00808716 -0.00692255 -0.00214924  0.00138591 0.0555915 -0.015397 0.0347946     3.76174 -0.00309104    -9.05902 
             247.402 -0.503335 -0.883232   2.32775 -9.07519 -4.05991 0.811596 0 0 0   -0.011 -0.02329  0.04412  0.0180715  0.0210339 0.00373443  -0.0069185 -0.00215387  0.00130985  0.0559617 -0.0155236  0.0349612     3.76159 -0.00303486    -9.05908 
             247.502 -0.592855 -0.883582   2.26278 -9.07634 -4.05919  0.81379 0 0 0   -0.011 -0.02329  0.04412  0.0207923   0.013306 0.00672773 -0.00693652 -0.00216899  0.00140219 0.0562621 -0.015441 0.0348033     3.76151 -0.00306332    -9.05911 
             247.602 -0.83521 -1.01302  2.59005 -9.07596 -4.05758 0.813083 0 0 0   -0.011 -0.02329  0.04412  0.0226452  0.0083347 0.00520447 -0.00688833 -0.00213073  0.00130845  0.0564239 -0.0155087  0.0349436     3.76144 -0.00303425    -9.05914 
             247.702 -0.935496 -0.966267   2.73234 -9.07923 -4.05154 0.811912 0 0 0   -0.011 -0.02329  0.04412  0.0180328   0.017406 0.00382602  -0.0068962 -0.00217328  0.00128691  0.0569395 -0.0159645  0.0350849     3.76125 -0.00284963    -9.05922 
             247.802 -0.957597  -1.01844   2.68474 -9.07655 -4.05428 0.811071 0 0 0   -0.011 -0.02329  0.04412  0.0250178 0.00633685 0.00061692 -0.00692722  -0.0021542  0.00137046  0.0568898 -0.0155835  0.0352055    3.76124 -0.0029981   -9.05922 
             247.902 -0.968382  -1.03283   2.68155 -9.08116 -4.05532 0.810198 0 0 0   -0.011 -0.02329  0.04412   0.0141801  0.00331727 0.000419115 -0.00693009 -0.00215251    0.001392  0.0575377 -0.0154431  0.0352582     3.76101 -0.00304472    -9.05932 
             248.002 -1.07935 -1.01877  2.88403 -9.07984 -4.06297 0.811594 0 0 0   -0.011 -0.02329  0.04412  0.0168125 -0.0171218 0.00567498 -0.00689724 -0.00216503  0.00132173  0.0575827 -0.0147691  0.0351455      3.761 -0.0033049   -9.05932 
             248.102 -1.01477 -1.04776  2.95994 -9.07579 -4.06138 0.811048 0 0 0   -0.011 -0.02329  0.04412    0.028706 -0.00801715  0.00282586 -0.00693893  -0.0021573  0.00130743  0.0573934 -0.0150514  0.0352518     3.76106 -0.00319807     -9.0593 
             248.202 -0.999571  -1.05987   2.85338 -9.07765 -4.06035 0.810123 0 0 0   -0.011 -0.02329  0.04412   0.0256631 -0.00472842  0.00172399 -0.00695215 -0.00216115  0.00139661  0.0578332 -0.0152139  0.0353426      3.7609 -0.00313077    -9.05937 
             248.302 -1.05391  -1.0848  2.92989  -9.0781 -4.06219  0.81085 0 0 0   -0.011 -0.02329  0.04412  0.0222488 -0.0083933  0.0057186 -0.0069374 -0.0021535 0.00139042  0.0581145 -0.0151039  0.0352854     3.76081 -0.00317008     -9.0594 
             248.402 -1.09328 -1.05533   3.0783 -9.08422 -4.06423 0.809282 0 0 0   -0.011 -0.02329  0.04412 0.00785424  -0.011429 0.00157799 -0.00692881 -0.00217551  0.00133421 0.0588501 -0.015019  0.035436     3.76054 -0.00319502    -9.05952 
             248.502 -1.04493 -1.11554  2.95357 -9.08475 -4.06293 0.807455 0 0 0   -0.011 -0.02329  0.04412   0.0101063 -0.00592433  -0.0021787 -0.00697549 -0.00215652  0.00144102  0.0589705 -0.0152343  0.0356172     3.76048 -0.00311151    -9.05954 
             248.602 -1.19474 -1.14653  3.27604 -9.08351 -4.05882 0.809685 0 0 0   -0.011 -0.02329  0.04412  0.0131768  0.0028779 0.00496956 -0.00691632  -0.0021513  0.00129275  0.0589657 -0.0156368  0.0353868    3.76051 -0.0029582   -9.05953 
             248.702 -1.14876 -1.14355  3.10438 -9.08694 -4.06053 0.809503 0 0 0   -0.011 -0.02329  0.04412  0.00646442 -0.00600979  0.00570694  -0.0069588 -0.00216013  0.00143464  0.0593967 -0.0155088  0.0354297     3.76036 -0.00300269    -9.05959 
             248.802 -1.18567 -1.14928   3.2808 -9.08608 -4.06016 0.808714 0 0 0   -0.011 -0.02329  0.04412   0.0129957 -0.00126775  0.00262503 -0.00693986 -0.00216587    0.001365  0.0593963 -0.0155741  0.0355493     3.76035 -0.00297793     -9.0596 
             248.902 -1.27549 -1.19789  3.55393 -9.08459 -4.05979 0.807858 0 0 0   -0.011 -0.02329  0.04412   0.0188487 -0.00458579 0.000236328 -0.00690827 -0.00214656   0.0012476  0.0594016 -0.0156337  0.0356503     3.76033 -0.00295535     -9.0596 
             249.002 -1.24289 -1.21805  3.38444 -9.08654 -4.05531  0.80803 0 0 0   -0.011 -0.02329  0.04412  0.0164424 0.00861856 0.00200571 -0.00692466 -0.00214484  0.00136751  0.0597359 -0.0160504   0.035609     3.76023 -0.00279511    -9.05964 
             249.102 -1.19674 -1.20032  3.37257 -9.08428 -4.05901 0.808671 0 0 0   -0.011 -0.02329  0.04412   0.0244217 -0.00284725  0.00449124 -0.00694237 -0.00216212  0.00139114  0.0597282 -0.0156763  0.0355834     3.76023 -0.00293602    -9.05964 
             249.202 -1.26799 -1.20266  3.53139 -9.08684 -4.05888 0.808938 0 0 0   -0.011 -0.02329  0.04412   0.0164231 -0.00163138  0.00614724 -0.00690706 -0.00216173  0.00133178  0.0601557 -0.0157288  0.0355678     3.76009 -0.00291272     -9.0597 
             249.302 -1.26442 -1.17511  3.66029 -9.08289  -4.0584 0.811304 0 0 0   -0.011 -0.02329  0.04412   0.0281009 -0.00115487   0.0120206 -0.00690357 -0.00217943  0.00126795  0.0599981 -0.0157781  0.0354293     3.76016 -0.00289547    -9.05967 
             249.402 -1.23401  -1.2352  3.51716  -9.0824 -4.05788 0.808753 0 0 0   -0.011 -0.02329  0.04412    0.0288002 -0.000457791   0.00260474 -0.00692081 -0.00215469  0.00136942  0.0602005 -0.0158472  0.0357497     3.76006 -0.00286818    -9.05972 
             249.502 -1.21318 -1.19674  3.53361 -9.08445 -4.05684 0.807913 0 0 0   -0.011 -0.02329  0.04412    0.0245399 -0.000840608   0.00291382 -0.00692608 -0.00217664  0.00136343  0.0606225 -0.0159581  0.0358184     3.75991 -0.00282362    -9.05978 
             249.602 -1.31482 -1.26527  3.73134 -9.08352 -4.05659 0.807294 0 0 0   -0.011 -0.02329  0.04412   0.0221596 0.000205232  0.00050952 -0.00687517 -0.00213985   0.0012682  0.0607527 -0.0159835  0.0358841     3.75986 -0.00281324     -9.0598 
             249.702 -1.21346 -1.24655  3.53118 -9.08771 -4.05409 0.806698 0 0 0   -0.011 -0.02329  0.04412   0.0127427  0.00346445 0.000627904  -0.0069287 -0.00215419  0.00138473  0.0612948 -0.0162057  0.0358985     3.75968 -0.00272683    -9.05987 
             249.802 -1.20244 -1.21539  3.63761 -9.08758 -4.05578 0.807835 0 0 0   -0.011 -0.02329  0.04412   0.0132178 -0.00165952  0.00509027 -0.00693242 -0.00217228  0.00133316   0.061413 -0.0160536   0.035802     3.75965 -0.00278221    -9.05988 
             249.902 -1.22322 -1.23964  3.58526 -9.09195 -4.05657  0.80816 0 0 0   -0.011 -0.02329  0.04412 0.00733371 -0.0033425  0.0081091 -0.00691637 -0.00216614  0.00136918  0.0619119 -0.0160251  0.0357845    3.75949 -0.0027892   -9.05995 
             250.002 -1.19552  -1.2373  3.54609 -9.09118 -4.05652 0.809784 0 0 0   -0.011 -0.02329  0.04412 0.0129134  -0.00227 0.0119897 -0.00692688 -0.00216905  0.00139059  0.0619345 -0.0160511  0.0357147     3.75949 -0.00277943    -9.05995 
             250.102 -1.21884 -1.21557   3.6308 -9.08948 -4.06245 0.808329 0 0 0   -0.011 -0.02329  0.04412  0.0183183 -0.0165931 0.00452133 -0.00691561 -0.00218024  0.00134698  0.061935 -0.015623 0.0359615     3.75946 -0.00293681    -9.05996 
             250.202 -1.16542  -1.2313     3.51 -9.08858  -4.0637 0.807825 0 0 0   -0.011 -0.02329  0.04412  0.0214532 -0.0154506 0.00318769 -0.00694075 -0.00217261  0.00140985  0.0620158 -0.0156555  0.0360405     3.75942 -0.00292438    -9.05998 
             250.302 -1.29092 -1.21441  3.71444  -9.0926 -4.06419  0.80591 0 0 0   -0.011 -0.02329  0.04412   0.0122562  -0.0142036 7.54879e-05 -0.00687738 -0.00218284  0.00131066  0.0625214 -0.0157586  0.0361956     3.75924 -0.00288326    -9.06005 
             250.402 -1.21506 -1.26774  3.62606 -9.09246 -4.06357 0.806552 0 0 0   -0.011 -0.02329  0.04412  0.0135305 -0.0092051 0.00283925 -0.00691303 -0.00215531  0.00136203  0.0626225 -0.0159147  0.0361244     3.75922 -0.00282565    -9.06006 
             250.502 -1.20489 -1.21766  3.63388 -9.09264 -4.06486 0.807692 0 0 0   -0.011 -0.02329  0.04412    0.015153 -0.00922974   0.0068674 -0.00691929 -0.00218446  0.00136971  0.0627742 -0.0158871  0.0360423     3.75918 -0.00283458    -9.06008 
             250.602 -1.22847 -1.22317  3.72717 -9.09106 -4.06414 0.808549 0 0 0   -0.011 -0.02329  0.04412   0.0196611 -0.00539166  0.00760178 -0.00690513 -0.00218432  0.00133619  0.0627839 -0.0160162  0.0360244     3.75918 -0.00278771    -9.06008 
             250.702  -1.1878 -1.25579  3.64305 -9.09095 -4.06294 0.807575 0 0 0   -0.011 -0.02329  0.04412   0.0216544 -0.00391829  0.00359973 -0.00693472 -0.00217299  0.00140364  0.0629443 -0.0161696  0.0361657     3.75911 -0.00273121    -9.06011 
             250.802 -1.24886 -1.23898  3.81075  -9.0858 -4.07009  0.80924 0 0 0   -0.011 -0.02329  0.04412  0.0333077 -0.0198651 0.00734319 -0.00690727 -0.00218297  0.00132568  0.0627536 -0.0156522  0.0360845     3.75918 -0.00291909    -9.06008 
             250.902 -1.21067  -1.2822  3.72318 -9.08391 -4.06824 0.808338 0 0 0   -0.011 -0.02329  0.04412   0.0348269 -0.00932323  0.00397811 -0.00693031 -0.00216276  0.00137967  0.0628672 -0.0159443  0.0362177     3.75913 -0.00281332     -9.0601 
             251.002   -1.276 -1.26656  3.84106 -9.08352 -4.06815 0.809891 0 0 0   -0.011 -0.02329  0.04412  0.0306708 -0.0109985 0.00816073 -0.00690756 -0.00217303  0.00133232 0.0631301 -0.016048 0.0360908     3.75906 -0.00277437    -9.06013 
             251.102 -1.23617 -1.26371  3.77471 -9.08266 -4.06846 0.811695 0 0 0   -0.011 -0.02329  0.04412  0.0291348 -0.0110423  0.0122451 -0.00692844 -0.00217763  0.00137707  0.0633206 -0.0161221  0.0359859     3.75901 -0.00274663    -9.06015 
             251.202 -1.23052 -1.29332   3.8378 -9.08021 -4.06501 0.809174 0 0 0   -0.011 -0.02329  0.04412    0.034013 -0.00115635  0.00200206 -0.00693223 -0.00216479  0.00136542  0.0633488 -0.0164728  0.0363089    3.75897 -0.0026214   -9.06017 
             251.302 -1.34765 -1.29411  3.99045 -9.08097 -4.06296  0.80896 0 0 0   -0.011 -0.02329  0.04412  0.0291504 0.00540662 0.00284682 -0.00686892 -0.00216444  0.00130186 0.0636969 -0.016646 0.0363171     3.75886 -0.00255768    -9.06021 
             251.402 -1.29858 -1.30256  3.93373 -9.07902 -4.06265 0.810755 0 0 0   -0.011 -0.02329  0.04412  0.0321809 0.00209006 0.00925531 -0.00689587 -0.00216034  0.00133746  0.0638049 -0.0166391  0.0361827     3.75884 -0.00255944    -9.06022 
             251.502 -1.22733 -1.25302   3.8869 -9.08409 -4.06562 0.808844 0 0 0   -0.011 -0.02329  0.04412   0.0167453 -0.00594174  0.00376565 -0.00693421 -0.00219156  0.00137369  0.0644854 -0.0164376  0.0363745      3.7586 -0.00262711    -9.06032 
             251.602 -1.22686 -1.27573   3.7993 -9.08935 -4.06684  0.80706 0 0 0   -0.011 -0.02329  0.04412   0.00564597  -0.00680517 -5.63716e-05 -0.00692762 -0.00218121  0.00142106  0.0650428 -0.0164095  0.0365142     3.75841 -0.00263411     -9.0604 
             251.702 -1.24046 -1.26542   3.8315 -9.09575 -4.06794  0.80747 0 0 0   -0.011 -0.02329  0.04412 -0.00677915 -0.00875423  0.00407881 -0.00692684 -0.00218934  0.00141274  0.0656163 -0.0164079  0.0364274     3.75824 -0.00263158    -9.06047 
             251.802 -1.24571 -1.26054  3.88077 -9.09819 -4.06272 0.808175 0 0 0   -0.011 -0.02329  0.04412 -0.00809145   0.0102763  0.00783618 -0.00691739 -0.00219419  0.00138262  0.0657437 -0.0168598  0.0363895     3.75821 -0.00247209    -9.06048 
             251.902 -1.23565 -1.29198  3.81209  -9.0955 -4.06221 0.807416 0 0 0   -0.011 -0.02329  0.04412 0.00546855 0.00621313 0.00295924 -0.00693163 -0.00217989  0.00143253  0.0654876 -0.0168297  0.0365519     3.75827 -0.00248411    -9.06046 
             252.002 -1.33674 -1.30676  3.91796 -9.09557 -4.06104 0.807331 0 0 0   -0.011 -0.02329  0.04412   0.0070767  0.00733026 0.000730055 -0.00688499 -0.00217369  0.00137456  0.0655461 -0.0168827  0.0365794     3.75825 -0.00246527    -9.06047 
             252.102 -1.27205 -1.28498  3.93251 -9.09506 -4.05953 0.806882 0 0 0   -0.011 -0.02329  0.04412   0.0127182   0.0095831 0.000924749 -0.00692265 -0.00218589  0.00137228  0.0655736 -0.0169371   0.036624     3.75823 -0.00244617    -9.06047 
             252.202  -1.2157 -1.26486  3.85991 -9.09254 -4.06144 0.806382 0 0 0   -0.011 -0.02329  0.04412    0.0186462   0.00262158 -0.000768513 -0.00695074   -0.002201  0.00141456  0.0655007 -0.0167275  0.0366871     3.75825 -0.00251951    -9.06047 
             252.302 -1.28147 -1.30575   3.9134 -9.08925 -4.06472 0.805724 0 0 0   -0.011 -0.02329  0.04412   0.0262046 -0.00470538 -0.00239987 -0.00691417 -0.00217724  0.00138547  0.0654112 -0.0164546  0.0367512     3.75827 -0.00261469    -9.06046 
             252.402 -1.25232  -1.3241  3.82963  -9.0922 -4.06183 0.804693 0 0 0   -0.011 -0.02329  0.04412   0.0185846  0.00211109 -0.00327157 -0.00693809 -0.00217155  0.00144147 0.0658553 -0.016733 0.0367746     3.75813 -0.00251611    -9.06052 
             252.502 -1.35407 -1.29696  4.07534 -9.09992 -4.05958 0.803898 0 0 0   -0.011 -0.02329  0.04412 -0.000736991   0.00630952  -0.00102036 -0.00688959 -0.00219192  0.00131111  0.0666097 -0.0169161  0.0367393      3.7579 -0.00244909    -9.06061 
             252.602 -1.36159 -1.35613  4.00383  -9.0959 -4.06303 0.805026 0 0 0   -0.011 -0.02329  0.04412   0.0135804 -0.00403616  0.00236121 -0.00689092 -0.00216122  0.00137189  0.0663303 -0.0166019   0.036671       3.758 -0.00255856    -9.06057 
             252.702 -1.37661 -1.33524  4.05005 -9.09858 -4.06546  0.80491 0 0 0   -0.011 -0.02329  0.04412  0.00763064 -0.00803009  0.00312577 -0.00687958 -0.00217471  0.00136198  0.0666678 -0.0164658   0.036672     3.75789 -0.00260363    -9.06061 
             252.802 -1.34235 -1.30254  4.10988  -9.1018 -4.06447 0.804963 0 0 0   -0.011 -0.02329  0.04412  0.00492732 -0.00573696  0.00513431 -0.00690203 -0.00219261  0.00134118 0.0669981 -0.016619 0.0366616     3.75779 -0.00254961    -9.06065 
             252.902 -1.33677 -1.31954  4.04598 -9.09528 -4.06369 0.806905 0 0 0   -0.011 -0.02329  0.04412    0.020368 -0.00314755  0.00667977 -0.00690918 -0.00218322  0.00137654 0.0665424 -0.016697  0.036579     3.75794 -0.00252498    -9.06059 
             253.002 -1.35424 -1.31383   4.0295 -9.08266 -4.06038 0.810667 0 0 0   -0.011 -0.02329  0.04412  0.0488104 0.00507159  0.0146165 -0.00689975 -0.00218504  0.00138603  0.0657314 -0.0169182  0.0363916     3.75821 -0.00245311    -9.06048 
             253.102 -1.26028 -1.32578  3.88002 -9.08876 -4.06051 0.808795 0 0 0   -0.011 -0.02329  0.04412  0.0281705  0.0010217 0.00855493 -0.00694335 -0.00218326  0.00146318  0.0665972 -0.0169248  0.0365918     3.75793 -0.00244728     -9.0606 
             253.202 -1.31128 -1.33317  3.97342 -9.08954 -4.05959 0.807424 0 0 0   -0.011 -0.02329  0.04412  0.0240686 0.00410368 0.00403276 -0.00691095 -0.00217826  0.00140761  0.0668742 -0.0169849  0.0367581     3.75782 -0.00242592    -9.06064 
             253.302 -1.28411 -1.36723  3.93908 -9.08403  -4.0582 0.808852 0 0 0   -0.011 -0.02329  0.04412  0.0351152 0.00438242 0.00745647 -0.00692986 -0.00216151  0.00143829  0.0666583 -0.0170584  0.0366947      3.7579 -0.00240196    -9.06061 
             253.402 -1.28985 -1.35187  3.93272 -9.08861  -4.0563 0.807728 0 0 0   -0.011 -0.02329  0.04412  0.0198484 0.00865185 0.00419462 -0.00691689 -0.00216998  0.00143553  0.0672659 -0.0171852  0.0367857      3.7577 -0.00235672    -9.06069 
             253.501 -1.31988 -1.31213  4.03022 -9.08555 -4.05254 0.811862 0 0 0   -0.011 -0.02329  0.04412 0.0274172 0.0123784 0.0163011 -0.00690326 -0.00218833  0.00138824  0.0672162 -0.0173872  0.0364792     3.75775 -0.00228885    -9.06067 
             253.602 -1.35092 -1.32704   4.0987 -9.08647 -4.05804 0.810835 0 0 0   -0.011 -0.02329  0.04412   0.0213921 -0.00195766  0.00895777 -0.00689123 -0.00217911  0.00134622  0.0675124 -0.0169391  0.0366804     3.75764 -0.00243775    -9.06072 
             253.702 -1.33644 -1.30724   4.0553 -9.08269 -4.06069 0.811771 0 0 0   -0.011 -0.02329  0.04412   0.0306566 -0.00782048  0.00956179 -0.00689522 -0.00218884  0.00137188  0.0674161 -0.0167604  0.0366987     3.75767 -0.00249785    -9.06071 
             253.802 -1.28138 -1.32165  3.98933 -9.08628 -4.06215 0.809104 0 0 0   -0.011 -0.02329  0.04412  0.0202144 -0.0114006 0.00179444 -0.00692552 -0.00218317  0.00141039 0.0679249  -0.01675 0.0369633     3.75749 -0.00249938    -9.06078 
             253.902 -1.33461 -1.31655  4.09782  -9.0887 -4.06465 0.808825 0 0 0   -0.011 -0.02329  0.04412  0.0139732 -0.0130555 0.00214135 -0.00689169 -0.00218354  0.00134952  0.0682853 -0.0166618  0.0369664     3.75738 -0.00252717    -9.06083 
             254.002 -1.35996 -1.34235  4.11632 -9.09006 -4.06653 0.807442 0 0 0   -0.011 -0.02329  0.04412   0.0114836  -0.0166888 -0.00151368 -0.00688086 -0.00217143  0.00134482  0.0685009 -0.0166411  0.0370835     3.75731 -0.00253322    -9.06086 
             254.102 -1.40705 -1.31627   4.1681 -9.09039 -4.06576 0.808638 0 0 0   -0.011 -0.02329  0.04412    0.010777 -0.00712421  0.00341068 -0.00685249  -0.0021841  0.00130963  0.0686217 -0.0167987  0.0369525     3.75729 -0.00248061    -9.06087 
             254.202 -1.33523 -1.29372  4.09795  -9.0915 -4.06509 0.810374 0 0 0   -0.011 -0.02329  0.04412   0.0117628 -0.00709111  0.00952477 -0.00689615 -0.00220037  0.00136076  0.0688248 -0.0169348  0.0368105     3.75724 -0.00243486    -9.06088 
             254.302 -1.34623 -1.33455  4.10015 -9.08655  -4.0617 0.811552 0 0 0   -0.011 -0.02329  0.04412  0.0218025  0.0018062 0.00835484 -0.00688522  -0.0021787  0.00135147  0.0685305 -0.0172147   0.036815     3.75733 -0.00234405    -9.06085 
             254.402 -1.37602   -1.315  4.13401 -9.08633 -4.06062 0.810138 0 0 0   -0.011 -0.02329  0.04412  0.0230018 0.00203033 0.00462866 -0.00686894 -0.00218837  0.00133635    0.06868 -0.0172937  0.0370022     3.75726 -0.00231781    -9.06087 
             254.502 -1.34073 -1.33078  4.02287 -9.08156 -4.05501 0.811102 0 0 0   -0.011 -0.02329  0.04412  0.0312103  0.0145645 0.00643134 -0.00689039  -0.0021814  0.00139415  0.0684824 -0.0176866  0.0369713     3.75733 -0.00219021    -9.06085 
             254.602  -1.3258 -1.33027  4.06088 -9.07937 -4.05578 0.811882 0 0 0   -0.011 -0.02329  0.04412  0.0339968  0.0108689 0.00824261 -0.00689375 -0.00218113  0.00137439  0.0685881 -0.0175222  0.0369504      3.7573 -0.00224332    -9.06086 
             254.702 -1.30492 -1.35574   3.9937  -9.0827 -4.05675 0.808418 0 0 0   -0.011 -0.02329  0.04412   0.0219794  0.00316845 -0.00183096 -0.00691207  -0.0021663  0.00142221  0.0690938 -0.0174154   0.037267     3.75712 -0.00227652    -9.06094 
             254.802 -1.29579 -1.34795  3.94223 -9.08038  -4.0548 0.810402 0 0 0   -0.011 -0.02329  0.04412  0.0254652 0.00810839  0.0043942 -0.00691204 -0.00217016  0.00144144  0.0691051 -0.0175274  0.0370732     3.75713 -0.00224001    -9.06093 
             254.902 -1.35187 -1.33038  4.09406 -9.07744 -4.05715 0.813422 0 0 0   -0.011 -0.02329  0.04412    0.0313951 -0.000136678    0.0127452  -0.0068865 -0.00217746  0.00136729 0.0691299 -0.017304 0.0368586     3.75715 -0.00231185    -9.06092 
             255.002 -1.37239 -1.34087   4.1168 -9.07914 -4.05688 0.812011 0 0 0   -0.011 -0.02329  0.04412  0.0215837 0.00113333 0.00614898  -0.0068685 -0.00216934  0.00134365   0.069484 -0.0173401  0.0370468    3.75703 -0.0022991   -9.06097 
             255.102 -1.27489 -1.31407  3.99672 -9.08359 -4.05934 0.810211 0 0 0   -0.011 -0.02329  0.04412   0.0117722 -0.00771816  0.00320111 -0.00692063 -0.00218605  0.00141391  0.0700037 -0.0171945   0.037204    3.75686 -0.0023441   -9.06104 
             255.202   -1.378 -1.32479   4.1848 -9.08484 -4.05492 0.811286 0 0 0   -0.011 -0.02329  0.04412  0.0106597 0.00466943 0.00588817 -0.00686563 -0.00217987  0.00131035  0.0701905 -0.0175776  0.0371056     3.75682 -0.00222061    -9.06106 
             255.302 -1.33059 -1.32029  4.05892 -9.08596 -4.05752 0.811129 0 0 0   -0.011 -0.02329  0.04412  0.00943217 -0.00207518  0.00591872 -0.00688386 -0.00218303  0.00138127  0.0703762 -0.0173614  0.0371584     3.75676 -0.00228905    -9.06108 
             255.402 -1.36021 -1.33339  4.03656  -9.0846  -4.0659 0.810737 0 0 0   -0.011 -0.02329  0.04412  0.0146638  -0.021918 0.00286119 -0.00687567 -0.00217549  0.00139605   0.070385 -0.0167833  0.0372552     3.75675 -0.00247321    -9.06109 
             255.502 -1.31823 -1.32441  4.15137 -9.08873 -4.06504 0.808748 0 0 0   -0.011 -0.02329  0.04412  0.00534071   -0.015982 -0.00211428 -0.00689248 -0.00218022  0.00132363  0.0707912 -0.0170314  0.0373986     3.75662 -0.00239314    -9.06114 
             255.602 -1.36977 -1.34233  4.13307 -9.08769 -4.06348 0.809406 0 0 0   -0.011 -0.02329  0.04412   0.0107264 -0.00952361  0.00142632 -0.00686497 -0.00217021  0.00134409  0.0707624 -0.0172558  0.0373296    3.75664 -0.0023221   -9.06113 
             255.702 -1.27808 -1.31151  3.92708 -9.09105 -4.06377 0.810047 0 0 0   -0.011 -0.02329  0.04412  0.00425353 -0.00773613  0.00450036 -0.00690873 -0.00219172  0.00144785  0.0711096 -0.0173192  0.0372451     3.75655 -0.00230084    -9.06117 
             255.802 -1.36691 -1.32496  4.09432 -9.09169  -4.0585 0.808537 0 0 0   -0.011 -0.02329  0.04412  0.00612098  0.00369347 0.000635658 -0.00686708 -0.00218236  0.00136258  0.0711716 -0.0177567  0.0374052   3.75652 -0.002163  -9.06118 
             255.902 -1.31882 -1.31576  4.13104 -9.09355  -4.0574 0.806404 0 0 0   -0.011 -0.02329  0.04412 0.00377565 0.00466602  -0.004702 -0.00689133 -0.00218622  0.00133891  0.0713515 -0.0178272  0.0375732     3.75645 -0.00214041    -9.06121 
             256.002 -1.37368 -1.34525  4.04693 -9.08863 -4.05733 0.808247 0 0 0   -0.011 -0.02329  0.04412  0.0174051 0.00429917 0.00136161 -0.00685596 -0.00217142   0.0013887  0.0710384 -0.0177715  0.0374133     3.75655 -0.00215875    -9.06117 
             256.102 -1.40272 -1.30058  4.19861 -9.08912 -4.05604  0.80897 0 0 0   -0.011 -0.02329  0.04412  0.0155613 0.00562516 0.00424295 -0.00684497 -0.00219438  0.00130341  0.0712219 -0.0178477  0.0373414     3.75651 -0.00213427    -9.06119 
             256.202 -1.34527 -1.33335  4.09067 -9.08909 -4.05933 0.808105 0 0 0   -0.011 -0.02329  0.04412   0.0167043 -0.00383365  0.00114869 -0.00686903 -0.00217834  0.00136213  0.0713568 -0.0175866  0.0374426     3.75646 -0.00221526    -9.06121 
             256.302 -1.37271 -1.31331  4.13079 -9.08461 -4.06117 0.809871 0 0 0   -0.011 -0.02329  0.04412  0.0281286 -0.0125819 0.00607053 -0.00686185 -0.00218823  0.00134499  0.0711832 -0.0174868  0.0373289     3.75652 -0.00224669    -9.06118 
             256.402 -1.29736 -1.32268  4.02807 -9.08508 -4.06289 0.809398 0 0 0   -0.011 -0.02329  0.04412  0.0235701 -0.0077686 0.00380873 -0.00690073 -0.00218475  0.00139825  0.0714276 -0.0174582  0.0373899     3.75645 -0.00225483    -9.06121 
             256.502 -1.32594 -1.31539  4.05645 -9.08843 -4.06402 0.808359 0 0 0   -0.011 -0.02329  0.04412  0.0162635 -0.0143082 0.00267183 -0.00688826  -0.0021905  0.00138783  0.0718622 -0.0174852  0.0374614     3.75632 -0.00224524    -9.06127 
             256.602 -1.39519 -1.35828  4.10128 -9.08278 -4.06213 0.810494 0 0 0   -0.011 -0.02329  0.04412   0.0264118 -0.00739066  0.00687441 -0.00685241 -0.00216513  0.00135799  0.0715606 -0.0177009  0.0373255     3.75642 -0.00217961    -9.06123 
             256.702 -1.40107 -1.34297  4.17334 -9.08735 -4.06218  0.80967 0 0 0   -0.011 -0.02329  0.04412    0.016352 -0.00674586   0.0054495 -0.00684625 -0.00217552  0.00132589  0.0721101 -0.0177765  0.0373916     3.75626 -0.00215476    -9.06129 
             256.802 -1.34961 -1.33375  4.07935 -9.08972 -4.06397  0.80719 0 0 0   -0.011 -0.02329  0.04412  0.00851183 -0.00825844 -0.00253827 -0.00687109 -0.00218273   0.0013777  0.0723976 -0.0177177  0.0376226     3.75616 -0.00217212    -9.06133 
             256.902 -1.34786 -1.32668  4.12839 -9.08798 -4.06685 0.808323 0 0 0   -0.011 -0.02329  0.04412  0.0133786 -0.0133351   0.002376 -0.00686837 -0.00218397  0.00134693  0.0723592 -0.0175751  0.0375143     3.75618 -0.00221567    -9.06132 
             257.002 -1.37963 -1.34143  4.15793 -9.08745 -4.06609 0.808356 0 0 0   -0.011 -0.02329  0.04412  0.0161465 -0.0103842 0.00253034  -0.0068597 -0.00217684  0.00133816  0.0724286 -0.0177325  0.0375213     3.75616 -0.00216753    -9.06133 
             257.102 -1.31359 -1.31507  4.07143 -9.09196 -4.06323 0.807355 0 0 0   -0.011 -0.02329  0.04412   0.00612833 -0.000200468   0.00100217 -0.00688774 -0.00219346  0.00138077  0.0728701 -0.0180102  0.0375682   3.75604 -0.002082  -9.06138 
             257.202  -1.3147 -1.31094  4.05708 -9.09417 -4.06527 0.808599 0 0 0   -0.011 -0.02329  0.04412 0.00320183 -0.0074092 0.00575863 -0.00689376 -0.00219503  0.00139702  0.0731097 -0.0178903  0.0374432     3.75599 -0.00211744     -9.0614 
             257.302 -1.40179 -1.32947  4.10333 -9.09412  -4.0618 0.809365 0 0 0   -0.011 -0.02329  0.04412 0.00567667 0.00398321  0.0063741 -0.00684511 -0.00218411  0.00136562  0.0731264 -0.0181717  0.0374193     3.75598 -0.00203243    -9.06141 
             257.402 -1.35791 -1.31504   4.1553 -9.09039 -4.06192 0.811062 0 0 0   -0.011 -0.02329  0.04412  0.0173003 0.00136145 0.00947294 -0.00687129 -0.00219182  0.00134516  0.0729217 -0.0181306  0.0373641     3.75604 -0.00204532    -9.06138 
             257.502 -1.34918 -1.31885   4.0639 -9.08888 -4.05966 0.811334 0 0 0   -0.011 -0.02329  0.04412  0.0203466 0.00608994 0.00834574 -0.00687811 -0.00219013  0.00138918  0.0729388 -0.0182784  0.0374212   3.75603 -0.002001  -9.06138 
             257.602 -1.27445 -1.32841  3.93607 -9.09045 -4.05825 0.808379 0 0 0   -0.011 -0.02329  0.04412    0.0170456   0.00720978 -0.000498642 -0.00692018 -0.00218622  0.00146264  0.0731884 -0.0183494  0.0377172     3.75594 -0.00197938    -9.06142 
             257.702 -1.42333  -1.3426    4.149 -9.08656 -4.05701 0.809498 0 0 0   -0.011 -0.02329  0.04412  0.0243383 0.00914106  0.0022192 -0.00684182 -0.00217422  0.00134414   0.073044 -0.0183766  0.0376333    3.75598 -0.0019716    -9.0614 
             257.802 -1.27847 -1.33616  4.04652 -9.08951 -4.06019 0.806866 0 0 0   -0.011 -0.02329  0.04412    0.0166942 -0.000464723  -0.00369526 -0.00691722  -0.0021801  0.00139587  0.0734384 -0.0181275  0.0378305     3.75586 -0.00204479    -9.06146 
             257.902  -1.3052 -1.32725  4.05267 -9.09582 -4.06232  0.80503 0 0 0   -0.011 -0.02329  0.04412   0.027854 -0.0134122 -0.0772475 -0.00691001 -0.00218738  0.00139955  0.0740463 -0.0180279  0.0378445      3.7557 -0.00207259    -9.06152 
             258.002 -1.31519 -1.33246  3.94818 -9.09388 -4.06572 0.803419 0 0 0   -0.011 -0.02329  0.04412 -0.0691175 -0.0265599 -0.0140603 -0.00688441 -0.00217393  0.00145109   0.073754 -0.0179501  0.0375469     3.75581 -0.00209613    -9.06148 
             258.102 -0.935608  -1.24587   3.91909 -9.10169 -4.06693 0.801206 0 0 0   -0.011 -0.02329  0.04412  -0.0932325 -0.00610836  0.00151125  -0.0069263 -0.00219273  0.00144045  0.0737934 -0.0179873   0.037532    3.7558 -0.002085  -9.06148 
             258.203   -1.063 -1.63714  4.64593  -9.1119  -4.0666 0.802006 0 0 0   -0.011 -0.02329  0.04412 -0.0824189 0.00460503   0.011933 -0.00690301 -0.00217409  0.00137996  0.0738784 -0.0180277  0.0375149     3.75578 -0.00207286    -9.06149 
             258.302 -1.30349  -2.5606  5.60423 -9.11445 -4.06142  0.80766 0 0 0   -0.011 -0.02329  0.04412 -0.035727 0.0136001 0.0435347 -0.00687719 -0.00215137  0.00127558  0.0735817 -0.0183291  0.0372581     3.75588 -0.00198519    -9.06145 
             258.402 -1.46681 -3.29135   6.0934 -9.12526 -4.06307 0.811704 0 0 0   -0.011 -0.02329  0.04412 -0.0037148 0.00401625  0.0611373 -0.00686671 -0.00216448  0.00133121  0.0743101 -0.0181774   0.037248    3.75569 -0.0020284   -9.06153 
             258.502 -1.51497 -3.64973  6.70024 -9.12579 -4.05879 0.817191 0 0 0   -0.011 -0.02329  0.04412 0.0247628  0.010679   0.07717 -0.00687801 -0.00215999  0.00134125  0.0743872 -0.0184495  0.0374103     3.75566 -0.00194896    -9.06154 
             258.602 -1.45857 -3.79831  7.18668 -9.12946 -4.05419  0.82188 0 0 0   -0.011 -0.02329  0.04412 0.0295497 0.0328308 0.0794289 -0.00690018 -0.00218943  0.00136385  0.0749115 -0.0186758  0.0375669      3.7555 -0.00188408     -9.0616 
             258.702 -1.52576 -3.68653  7.59651  -9.1251 -4.05614 0.824047 0 0 0   -0.011 -0.02329  0.04412 0.0688353 0.0784799 -0.144546 -0.00687278 -0.00219672  0.00135214  0.0749334 -0.0182938  0.0377648    3.75548 -0.0019947   -9.06161 
             258.802 -1.88899 -3.42259  7.64887 -9.12168 -4.05109 0.807704 0 0 0   -0.011 -0.02329  0.04412 0.00511271  0.0536934  -0.136873 -0.00686567   -0.002199  0.00141598  0.0748303 -0.0182422  0.0378853      3.7555 -0.00200881    -9.06161 
             258.902 -2.45439 -2.33669  8.30875 -9.12613 -4.04762  0.79825 0 0 0   -0.011 -0.02329  0.04412 -0.00780262   0.0274752 -0.00155234 -0.00683106 -0.00224459   0.0013249  0.0750202 -0.0181645   0.038244     3.75542 -0.00203256    -9.06164 
             259.003 -3.24806  -2.0541  8.63767 -9.11865  -4.0448 0.802067 0 0 0   -0.011 -0.02329  0.04412 0.0564927 0.0176464 0.0309083 -0.00684461 -0.00216715  0.00123521   0.074764 -0.0181992  0.0378941    3.75552 -0.0020197    -9.0616 
             259.102 -3.82461 -1.70001  8.90344  -9.1258 -4.04093 0.798658 0 0 0   -0.011 -0.02329  0.04412  -0.100927 0.00179467  0.0511715 -0.00678121 -0.00219126  0.00118212  0.0753529 -0.0184644  0.0381236     3.75534 -0.00195182    -9.06167 
             259.203 -3.81662  -1.4518  9.06266 -9.13283 -4.04107 0.801477 0 0 0   -0.011 -0.02329  0.04412 -0.0954325 -0.0272862  0.0364755 -0.00686607  -0.0022063  0.00129855  0.0751619 -0.0185378  0.0380613     3.75539 -0.00192793    -9.06165 
             259.302 -3.67177 -1.87656  9.00743 -9.13441 -4.04474  0.80211 0 0 0   -0.011 -0.02329  0.04412 -0.0389789 -0.0396309  0.0567042 -0.00689362 -0.00218196  0.00127454  0.0746991 -0.0184986  0.0385344     3.75547 -0.00193557    -9.06162 
             259.403 -3.28782 -2.65843  9.00841 -9.14191 -4.04232 0.802677 0 0 0   -0.011 -0.02329  0.04412 -0.0117925 -0.0135595  0.0580416 -0.00690189 -0.00215851  0.00129899  0.0750208 -0.0189435   0.038954     3.75534 -0.00181914    -9.06167 
             259.503 -2.86719 -3.33474  8.85377 -9.13719 -4.04745 0.808513 0 0 0   -0.011 -0.02329  0.04412  0.0234484 0.00572854  0.0750408 -0.00687104 -0.00215106  0.00127419  0.0747326 -0.0185804  0.0390934     3.75541 -0.00191765    -9.06164 
             259.602 -2.63201 -3.73712  8.62255  -9.1323 -4.05021 0.813168 0 0 0   -0.011 -0.02329  0.04412  0.0588927 0.00758488  0.0788911 -0.00687716 -0.00216297  0.00127908  0.0746804 -0.0183388  0.0394196      3.7554 -0.00198747    -9.06165 
             259.702 -2.56618 -3.91368  8.51464 -9.12839 -4.05067 0.819801 0 0 0   -0.011 -0.02329  0.04412    0.0837178 -0.000288087    0.0874728 -0.00688197 -0.00216661  0.00130617  0.0749345 -0.0183119  0.0395309     3.75532 -0.00200064    -9.06168 
             259.802 -2.47367 -3.82405  8.33202 -9.12058 -4.04555 0.823324 0 0 0   -0.011 -0.02329  0.04412 0.0756771 0.0460453 -0.125087 -0.00689179 -0.00217525  0.00134303  0.0750436 -0.0185812  0.0394954     3.75529 -0.00192739    -9.06169 
             259.902 -2.82879 -3.45409   8.0191 -9.12125 -4.04104 0.805312 0 0 0   -0.011 -0.02329  0.04412 0.0123353 0.0487599 -0.135095 -0.00689305 -0.00220259  0.00140791 0.0753942 -0.018715 0.0397173     3.75519 -0.00189783    -9.06174 
             260.002 -3.37113 -2.01431  8.58066 -9.12405  -4.0321 0.797428 0 0 0   -0.011 -0.02329  0.04412  0.0256893  0.0314804 -0.0353141 -0.00685294 -0.00223874  0.00130292  0.0754601 -0.0190503  0.0399499     3.75514 -0.00180724    -9.06175 
             260.103 -3.86559 -1.90256   8.9404 -9.12666 -4.03096 0.796047 0 0 0   -0.011 -0.02329  0.04412   0.0415062    0.025075 0.000965538 -0.00685202 -0.00218444   0.0012208  0.0759974 -0.0189744  0.0398046     3.75502 -0.00183648     -9.0618 
             260.202  -4.2721 -1.61236  8.95104 -9.12895 -4.03393 0.798458 0 0 0   -0.011 -0.02329  0.04412  0.0178241 0.00598074   0.011418 -0.00687503 -0.00221104  0.00128211  0.0765265 -0.0187087  0.0394994     3.75492 -0.00191627    -9.06184 
             260.309 -4.42556 -1.52989  8.85278 -9.12349 -4.03192 0.799976 0 0 0   -0.011 -0.02329  0.04412  0.0121748 0.00767833 0.00360668 -0.00685145 -0.00219409  0.00132908  0.0762047 -0.0187607  0.0394769       3.755 -0.00189654    -9.06181 
             260.403 -4.36012 -1.51516  8.84048  -9.1173 -4.03255 0.800894 0 0 0   -0.011 -0.02329  0.04412   0.0202256 -0.00205959  0.00235835 -0.00688594 -0.00218304  0.00132093  0.0758493 -0.0186544  0.0394825     3.75509 -0.00191989    -9.06177 
             260.503 -4.37536 -1.48815  8.81428 -9.11818 -4.03419 0.804454 0 0 0   -0.011 -0.02329  0.04412 0.0153108 0.0005432 0.0112037  -0.0068752 -0.00219753  0.00135766  0.0761036 -0.0185681  0.0391598     3.75506 -0.00194368    -9.06179 
             260.603 -4.37338 -1.49317  8.97107 -9.11206 -4.03011 0.807986 0 0 0   -0.011 -0.02329  0.04412  0.0278515 0.00940284  0.0171724 -0.00686702 -0.00218567  0.00126539    0.07577 -0.0187631  0.0389897     3.75515 -0.00188282    -9.06175 
             260.702 -4.32726 -1.45924  8.83965 -9.10308  -4.0272 0.809137 0 0 0   -0.011 -0.02329  0.04412  0.0486667 0.00757068  0.0155935 -0.00691312 -0.00220278  0.00135602  0.0753341 -0.0188661  0.0391046    3.75525 -0.0018491   -9.06171 
             260.802 -4.37622 -1.49485  8.79826 -9.10091 -4.02585 0.809423 0 0 0   -0.011 -0.02329  0.04412  0.043361 0.0141328 0.0114365 -0.00688254 -0.00217927  0.00137686  0.0755129 -0.0189164  0.0391717      3.7552 -0.00183952    -9.06173 
             260.902 -4.33172 -1.45132  8.85558 -9.10148 -4.03011 0.811136 0 0 0   -0.011 -0.02329  0.04412  0.0351149 0.00131511  0.0139799 -0.00691077 -0.00219471  0.00136145  0.0759341 -0.0186049  0.0390874     3.75511 -0.00192957    -9.06177 
             261.003 -4.40511 -1.45863  8.89037 -9.10611 -4.02929 0.808592 0 0 0   -0.011 -0.02329  0.04412  0.0204376  0.0020867 0.00592586 -0.00687302 -0.00219017  0.00133682  0.0764867 -0.0187389  0.0393377     3.75495 -0.00190673    -9.06183 
             261.102 -4.39598 -1.44792   8.9908  -9.1116 -4.02851 0.804325 0 0 0   -0.011 -0.02329  0.04412  0.00740777  0.00207141 -0.00495552 -0.00687902 -0.00218658  0.00128592  0.0769889 -0.0188616  0.0396805      3.7548 -0.00188742     -9.0619 
             261.203 -4.3254 -1.4251 8.82958 -9.11515 -4.03303 0.804045 0 0 0   -0.011 -0.02329  0.04412  -0.0015743 -0.00526774 -0.00357251 -0.00691292 -0.00220279  0.00137189  0.0773451 -0.0185937  0.0396349     3.75473 -0.00196456    -9.06193 
             261.303 -4.34358 -1.41398  8.89941 -9.11212 -4.03328 0.806388 0 0 0   -0.011 -0.02329  0.04412  0.00743885 -0.00693071   0.0029886 -0.00689808 -0.00219777  0.00133485  0.0771414 -0.0185768  0.0394303     3.75479 -0.00196267     -9.0619 
             261.403 -4.28434  -1.4171  8.70499 -9.11683 -4.03655  0.80292 0 0 0   -0.011 -0.02329  0.04412 -0.00105271   -0.014343 -0.00592094 -0.00693416 -0.00220029  0.00144225  0.0775357 -0.0184858  0.0397107     3.75468 -0.00199753    -9.06195 
             261.502 -4.33923 -1.42976  8.79214 -9.11377 -4.03601 0.804872 0 0 0   -0.011 -0.02329  0.04412   0.00735655  -0.00661514 -7.24865e-05 -0.00690004 -0.00218857  0.00140428 0.0773119 -0.018558 0.0395118     3.75474 -0.00197186    -9.06192 
             261.603  -4.3709 -1.40384  8.92384 -9.11587 -4.03901 0.805792 0 0 0   -0.011 -0.02329  0.04412 0.00265327 -0.0141371 0.00288269 -0.00688714 -0.00219382   0.0013341  0.0775526 -0.0184419   0.039408      3.7547 -0.00200524    -9.06194 
             261.702 -4.41797 -1.39319  8.91786 -9.11188 -4.04006 0.803176 0 0 0   -0.011 -0.02329  0.04412  0.00748012 -0.00723846  -0.0831126 -0.00686045  -0.0021959  0.00133515  0.0773402 -0.0184291  0.0394147     3.75475 -0.00200505    -9.06192 
             261.802 -4.35886 -1.22512  8.99238 -9.11442  -4.0491 0.801362 0 0 0   -0.011 -0.02329  0.04412  -0.054671 -0.0453322 -0.0349522 -0.00688107 -0.00220771  0.00134864 0.0772139 -0.017921 0.0393655     3.75479 -0.00213542     -9.0619 
             261.903 -4.49489 -1.42684  9.27317 -9.13233 -4.04569 0.795392 0 0 0   -0.011 -0.02329  0.04412 -0.0706147 -0.0432764 0.00209616 -0.00688915 -0.00220425   0.0013201  0.0779715 -0.0185709  0.0396385     3.75458 -0.00198224    -9.06199 
             262.002 -4.23322 -1.94936  9.12711 -9.13106 -4.04935 0.799414 0 0 0   -0.011 -0.02329  0.04412 -0.0176167 -0.0459715  0.0250677 -0.00688231 -0.00216599  0.00133273  0.0775252 -0.0185691   0.039468      3.7547 -0.00197267    -9.06194 
             262.102 -3.76952 -2.59958  8.97656  -9.1342 -4.04823 0.802847 0 0 0   -0.011 -0.02329  0.04412 -0.00821556  -0.0197465   0.0414213 -0.00688901 -0.00215762  0.00133309  0.0776091 -0.0189125  0.0394371     3.75467 -0.00188458    -9.06195 
             262.203 -3.37261 -3.15072    8.699 -9.13451 -4.04876 0.806544 0 0 0   -0.011 -0.02329  0.04412     0.018425 -0.000486755    0.0502154 -0.00688498 -0.00216276  0.00132081  0.0776525 -0.0189409  0.0395282     3.75466 -0.00187912    -9.06196 
             262.302 -3.10897 -3.47606  8.38294 -9.13258 -4.05011  0.81258 0 0 0   -0.011 -0.02329  0.04412   0.0450654 -0.00721272   0.0645419 -0.00689592 -0.00216455  0.00135929 0.0777596 -0.018879 0.0394978     3.75464 -0.00189668    -9.06196 
             262.402 -2.80626 -3.56641  7.99633  -9.1297 -4.05087 0.817512 0 0 0   -0.011 -0.02329  0.04412  0.084652 0.0386556 -0.131172 -0.00691413 -0.00217718  0.00146703  0.0779962 -0.0188779  0.0394484     3.75458 -0.00190068    -9.06198 
             262.503 -2.83172  -3.3716  7.97485 -9.12692 -4.04746 0.805175 0 0 0   -0.011 -0.02329  0.04412 0.00726225  0.0315972   -0.12294 -0.00687554  -0.0021852  0.00137262  0.0778934 -0.0189972  0.0393558     3.75461 -0.00186756    -9.06197 
             262.602 -3.24664 -2.36145  8.44509   -9.127 -4.04514 0.802341 0 0 0   -0.011 -0.02329  0.04412  0.0175387  0.0233005 0.00924315 -0.00686656 -0.00222791    0.001336  0.0778225 -0.0189182  0.0393028     3.75464 -0.00188631    -9.06196 
             262.703 -4.00328 -2.02411  8.52429 -9.12732 -4.03634 0.794498 0 0 0   -0.011 -0.02329  0.04412 -0.0213221  0.0319842  -0.049876 -0.00685731 -0.00220334   0.0013555  0.0780795 -0.0194003  0.0396184     3.75454 -0.00176902      -9.062 
             262.803 -4.30037 -1.64638  8.80504 -9.13927 -4.03955 0.789201 0 0 0   -0.011 -0.02329  0.04412 -0.0749646 -0.0176458 -0.0418199 -0.00687628 -0.00220309  0.00135705  0.0785004 -0.0191853  0.0397923    3.75444 -0.0018312   -9.06205 
             262.902 -4.39381 -1.98764  9.01357 -9.14475  -4.0381 0.789284 0 0 0   -0.011 -0.02329  0.04412 -0.0429622   -0.02295  0.0115241 -0.00689475 -0.00217627  0.00133185  0.0783726 -0.0194196  0.0396784     3.75447 -0.00176885    -9.06203 
             263.003 -4.13027 -2.56445   8.7963 -9.14827 -4.04623 0.791932 0 0 0   -0.011 -0.02329  0.04412 -0.00105408  -0.0355876   0.0386142 -0.00687104  -0.0021584  0.00135919  0.0785391 -0.0190906  0.0396684     3.75444 -0.00185449    -9.06204 
             263.103 -3.49083 -3.16691  8.48283 -9.14936 -4.05193 0.795721 0 0 0   -0.011 -0.02329  0.04412 0.0178101 -0.016832 0.0536026 -0.00692069 -0.00217353  0.00141687  0.0787231 -0.0189118  0.0397204      3.7544 -0.00190293    -9.06206 
             263.203 -3.17229 -3.63398  8.36142 -9.14566 -4.04991 0.802054 0 0 0   -0.011 -0.02329  0.04412   0.0522689 -0.00155154   0.0638718 -0.00686582 -0.00215963  0.00128082  0.0786606 -0.0190962  0.0397006     3.75441 -0.00185538    -9.06206 
             263.303 -2.92892 -3.75619  8.10741  -9.1405 -4.05146 0.810194 0 0 0   -0.011 -0.02329  0.04412   0.0733372 -0.00196281   0.0892622 -0.00688404  -0.0021749  0.00133287  0.0787488 -0.0190053  0.0396544     3.7544 -0.0018791   -9.06206 
             263.403 -2.74585 -3.66302  7.76732 -9.13416 -4.04962 0.815409 0 0 0   -0.011 -0.02329  0.04412 0.0655857 0.0359041 -0.106872  -0.0068812 -0.00218274  0.00142144  0.0789187 -0.0190911  0.0395963     3.75436 -0.00185977    -9.06208 
             263.503 -3.09955 -3.25134  7.76019 -9.13494 -4.04319 0.802354 0 0 0   -0.011 -0.02329  0.04412 0.00233231  0.0493249  -0.130365 -0.00681073 -0.00219183  0.00133506  0.0790977 -0.0193914  0.0396206     3.75431 -0.00178775     -9.0621 
             263.603  -3.5056 -1.98847  8.16241 -9.13786 -4.03865 0.797711 0 0 0   -0.011 -0.02329  0.04412  0.0124873   0.025026 -0.0150878  -0.0068141 -0.00226985  0.00128609  0.0791531 -0.0194118  0.0396573      3.7543 -0.00178368     -9.0621 
             263.703 -4.04457 -1.90984  8.36906 -9.13917 -4.04275 0.791585 0 0 0   -0.011 -0.02329  0.04412   0.031955  0.0104186 0.00103125 -0.00681491 -0.00218719  0.00130909  0.0795245 -0.0190374  0.0401007     3.75419 -0.00188421    -9.06215 
             263.802 -4.51494 -1.64269  8.46424 -9.13386 -4.03655 0.792113 0 0 0   -0.011 -0.02329  0.04412   0.0298478   0.0139971 -0.00175818 -0.00680134 -0.00219988   0.0013083  0.0793665 -0.0193774  0.0400045    3.75423 -0.0017974   -9.06213 
             263.903 -4.56425 -1.55444  8.42096 -9.12669 -4.03719 0.796557 0 0 0   -0.011 -0.02329  0.04412  0.0284371 0.00674893 0.00368455 -0.00684788 -0.00218461   0.0013565  0.0790792 -0.0192013  0.0396182     3.75432 -0.00183362    -9.06209 
             264.002 -4.59819 -1.52888  8.53387 -9.12232 -4.03841 0.800401 0 0 0   -0.011 -0.02329  0.04412  0.0319679 0.00190651  0.0110816 -0.00683956 -0.00218787  0.00130814 0.0790103 -0.019062 0.0393268     3.75436 -0.00186385    -9.06208 
             264.106 -4.58417 -1.54918   8.4532 -9.11489   -4.041 0.802424 0 0 0   -0.011 -0.02329  0.04412   0.0458707 -0.00371252   0.0127654 -0.00685305 -0.00217646  0.00137517  0.0787609 -0.0188582  0.0393092     3.75442 -0.00191025    -9.06205 
             264.203 -4.60116 -1.51404  8.57242 -9.10996 -4.03941 0.805377 0 0 0   -0.011 -0.02329  0.04412 0.0479402 0.0016918 0.0171427 -0.00684308 -0.00218386  0.00131314   0.078738 -0.0189676  0.0391632     3.75444 -0.00188134    -9.06205 
             264.302 -4.65179 -1.50953  8.63967 -9.11166 -4.03173 0.805268 0 0 0   -0.011 -0.02329  0.04412 0.0329028 0.0162096 0.0138542 -0.00682554 -0.00217516  0.00128619  0.0791083 -0.0194891  0.0392096     3.75434 -0.00176034    -9.06208 
             264.403 -4.59621 -1.48113  8.51072  -9.1171 -4.03328 0.804885 0 0 0   -0.011 -0.02329  0.04412  0.0175642 0.00947414  0.0110396 -0.00686084 -0.00218978  0.00137815  0.079753 -0.019373 0.0392667      3.7542 -0.00179841    -9.06214 
             264.503 -4.63473 -1.50539  8.51276  -9.1173 -4.03196  0.80311 0 0 0   -0.011 -0.02329  0.04412 -0.0452789 -0.0385354 -0.0269545 -0.00683102 -0.00217177  0.00137188  0.0798311 -0.0194779  0.0393506    3.75418 -0.0017754   -9.06215 
             264.602 -3.82937 -1.55368  9.23805 -9.11762 -4.03013 0.801638 0 0 0   -0.011 -0.02329  0.04412 -0.0111257 0.00949636  0.0104096 -0.00683574 -0.00219159  0.00125546  0.0795528 -0.0195954  0.0393476     3.75423 -0.00174298    -9.06213 
             264.703 -4.23188 -1.86046  9.61436 -9.12753 -4.03629 0.796752 0 0 0   -0.011 -0.02329  0.04412  0.0139122   0.016258 0.00109871 -0.00680483 -0.00217876  0.00119997  0.0803943 -0.0191929  0.0397281     3.75403 -0.00185749    -9.06221 
             264.803 -4.32644 -1.84537  9.27738 -9.12833  -4.0345 0.795948 0 0 0   -0.011 -0.02329  0.04412   0.0140344 -0.00215375  0.00225036 -0.00680128 -0.00218258  0.00130201  0.0805709 -0.0192774  0.0398023     3.75399 -0.00184108    -9.06223 
             264.902 -4.35668 -1.74762  9.34062 -9.12496 -4.03013 0.797337 0 0 0   -0.011 -0.02329  0.04412   0.00731337   0.00545081 -0.000523337 -0.00682021 -0.00217829  0.00125723 0.0803558 -0.019559  0.039701     3.75404 -0.00176909    -9.06221 
             265.003 -4.21648 -1.71325  9.28735 -9.12523 -4.03536 0.796345 0 0 0   -0.011 -0.02329  0.04412  0.00435711 -0.00096719 -0.00355215 -0.00685717 -0.00219188  0.00129806  0.0804694 -0.0191901  0.0397895     3.75401 -0.00185976    -9.06222 
             265.103 -4.24454 -1.71433   9.3012 -9.12291  -4.0374 0.798833 0 0 0   -0.011 -0.02329  0.04412   0.0120703 -0.00855143  0.00481793 -0.00684696 -0.00219183  0.00130024  0.0803897 -0.0190474  0.0395684     3.75405 -0.00188954    -9.06221 
             265.202 -4.26381  -1.7453  9.28633 -9.12422 -4.03602 0.796675 0 0 0   -0.011 -0.02329  0.04412    0.0112358  -0.00939183 -0.000311671 -0.00684265 -0.00217361  0.00130817  0.0805379 -0.0192446  0.0397588      3.754 -0.0018479   -9.06223 
             265.302 -4.22964 -1.68232  9.32816 -9.11864 -4.03616 0.800943 0 0 0   -0.011 -0.02329  0.04412   0.0203278 -0.00136818  0.00893067 -0.00684674 -0.00220393  0.00128851  0.0802622 -0.0192206  0.0394286     3.75408 -0.00184471    -9.06219 
             265.403 -4.25979 -1.69105   9.3158 -9.11929 -4.04075 0.802728 0 0 0   -0.011 -0.02329  0.04412  0.0149038 -0.0142183  0.0109909 -0.00682933 -0.00219496  0.00130043  0.0804935 -0.0189645  0.0393313     3.75405 -0.00190786    -9.06221 
             265.502 -4.24089 -1.67677  9.24531 -9.11889 -4.03988 0.800503 0 0 0   -0.011 -0.02329  0.04412  0.0193509 -0.0131643 0.00348755 -0.00684597 -0.00220606  0.00133908  0.0805411 -0.0191433  0.0396072     3.75401 -0.00187011    -9.06222 
             265.603 -4.26884 -1.67251  9.45915 -9.11781 -4.02933 0.800673 0 0 0   -0.011 -0.02329  0.04412 0.0186308 0.0173393 0.0024045 -0.00682931 -0.00220076  0.00122886   0.080491 -0.0198555    0.03957     3.75401 -0.00170282    -9.06222 
             265.703  -4.2509 -1.70146  9.33959 -9.11572 -4.03742 0.799868 0 0 0   -0.011 -0.02329  0.04412    0.0220688  -0.00606728 -0.000121236 -0.00683062 -0.00218653  0.00129652  0.0805679 -0.0192632  0.0396946       3.754 -0.00184323    -9.06223 
             265.803 -4.32219 -1.71633  9.34384 -9.11668 -4.04252 0.801238 0 0 0   -0.011 -0.02329  0.04412  0.0165465   -0.01498 0.00457583  -0.0067977 -0.00217626   0.0012882  0.0808449 -0.0190148  0.0395493     3.75396 -0.00190408    -9.06225 
             265.903 -4.26207 -1.71411  9.40381 -9.11601 -4.04092 0.798691 0 0 0   -0.011 -0.02329  0.04412   0.0172596 -0.00706534 -0.00367127 -0.00682289 -0.00217592  0.00125956  0.0808746 -0.0192235  0.0397857     3.75393 -0.00185915    -9.06226 
             266.003 -4.20394 -1.70128  9.28434 -9.11617 -4.03753 0.798909 0 0 0   -0.011 -0.02329  0.04412   0.0140851 -0.00150944 -0.00219781 -0.00685431 -0.00218474  0.00132537   0.080967 -0.0194949  0.0396915     3.75391 -0.00179728    -9.06226 
             266.103 -4.27635  -1.7239  9.33062 -9.11758  -4.0412 0.799558 0 0 0   -0.011 -0.02329  0.04412   0.0117688 -0.00811259  0.00198903  -0.0068179 -0.00217435  0.00130117  0.0812214 -0.0193014  0.0395966     3.75387 -0.00184514    -9.06228 
             266.202 -4.22594 -1.70702  9.28501 -9.11777 -4.03576 0.798822 0 0 0   -0.011 -0.02329  0.04412    0.0104329   0.00507989 -0.000496194 -0.00684356 -0.00218537  0.00132513  0.0812565 -0.0196953  0.0396371     3.75385 -0.00175613    -9.06229 
             266.303 -4.24277 -1.67646  9.41308 -9.11524 -4.02693  0.79967 0 0 0   -0.011 -0.02329  0.04412  0.0168234  0.0217884 0.00141927 -0.00683762 -0.00219442   0.0012546  0.0810915 -0.0201838  0.0395436     3.75388 -0.00164071    -9.06228 
             266.402 -4.24592  -1.6807  9.31756 -9.11482 -4.03139 0.800419 0 0 0   -0.011 -0.02329  0.04412  0.0173996 0.00588195 0.00467574 -0.00684191 -0.00219287   0.0013125 0.0812592 -0.019798 0.0395009     3.75386 -0.00173092    -9.06229 
             266.503 -4.25537 -1.69786  9.30362 -9.11142 -4.03499 0.804295 0 0 0   -0.011 -0.02329  0.04412   0.0221795 0.000113498   0.0140425 -0.00682811 -0.00218424  0.00131577  0.0812174 -0.0195015  0.0392348     3.75389 -0.00179436    -9.06227 
             266.603 -4.29505 -1.71505  9.47539 -9.11554 -4.03631 0.799183 0 0 0   -0.011 -0.02329  0.04412   0.0117222 -0.00525684 -0.00294362 -0.00680672 -0.00216648  0.00122544  0.0816394 -0.0195128  0.0397267    3.75377 -0.0018048   -9.06232 
             266.703  -4.1919 -1.69409  9.23048 -9.11688 -4.03253 0.799953 0 0 0   -0.011 -0.02329  0.04412   0.00561625   0.00325194 -3.51786e-05 -0.00686304 -0.00218376  0.00135877  0.0817768 -0.0197964  0.0395868     3.75375 -0.00174175    -9.06233 
             266.803 -4.30901  -1.6774  9.47834 -9.12889 -4.03861 0.797128 0 0 0   -0.011 -0.02329  0.04412  -0.0185448 -0.00976926 -0.00294651 -0.00679605 -0.00218758  0.00122512 0.0827088 -0.019531 0.0397104     3.75356 -0.00181913    -9.06241 
             266.903 -4.20419 -1.67946   9.2609 -9.12921 -4.03258 0.795523 0 0 0   -0.011 -0.02329  0.04412  -0.0126036  0.00406931 -0.00769994 -0.00685115 -0.00219648   0.0013411  0.0825399 -0.0199522  0.0398135     3.75358 -0.00172303     -9.0624 
             267.003 -4.23223 -1.67275  9.32688 -9.12564 -4.02589 0.797051 0 0 0   -0.011 -0.02329  0.04412 0.000761578   0.0183591 -0.00240597 -0.00684063 -0.00219013  0.00130788  0.0821644 -0.0202781  0.0396482    3.75366 -0.0016419   -9.06237 
             267.103 -4.27397 -1.67745  9.41624 -9.12571 -4.02574 0.798151 0 0 0   -0.011 -0.02329  0.04412  0.0041863  0.0133342 0.00287469 -0.00682068 -0.00218715  0.00125881  0.0822159 -0.0201787  0.0395411     3.75366 -0.00166372    -9.06237 
             267.203 -4.22939 -1.70701  9.26819 -9.12098 -4.02918 0.799247 0 0 0   -0.011 -0.02329  0.04412  0.0135941 0.00508986 0.00318228 -0.00683967 -0.00217258  0.00133784  0.0819696 -0.0198389  0.0395314     3.75371 -0.00173465    -9.06235 
             267.303 -4.29909 -1.66858  9.50576 -9.12054 -4.02762 0.796933 0 0 0   -0.011 -0.02329  0.04412   0.0163691  0.00437256 -0.00307461 -0.00680684 -0.00218549  0.00120903  0.0820229 -0.0199391  0.0397472     3.75369 -0.00171582    -9.06236 
             267.403 -4.27005  -1.6776  9.35277 -9.12563 -4.02796 0.796495 0 0 0   -0.011 -0.02329  0.04412  0.00195426  0.00402602 -0.00252644 -0.00681908 -0.00218513  0.00128824  0.0824994 -0.0199513  0.0396776      3.7536 -0.00172062    -9.06239 
             267.503 -4.24451 -1.68103  9.36438 -9.12322 -4.03407  0.79844 0 0 0   -0.011 -0.02329  0.04412  0.0106742 -0.0112177 0.00326294 -0.00682446  -0.0021831  0.00128892  0.0824351 -0.0195231  0.0395308     3.75363 -0.00181191    -9.06238 
             267.603 -4.20673 -1.70647  9.19716 -9.12108 -4.03814 0.798678 0 0 0   -0.011 -0.02329  0.04412  0.0153503 -0.0216585 0.00254054 -0.00684266 -0.00217525  0.00137949  0.0823901 -0.0193357  0.0395608     3.75364 -0.00185247    -9.06238 
             267.699 -4.24613 -1.66135  9.41202 -9.11463 -4.02864 0.801233 0 0 0   -0.011 -0.02329  0.04412  0.0286989 0.00624674 0.00789251 -0.00682302 -0.00218773  0.00126503  0.0819696 -0.0199847  0.0393816     3.75372 -0.00170162    -9.06234 
             267.799 -4.25612 -1.70063   9.3598 -9.11105 -4.03392 0.804017 0 0 0   -0.011 -0.02329  0.04412   0.0318505 -0.00758865   0.0133671 -0.00681553 -0.00217372  0.00129715  0.0820054 -0.0196227  0.0392457     3.75373 -0.00177951    -9.06234 
             267.903 -4.24033  -1.6829  9.28318 -9.11329 -4.03459 0.800155 0 0 0   -0.011 -0.02329  0.04412   0.0217446 -0.00614975 4.86459e-06 -0.00681684 -0.00219104  0.00133511  0.0823304 -0.0196985  0.0396167     3.75364 -0.00177265    -9.06238 
             268.003 -4.2727 -1.6692 9.49316 -9.11836 -4.03065 0.798756 0 0 0   -0.011 -0.02329  0.04412 0.00960561 0.00174727 -0.0013903 -0.00680807 -0.00219654   0.0012305  0.0827693 -0.0200483  0.0396351     3.75355 -0.00170474    -9.06241 
             268.102 -4.26218 -1.65195  9.42923  -9.1219 -4.03408 0.799053 0 0 0   -0.011 -0.02329  0.04412 0.000361853 -0.00610297 0.000500086 -0.00681313 -0.00220938   0.0012579  0.0831031 -0.0198733  0.0395546     3.75349 -0.00174725    -9.06244 
             268.203 -4.26993 -1.69766  9.34433 -9.11751 -4.03933 0.801429 0 0 0   -0.011 -0.02329  0.04412  0.0136353 -0.0159929 0.00663096 -0.00680598 -0.00218566  0.00131487  0.0828849 -0.0195446  0.0394268     3.75355 -0.00181272    -9.06241 
             268.302 -4.24114  -1.7122  9.31205 -9.11762  -4.0418 0.798872 0 0 0   -0.011 -0.02329  0.04412   0.0115834  -0.0184053 -0.00234195 -0.00682369 -0.00217917  0.00133092 0.0829701 -0.019525 0.0396882     3.75352 -0.00182118    -9.06243 
             268.403 -4.25905 -1.67574  9.35327 -9.11148  -4.0355 0.802135 0 0 0   -0.011 -0.02329  0.04412    0.0290054 -0.000356021   0.00776821 -0.00681796  -0.0021932  0.00130749  0.0825992 -0.0199572  0.0394198      3.7536 -0.00171982    -9.06239 
             268.503 -4.25466 -1.65155  9.40127 -9.11414 -4.04074 0.802175 0 0 0   -0.011 -0.02329  0.04412  0.0174857 -0.0128689 0.00711389 -0.00681709 -0.00220837  0.00127948    0.08304 -0.0196996  0.0394389     3.75352 -0.00178224    -9.06243 
             268.603 -4.21219 -1.64348  9.28271 -9.11037  -4.0409 0.803037 0 0 0   -0.011 -0.02329  0.04412   0.0203891 -0.00974005  0.00500369 -0.00683024 -0.00220727  0.00133416  0.0828809 -0.0197402  0.0394382     3.75355 -0.00177095    -9.06242 
             268.702 -4.26032 -1.66296   9.4468 -9.10832 -4.03584 0.803979 0 0 0   -0.011 -0.02329  0.04412   0.0242564 0.000652544   0.0074764 -0.00681296 -0.00219017  0.00125178  0.0828371 -0.0201215  0.0393799     3.75355 -0.00168906    -9.06241 
             268.803 -4.22041 -1.66982  9.31799 -9.10876 -4.03544 0.804467 0 0 0   -0.011 -0.02329  0.04412  0.0225693 0.00356913 0.00737525 -0.00683117  -0.0021951  0.00131646  0.083044 -0.020166 0.0393636     3.75351 -0.00168297    -9.06243 
             268.903 -4.18792  -1.6634  9.24929 -9.10603  -4.0434 0.807731 0 0 0   -0.011 -0.02329  0.04412 0.0244862 -0.015934 0.0147523 -0.00684252 -0.00219959  0.00136124  0.0831117 -0.0196378   0.039181     3.75352 -0.00179307    -9.06242 
             269.003 -4.14892 -1.71005  9.14551 -9.10905 -4.04214 0.803706 0 0 0   -0.011 -0.02329  0.04412    0.014479  -0.0103003 0.000266646 -0.00686464  -0.0021773  0.00141494  0.0834226 -0.0198981  0.0395825     3.75343 -0.00174795    -9.06246 
             269.103 -4.18915  -1.6378  9.37046 -9.10533 -4.04192 0.805431 0 0 0   -0.011 -0.02329  0.04412    0.022785 -0.00778902  0.00539625 -0.00684009 -0.00220881  0.00128725  0.0832793 -0.0199452  0.0394613     3.75347 -0.00173451    -9.06245 
             269.203 -4.24597 -1.65471  9.38643 -9.11026  -4.0446 0.805534 0 0 0   -0.011 -0.02329  0.04412 0.00813146 -0.0128331 0.00609559 -0.00681007 -0.00219821  0.00128295  0.0838038 -0.0199002  0.0394148     3.75337 -0.00175197    -9.06249 
             269.303 -4.22721 -1.64341  9.30142 -9.11566 -4.04687 0.801582 0 0 0   -0.011 -0.02329  0.04412  -0.0039487  -0.0140152 -0.00524664  -0.0068123 -0.00220756  0.00132584  0.0842182 -0.0199162  0.0397379     3.75327 -0.00175869    -9.06253 
             269.403 -4.28589 -1.66089  9.51382   -9.117 -4.04101 0.798452 0 0 0   -0.011 -0.02329  0.04412 -0.00203052 2.00932e-06  -0.0123869 -0.00678445 -0.00219107  0.00121566  0.0842072 -0.0204013  0.0399256     3.75326 -0.00166016    -9.06254 
             269.502 -4.21525 -1.65774  9.33188 -9.11881 -4.04005 0.800581 0 0 0   -0.011 -0.02329  0.04412 -0.00497704  0.00307705 -0.00279712  -0.0068169 -0.00219792   0.0013122  0.0843354 -0.0204561  0.0396054     3.75325 -0.00164769    -9.06254 
             269.603 -4.19176 -1.69823  9.22937  -9.1213 -4.04337 0.800138 0 0 0   -0.011 -0.02329  0.04412 -0.00532411 -0.00701421 -0.00209379 -0.00683048  -0.0021813  0.00137618  0.0845191 -0.0202565  0.0396075    3.75322 -0.0016917   -9.06255 
             269.703 -4.14446 -1.65747   9.1984  -9.1227 -4.04139 0.797162 0 0 0   -0.011 -0.02329  0.04412 -0.00507129 -0.00169563 -0.00985785 -0.00684907 -0.00220328   0.0013817  0.0845367 -0.0204453  0.0398283      3.7532 -0.00165558    -9.06256 
             269.803 -4.28923 -1.67894  9.50871 -9.12953 -4.03532 0.792525 0 0 0   -0.011 -0.02329  0.04412 -0.0179242   0.012605 -0.0197465 -0.00677218 -0.00217817  0.00121239  0.0848857 -0.0208979  0.0400399     3.75312 -0.00157099    -9.06259 
             269.903 -4.17334 -1.67628   9.2492 -9.12789 -4.03525 0.796451 0 0 0   -0.011 -0.02329  0.04412 -0.00642102  0.00273973 -0.00358173 -0.00683309 -0.00219142  0.00135207  0.0847201 -0.0207811  0.0395724     3.75318 -0.00158737    -9.06257 
             270.003 -4.16703 -1.67688  9.18491 -9.12547 -4.03684 0.796813 0 0 0   -0.011 -0.02329  0.04412 0.000926956  0.00474321 -0.00237951 -0.00683204 -0.00219308  0.00138894   0.084542 -0.0206199  0.0395537     3.75321 -0.00161701    -9.06255 
             270.102 -4.21408 -1.68618  9.32353 -9.11708  -4.0349 0.798256 0 0 0   -0.011 -0.02329  0.04412   0.0219787  0.00449758 -4.3825e-05 -0.00681132 -0.00218206  0.00131437  0.0839813 -0.0206442  0.0395008    3.75332 -0.0016026   -9.06251 
             270.203 -4.28582 -1.62957  9.51201 -9.12153 -4.03368 0.797821 0 0 0   -0.011 -0.02329  0.04412  0.00997751  0.00731458 0.000785965 -0.00677225   -0.002203    0.001202  0.0844406 -0.0207533  0.0394527     3.75324 -0.00158743    -9.06254 
             270.303 -4.16715 -1.68445  9.17467 -9.12027 -4.04156 0.799884 0 0 0   -0.011 -0.02329  0.04412  0.0119816 -0.0121843 0.00736163 -0.00683159 -0.00218893  0.00140189  0.0845296 -0.0202144  0.0393131     3.75324 -0.00169575    -9.06254 
             270.403 -4.09733 -1.69244  9.13978 -9.11687 -4.03986 0.798626 0 0 0   -0.011 -0.02329  0.04412    0.0177965  -0.00698697 -0.000273823 -0.00686525  -0.0021823  0.00140955  0.0843355 -0.0203865  0.0394931     3.75326 -0.00165998    -9.06253 
             270.503 -4.17495 -1.71394  9.13457 -9.11854 -4.03359 0.797758 0 0 0   -0.011 -0.02329  0.04412   0.0149784  0.00797617 -0.00116191 -0.00682458 -0.00217389  0.00142034  0.0845167 -0.0208412  0.0395025    3.75322 -0.0015721   -9.06255 
             270.602 -4.18355 -1.67205  9.29493 -9.11826 -4.03603 0.799992 0 0 0   -0.011 -0.02329  0.04412    0.01251  0.0011817 0.00574491 -0.00681853 -0.00218986  0.00132329  0.0846491 -0.0206487  0.0392943     3.75321 -0.00161046    -9.06255 
             270.703 -4.24969 -1.68398  9.39256 -9.11601 -4.04065 0.799126 0 0 0   -0.011 -0.02329  0.04412   0.0165124 -0.00915364  0.00120604 -0.00677838 -0.00217795  0.00127266  0.0846187 -0.0203567  0.0394447     3.75321 -0.00166943    -9.06255 
             270.803 -4.19622 -1.67541  9.25155 -9.11326 -4.04774 0.799948 0 0 0   -0.011 -0.02329  0.04412  0.0200042 -0.0237349 0.00310618   -0.006812 -0.00218753  0.00135613  0.0846138 -0.0199734  0.0394187     3.75322 -0.00174495    -9.06255 
             270.903 -4.21866  -1.6673  9.35374 -9.12205 -4.04816  0.79953 0 0 0   -0.011 -0.02329  0.04412 -0.00144469   -0.017576  0.00385328 -0.00679597 -0.00218869  0.00129479  0.0853351 -0.0201921  0.0393357      3.7531 -0.00171212     -9.0626 
             271.003 -4.26756 -1.67995  9.37907 -9.12021 -4.04599 0.800855 0 0 0   -0.011 -0.02329  0.04412 0.00563668 -0.0116901 0.00629141 -0.00677127 -0.00218201  0.00128483  0.0851826 -0.0204182   0.039267     3.75313 -0.00166466    -9.06259 
             271.103 -4.15921 -1.69906  9.18856 -9.11996 -4.04255 0.798044 0 0 0   -0.011 -0.02329  0.04412   0.00530072 -0.000226903  -0.00439017 -0.00682749 -0.00217671    0.001386   0.085131 -0.0207176  0.0395415     3.75311 -0.00160785     -9.0626 
             271.203 -4.20376 -1.67079  9.28369 -9.11539  -4.0332 0.799039 0 0 0   -0.011 -0.02329  0.04412   0.0184538   0.0191079 -0.00127921 -0.00680383 -0.00218853  0.00134046 0.0847928  -0.02125 0.0394345     3.75317 -0.00149757    -9.06257 
             271.303 -4.25128 -1.67274   9.3813 -9.11881 -4.03695 0.798833 0 0 0   -0.011 -0.02329  0.04412  0.00774827  0.00668473 0.000120653 -0.00678037 -0.00218379  0.00127952  0.0852077 -0.0209571  0.0393946      3.7531 -0.00156061     -9.0626 
             271.403  -4.1722 -1.68136  9.23454 -9.11815 -4.03762 0.798717 0 0 0   -0.011 -0.02329  0.04412   0.00972452   0.00466185 -0.000242242 -0.00681738 -0.00218391  0.00136596  0.0852345 -0.0208714  0.0394049      3.7531 -0.00157776     -9.0626 
             271.503 -4.16843  -1.6694  9.24947 -9.11452 -4.03892 0.800593 0 0 0   -0.011 -0.02329  0.04412    0.0166722 -0.000411657   0.00480798   -0.006823 -0.00219075  0.00136033  0.0850938 -0.0207439    0.03928     3.75313 -0.00159909    -9.06259 
             271.603  -4.2084 -1.64519  9.38256 -9.11729  -4.0417 0.801852 0 0 0   -0.011 -0.02329  0.04412    0.009292 -0.00553709  0.00905599 -0.00680044 -0.00219876  0.00128554  0.0854357 -0.0206154  0.0391615     3.75309 -0.00162799    -9.06261 
             271.703 -4.23102 -1.66869  9.23168 -9.11946 -4.04202  0.80211 0 0 0   -0.011 -0.02329  0.04412  0.00455744 -0.00578708  0.00772135 -0.00678448 -0.00219346  0.00137398  0.0856475 -0.0206574  0.0391723     3.75305 -0.00162325    -9.06262 
             271.803 -4.18707 -1.71147  9.22134 -9.11655 -4.04106 0.800274 0 0 0   -0.011 -0.02329  0.04412    0.0113959  -0.00142117 -0.000672635 -0.0068071 -0.0021687 0.00137839  0.0854468 -0.0207379  0.0394184     3.75306 -0.00160709    -9.06261 
             271.903 -4.26724 -1.67383  9.42395 -9.11407 -4.03511 0.800568 0 0 0   -0.011 -0.02329  0.04412   0.0178509   0.0101972 0.000629036  -0.0067667 -0.00218192  0.00127043 0.0853182  -0.02109 0.0393845     3.75308 -0.00153754    -9.06261 
             272.003 -4.19266 -1.67962  9.26376 -9.11271 -4.03382 0.802121 0 0 0   -0.011 -0.02329  0.04412  0.0180701  0.0104589 0.00399115 -0.00680264 -0.00218365  0.00135239  0.0853599 -0.0211097  0.0392472     3.75308 -0.00153311    -9.06261 
             272.102 -4.21798 -1.68631  9.31523 -9.11613 -4.03298 0.798814 0 0 0   -0.011 -0.02329  0.04412   0.0106064   0.0103531 -0.00419605 -0.00678638 -0.00217936  0.00133146  0.0856942 -0.0211663  0.0395058     3.75301 -0.00152986    -9.06264 
             272.203 -4.24044 -1.67324  9.40534 -9.11464  -4.0312 0.799713 0 0 0   -0.011 -0.02329  0.04412   0.0129689  0.00985063 -0.00115487 -0.00677309 -0.00218394  0.00127605  0.0856762 -0.0212125  0.0393933     3.75302 -0.00151977    -9.06263 
             272.303 -4.18434 -1.66481  9.33779 -9.11868 -4.03496 0.800718 0 0 0   -0.011 -0.02329  0.04412  0.00336234 -0.00130883  0.00406145 -0.00679573  -0.0021918  0.00131431  0.0860925 -0.0209771  0.0392429     3.75296 -0.00156906    -9.06266 
             272.403 -4.17489 -1.67343  9.21369 -9.12202 -4.03621 0.798672 0 0 0   -0.011 -0.02329  0.04412 -0.00117933 -0.00481122 -0.00107002 -0.00680009 -0.00219234  0.00138845  0.0863407 -0.0209564  0.0394108     3.75291 -0.00157827    -9.06268 
             272.502 -4.21439 -1.69176  9.34923 -9.12451 -4.03766 0.794842 0 0 0   -0.011 -0.02329  0.04412 -0.00644368 -0.00496248  -0.0124373 -0.00677453 -0.00217654  0.00131111  0.0864774 -0.0209359  0.0397006     3.75287 -0.00158688    -9.06269 
             272.603 -4.33205 -1.65668  9.59112 -9.12035 -4.03157 0.797386 0 0 0   -0.011 -0.02329  0.04412  0.00663653   0.0071663 -0.00276281 -0.00671351 -0.00218446  0.00118208   0.086133 -0.0212718  0.0394115     3.75294 -0.00151626    -9.06267 
             272.702 -4.22078 -1.67222  9.35281  -9.1175  -4.0348 0.801003 0 0 0   -0.011 -0.02329  0.04412    0.0128091 -0.000752242   0.00803956 -0.00677037 -0.00218586  0.00130604  0.0860625 -0.0210007  0.0391129     3.75298 -0.00156292    -9.06265 
             272.803 -4.24415 -1.67909  9.36771 -9.11544 -4.03565 0.800752 0 0 0   -0.011 -0.02329  0.04412   0.0159966 -0.00217854  0.00424591 -0.00675847 -0.00218048  0.00130668  0.0860193 -0.0209498   0.039213     3.75298 -0.00157264    -9.06265 
             272.903 -4.23681 -1.65029  9.38374 -9.11776 -4.03522 0.800685 0 0 0   -0.011 -0.02329  0.04412 0.00899717 -0.0023772 0.00399603 -0.00676223 -0.00219414  0.00128946  0.0862769 -0.0210349  0.0392032     3.75293 -0.00156072    -9.06267 
             273.003 -4.25686 -1.64543  9.46259 -9.12418 -4.03168 0.800041 0 0 0   -0.011 -0.02329  0.04412 -0.00382928  0.00711101  0.00426158 -0.00675631 -0.00219583  0.00125228  0.0867401 -0.0213326  0.0391879     3.75285 -0.00151269     -9.0627 
             273.103 -4.22938 -1.64442  9.36766 -9.13022  -4.0417 0.796473 0 0 0   -0.011 -0.02329  0.04412  -0.0151308  -0.0168981 -0.00588421 -0.00676837  -0.0021989  0.00129992  0.0871942 -0.0207699   0.039498     3.75277 -0.00162594    -9.06274 
             273.203 -4.26842 -1.66966  9.44958 -9.13161 -4.04104 0.794011 0 0 0   -0.011 -0.02329  0.04412 -0.0127081 -0.0111668 -0.0116044  -0.0067469 -0.00217905  0.00125292  0.0871469 -0.0209182  0.0396503     3.75277 -0.00159946    -9.06274 
             273.303 -4.22666 -1.65929  9.40475 -9.13067 -4.04462 0.794769 0 0 0   -0.011 -0.02329  0.04412 -0.00432655  -0.0180537  -0.0061659 -0.00677168 -0.00218885  0.00128371  0.0870511 -0.0207499  0.0395236     3.75279 -0.00162758    -9.06273 
             273.403 -4.19452 -1.66392  9.33138 -9.13006 -4.03801 0.795707 0 0 0   -0.011 -0.02329  0.04412 -0.00150917 0.000793869  -0.0027058 -0.00678602 -0.00218679  0.00131975  0.0869171 -0.0212298  0.0393755     3.75282 -0.00153676    -9.06272 
             273.503 -4.21639 -1.64268  9.33749 -9.12779 -4.04432 0.795595 0 0 0   -0.011 -0.02329  0.04412  0.00721209  -0.0141587 -0.00211848  -0.0067699 -0.00219755  0.00131786  0.0868245 -0.0208266  0.0394146     3.75283 -0.00160894    -9.06271 
             273.603 -4.25611 -1.68849  9.39556  -9.1213 -4.04767 0.797677 0 0 0   -0.011 -0.02329  0.04412  0.0197627 -0.0180963 0.00241688 -0.00675026 -0.00216908    0.001287  0.0864736 -0.0206469  0.0392938      3.7529 -0.00163508    -9.06268 
             273.703 -4.24273 -1.64479   9.4732 -9.12104 -4.04849 0.800325 0 0 0   -0.011 -0.02329  0.04412   0.018592 -0.0160124 0.00972559 -0.00675369 -0.00218873  0.00124462  0.0866085 -0.0207064  0.0390556     3.75289 -0.00162419    -9.06269 
             273.803 -4.24472 -1.65707  9.33589  -9.1233 -4.05271 0.798856 0 0 0   -0.011 -0.02329  0.04412  0.0116889 -0.0228238 0.00427292 -0.00675764 -0.00218812  0.00132267  0.0868968 -0.0206062   0.039228     3.75284 -0.00164805    -9.06271 
             273.902 -4.20975 -1.65548  9.32684 -9.12386 -4.04718 0.798512 0 0 0   -0.011 -0.02329  0.04412 0.00950173 -0.0047032 0.00261095 -0.00677241 -0.00218929  0.00132325   0.086936 -0.0210954   0.039248     3.75282 -0.00156113    -9.06271 
             274.003 -4.25163 -1.65065  9.37871 -9.12241 -4.04599 0.799995 0 0 0   -0.011 -0.02329  0.04412   0.0118588 -0.00223046  0.00493477 -0.00674918 -0.00218867  0.00129908  0.0869014 -0.0211886  0.0391402     3.75283 -0.00154298    -9.06271 
             274.103 -4.22888 -1.67142  9.34815 -9.11641  -4.0448 0.802198 0 0 0   -0.011 -0.02329  0.04412 0.0264361 0.0006106 0.0100401 -0.00676395 -0.00217929  0.00131065  0.0865872 -0.0212259  0.0390548     3.75289 -0.00153096    -9.06269 
             274.203 -4.18981 -1.67238  9.25851 -9.11495 -4.04292 0.801335 0 0 0   -0.011 -0.02329  0.04412  0.0261722 0.00448751 0.00502465 -0.00678162  -0.0021857  0.00136595  0.0866507 -0.0213524  0.0391948     3.75287 -0.00151069     -9.0627 
             274.303 -4.22238 -1.65847  9.37151 -9.11497 -4.04589 0.800753 0 0 0   -0.011 -0.02329  0.04412   0.0195114 -0.00449715  0.00130857 -0.00676243 -0.00218261  0.00129742  0.0868441 -0.0211809  0.0392559    3.75284 -0.0015444   -9.06271 
             274.402 -4.18964 -1.65381  9.31758 -9.11673 -4.03527  0.79988 0 0 0   -0.011 -0.02329  0.04412   0.0156966   0.0182896 0.000982652 -0.00678091 -0.00219076  0.00133206  0.0869979 -0.0218981  0.0392638      3.7528 -0.00142012    -9.06272 
             274.503 -4.20339 -1.67705  9.31542 -9.11936 -4.04266 0.798947 0 0 0   -0.011 -0.02329  0.04412   0.00830442  -0.00173208 -0.000650178 -0.00677089 -0.00218294  0.00133327  0.0873735 -0.0213894  0.0393304     3.75275 -0.00151559    -9.06275 
             274.603 -4.20275 -1.68726  9.24802 -9.11792 -4.04741 0.798114 0 0 0   -0.011 -0.02329  0.04412  0.00988414  -0.0124321 -0.00388794 -0.00676757 -0.00217476  0.00137047  0.0873674 -0.0211038  0.0394123    3.75275 -0.0015663   -9.06275 
             274.702 -4.30409 -1.63967  9.63196 -9.11556 -4.04391  0.79987 0 0 0   -0.011 -0.02329  0.04412   0.0168538 -0.00528681    0.002323 -0.00672681 -0.00218545  0.00116021  0.0872615 -0.0213858  0.0392267     3.75277 -0.00151388    -9.06274 
             274.803 -4.18085 -1.67598  9.29258 -9.11736 -4.04661 0.801533 0 0 0   -0.011 -0.02329  0.04412  0.00939327 -0.00723852   0.0073599 -0.00678222 -0.00218122  0.00134798  0.0875305 -0.0212651  0.0390619     3.75274 -0.00153729    -9.06275 
             274.902 -4.11645 -1.68719  9.08108 -9.11136 -4.04922 0.803282 0 0 0   -0.011 -0.02329  0.04412  0.0228224 -0.0141028 0.00918227 -0.00681333 -0.00218225   0.0014694  0.0872262 -0.0211057  0.0390446     3.75279 -0.00156049    -9.06273 
             275.002 -4.23566 -1.67704  9.34506 -9.11366 -4.03527 0.800707 0 0 0   -0.011 -0.02329  0.04412    0.0138511    0.0195958 -0.000287597 -0.00675464 -0.00217669  0.00131445  0.0873601 -0.0220966  0.0392353     3.75274 -0.00139248    -9.06275 
             275.102 -4.21868 -1.66561  9.34823 -9.11375 -4.03702 0.801764 0 0 0   -0.011 -0.02329  0.04412  0.0144827  0.0127831 0.00486188 -0.00676074 -0.00218512  0.00132001  0.0875199 -0.0218755  0.0391362     3.75273 -0.00143203    -9.06275 
             275.203 -4.21972 -1.67185  9.32659   -9.122 -4.04224 0.797396 0 0 0   -0.011 -0.02329  0.04412 -0.00778163 -0.00284872 -0.00732181 -0.00676306 -0.00218066  0.00132664   0.088191 -0.0216038  0.0394502     3.75261 -0.00149084     -9.0628 
             275.303 -4.22647 -1.68331  9.32354 -9.11907 -4.03756 0.798611 0 0 0   -0.011 -0.02329  0.04412  0.00257317   0.0083862 -0.00227728 -0.00676112 -0.00217176  0.00132838  0.0879098 -0.0218557  0.0393087     3.75266 -0.00144251    -9.06278 
             275.402 -4.13577 -1.66483  9.23622 -9.11684 -4.03909 0.799071 0 0 0   -0.011 -0.02329  0.04412   0.00971856   0.00140337 -0.000755004 -0.00681464 -0.00218943  0.00137931  0.0878174 -0.0217024  0.0392787     3.75268 -0.00146718    -9.06278 
             275.503 -4.20635  -1.6563  9.34307 -9.11739 -4.04517 0.801597 0 0 0   -0.011 -0.02329  0.04412 0.00806093 -0.0101596 0.00667913 -0.00676551 -0.00218966  0.00131568   0.088006 -0.0213255  0.0390456     3.75267 -0.00153204    -9.06278 
             275.603 -4.15482   -1.684  9.15202 -9.11897 -4.05284 0.799714 0 0 0   -0.011 -0.02329  0.04412  0.00379195  -0.0261642 0.000140436 -0.00679345 -0.00218285  0.00140643  0.0882107 -0.0209722  0.0392553     3.75263 -0.00159666     -9.0628 
             275.703 -4.22152 -1.66867  9.36268 -9.11942 -4.04308 0.799393 0 0 0   -0.011 -0.02329  0.04412   0.00376403   0.00190408 -0.000983623  -0.0067594 -0.00217976  0.00128206  0.0881529 -0.0217083  0.0392275     3.75263 -0.00147096     -9.0628 
             275.803 -4.22364 -1.63591  9.39707 -9.11878 -4.04583 0.801708 0 0 0   -0.011 -0.02329  0.04412  0.00857207 -0.00549902  0.00694844 -0.00675965 -0.00219853  0.00127064  0.0881982 -0.0215274  0.0390453     3.75263 -0.00150059    -9.06279 
             275.903 -4.15479 -1.65882  9.13016 -9.12242 -4.05202 0.799868 0 0 0   -0.011 -0.02329  0.04412 -0.00333802  -0.0172711 0.000144301 -0.00679414 -0.00219718  0.00141407  0.0885171 -0.0212513  0.0392197     3.75258 -0.00155283    -9.06282 
             276.003 -4.16096 -1.71226   9.1793 -9.11352 -4.04513 0.802428 0 0 0   -0.011 -0.02329  0.04412    0.020779 0.000562979   0.0054405 -0.0067908 -0.0021622 0.00139331  0.0878642 -0.0216622  0.0390877   3.75268 -0.001474  -9.06277 
             276.103 -4.19794 -1.64075   9.2806 -9.11302  -4.0498 0.803762 0 0 0   -0.011 -0.02329  0.04412  0.0195141 -0.0107949 0.00827249  -0.0067784 -0.00219837  0.00133665  0.0880313 -0.0214031  0.0390153     3.75266 -0.00151894    -9.06278 
             276.203 -4.17731 -1.67297  9.28679 -9.11287 -4.05863  0.80317 0 0 0   -0.011 -0.02329  0.04412  0.0168385 -0.0268452 0.00467205 -0.00678738 -0.00217872  0.00133807  0.0882121 -0.0209666  0.0391382     3.75263 -0.00159507    -9.06279 
             276.303 -4.20102 -1.64055  9.35694 -9.11587 -4.05533  0.80147 0 0 0   -0.011 -0.02329  0.04412   0.00818419   -0.0159969 -0.000257824 -0.00677503 -0.00219488  0.00129658  0.088452 -0.021376 0.0392458     3.75259 -0.00153117    -9.06281 
             276.402 -4.20425 -1.67401  9.27928 -9.11164 -4.04466 0.802591 0 0 0   -0.011 -0.02329  0.04412  0.0187012  0.0118313 0.00211136 -0.00678092 -0.00217864  0.00133942  0.0881315 -0.0220661  0.0391532     3.75263 -0.00141197    -9.06279 
             276.503 -4.20946 -1.66664  9.30768 -9.11088 -4.05034  0.80474 0 0 0   -0.011 -0.02329  0.04412  0.0172152 -0.0054441 0.00808483 -0.00677419 -0.00218227  0.00132565  0.0882936 -0.0216613  0.0389913     3.75262 -0.00147955     -9.0628 
             276.603 -4.20327  -1.6532  9.32022  -9.1121 -4.05133 0.802595 0 0 0   -0.011 -0.02329  0.04412    0.0111037  -0.00481781 -0.000106593 -0.00677961 -0.00218713  0.00131453   0.088466 -0.0216714  0.0392086     3.75258 -0.00148195    -9.06281 
             276.702 -4.16147 -1.67919  9.21901 -9.11074 -4.04175 0.803551 0 0 0   -0.011 -0.02329  0.04412  0.0164623   0.017409 0.00439726 -0.00680166 -0.00217898  0.00137211  0.0883762 -0.0222811  0.0390931     3.75259 -0.00137991    -9.06281 
             276.803 -4.17874 -1.66814  9.26012 -9.11388 -4.04446 0.803168 0 0 0   -0.011 -0.02329  0.04412 0.00417031 0.00691317 0.00211488 -0.00679163 -0.00218273  0.00134428  0.0887323 -0.0220668  0.0391099     3.75254 -0.00141976    -9.06283 
             276.903 -4.17774 -1.64331  9.29415   -9.117 -4.05101 0.801708 0 0 0   -0.011 -0.02329  0.04412 -0.000696853  -0.00858198  -0.00074743 -0.00678886 -0.00219281  0.00132591  0.0890326 -0.0216705  0.0392347      3.7525 -0.00148927    -9.06285 
             277.003  -4.2958 -1.63057  9.54114 -9.12036 -4.04526  0.80018 0 0 0   -0.011 -0.02329  0.04412 -0.00424239  0.00446474 -0.00380158 -0.00673048 -0.00219095  0.00119132  0.0891938 -0.0221088  0.0392943     3.75247 -0.00142071    -9.06286 
             277.103 -4.22764 -1.65852  9.35804 -9.12053 -4.04558 0.800252 0 0 0   -0.011 -0.02329  0.04412 -0.00425243  0.00486336  -0.0034014 -0.00675732 -0.00218026  0.00129377  0.0891837 -0.0220487  0.0392598     3.75247 -0.00143002    -9.06286 
             277.203 -4.23958 -1.62885  9.34083 -9.12161  -4.0476   0.8014 0 0 0   -0.011 -0.02329  0.04412 -0.00290088 -0.00308655  0.00212059 -0.00675206 -0.00219801  0.00130551  0.0892763 -0.0219034  0.0391325     3.75247 -0.00145365    -9.06286 
             277.304 -4.22505 -1.67778  9.30271 -9.12255  -4.0495 0.798742 0 0 0   -0.011 -0.02329  0.04412  -0.0020998 -0.00448336 -0.00651642 -0.00675817 -0.00217197  0.00132108  0.0893167 -0.0218238  0.0393764     3.75245 -0.00146896    -9.06287 
             277.403 -4.20246 -1.67494  9.32009 -9.12497 -4.04115 0.797005 0 0 0   -0.011 -0.02329  0.04412 -0.00602366   0.0142297 -0.00873642 -0.00676682 -0.00217338  0.00131791  0.0893745 -0.0223836  0.0394122     3.75243 -0.00138033    -9.06288 
             277.503 -4.18066  -1.6462  9.24514 -9.12391 -4.04333 0.799726 0 0 0   -0.011 -0.02329  0.04412 -0.00184326  0.00475431 0.000344385 -0.00678002 -0.00218946   0.0013519  0.0893327 -0.0221408  0.0391328     3.75246 -0.00141628    -9.06287 
             277.603 -4.16825 -1.64559  9.21608 -9.11814 -4.04584 0.800266 0 0 0   -0.011 -0.02329  0.04412   0.0161899 0.000607718  0.00118485 -0.00678538 -0.00219355  0.00137128  0.0889862 -0.0218965  0.0391814     3.75251 -0.00145101    -9.06285 
             277.703 -4.21561 -1.64602  9.36233 -9.11534 -4.04357 0.800941 0 0 0   -0.011 -0.02329  0.04412  0.0186157 0.00388604 0.00202716 -0.00676027 -0.00218729  0.00129275   0.088896 -0.0220252  0.0391404     3.75252 -0.00142907    -9.06284 
             277.803 -4.29576 -1.63434  9.51836 -9.11534 -4.04068  0.80147 0 0 0   -0.011 -0.02329  0.04412  0.0157115 0.00880643 0.00321361  -0.0067172 -0.00218446  0.00119734 0.0889993  -0.02219 0.0390736    3.75251 -0.0014038   -9.06285 
             277.902 -4.17655 -1.65481  9.26547 -9.11935 -4.04573 0.801285 0 0 0   -0.011 -0.02329  0.04412    0.006407 -0.00397481  0.00460497 -0.00678279 -0.00218565  0.00134846  0.0894399 -0.0218845  0.0390618    3.75245 -0.0014576   -9.06287 
             278.003 -4.15016 -1.69196  9.14792 -9.12254 -4.04797 0.798069 0 0 0   -0.011 -0.02329  0.04412 -0.00136264 -0.00702046 -0.00584931 -0.00678874 -0.00216984  0.00140848  0.0896825 -0.0218209  0.0393332     3.7524 -0.0014729   -9.06289 
             278.103 -4.19693 -1.67222  9.29785  -9.1223 -4.04239 0.798464 0 0 0   -0.011 -0.02329  0.04412  0.00210747  0.00418188 -0.00264776 -0.00676733 -0.00217464  0.00132657  0.0896092 -0.0222001  0.0392305     3.75241 -0.00141172    -9.06289 
             278.202 -4.18775 -1.64823  9.20965 -9.11832 -4.04424 0.802458 0 0 0   -0.011 -0.02329  0.04412   0.011486 0.00169754 0.00822026 -0.00677444 -0.00219221   0.0013735  0.0894246 -0.0220066  0.0389181     3.75246 -0.00143713    -9.06287 
             278.303 -4.12028 -1.65616  9.16766 -9.11651 -4.04943 0.801445 0 0 0   -0.011 -0.02329  0.04412   0.015084 -0.0112059 0.00357171 -0.00680498  -0.0021888  0.00139578  0.0894218 -0.0216865  0.0391081     3.75245 -0.00148843    -9.06287 
             278.403 -4.16731 -1.65187  9.23128 -9.11219 -4.03991 0.803329 0 0 0   -0.011 -0.02329  0.04412   0.022898  0.0101609 0.00664638  -0.0067828 -0.00218582  0.00135875  0.0891412 -0.0223023   0.038971     3.75249 -0.00138823    -9.06285 
             278.502 -4.22969 -1.65327  9.34613 -9.10806 -4.03627 0.805309 0 0 0   -0.011 -0.02329  0.04412 0.0300386 0.0184546 0.0105643 -0.00674872 -0.00218005  0.00129829   0.089013 -0.0224309  0.0388722     3.75251 -0.00136598    -9.06284 
             278.603 -4.15298 -1.67329  9.17406  -9.1147 -4.04461 0.803323 0 0 0   -0.011 -0.02329  0.04412  0.00961483 -0.00620329   0.0048097 -0.00679149 -0.00217715  0.00139326  0.0897462 -0.0219252  0.0390491     3.75241 -0.00145441    -9.06289 
             278.703 -4.19303 -1.66114   9.2182 -9.11092 -4.04201 0.803081 0 0 0   -0.011 -0.02329  0.04412   0.0163772  0.00116938 0.000784038 -0.00676531 -0.00217942  0.00136423  0.0895162 -0.0220888  0.0391345     3.75243 -0.00142707    -9.06288 
             278.803 -4.23924 -1.65692  9.43061 -9.11256 -4.03909 0.802434 0 0 0   -0.011 -0.02329  0.04412  0.0146177 0.00484725 0.00146287 -0.00674588 -0.00217534   0.0012546  0.0897194 -0.0223034  0.0391482      3.7524 -0.00139675    -9.06289 
             278.902 -4.21898  -1.6567  9.22723 -9.11044 -4.03822 0.804341 0 0 0   -0.011 -0.02329  0.04412   0.013841 0.00921384 0.00503802 -0.00675248 -0.00218286  0.00135563  0.0896865 -0.0222969  0.0389947     3.75241 -0.00139617    -9.06288 
             279.003 -4.20175 -1.65132  9.34255 -9.11734 -4.04595 0.799864 0 0 0   -0.011 -0.02329  0.04412 -0.00159597  -0.0110634 -0.00631487 -0.00676497 -0.00217821  0.00130056  0.0902939 -0.0218853  0.0393522     3.75232 -0.00146907    -9.06292 
             279.102 -4.14655 -1.66736  9.16002 -9.11422 -4.04302 0.800587 0 0 0   -0.011 -0.02329  0.04412   0.00763394 -0.000217318  -0.00348746 -0.00679728 -0.00217914  0.00139822 0.0900584 -0.022095 0.0392617     3.75235 -0.00143364    -9.06291 
             279.202 -4.20869 -1.66739  9.33171  -9.1168 -4.03806 0.799905 0 0 0   -0.011 -0.02329  0.04412 0.000179378   0.0115703 -0.00411696 -0.00676533 -0.00217164  0.00130254  0.0902322 -0.0224173  0.0392279     3.75233 -0.00138672    -9.06292 
             279.303 -4.19483   -1.663   9.2574 -9.12095  -4.0442 0.799564 0 0 0   -0.011 -0.02329  0.04412  -0.0075487 -0.00618211 -0.00264408 -0.00677599 -0.00217446  0.00134655  0.0905871 -0.0220298  0.0391918     3.75228 -0.00144928    -9.06294 
             279.402 -4.22286 -1.66997  9.37635 -9.12122 -4.04512 0.796754 0 0 0   -0.011 -0.02329  0.04412 -0.00497908 -0.00479927  -0.0101521 -0.00675384 -0.00216771   0.0012795  0.0905397 -0.0220161  0.0394186     3.75228 -0.00145247    -9.06294 
             279.503 -4.21864 -1.66782  9.39331 -9.11874 -4.04466 0.798355 0 0 0   -0.011 -0.02329  0.04412   0.0024939  -0.0041453 -0.00353275 -0.00675909 -0.00216939  0.00127658   0.090366 -0.0220366  0.0392292     3.75231 -0.00144586    -9.06293 
             279.602 -4.21518 -1.64071  9.32498 -9.11748 -4.04233 0.801833 0 0 0   -0.011 -0.02329  0.04412 0.00555883    0.00184 0.00697204 -0.00676092 -0.00218563  0.00130663  0.0903093 -0.0221739   0.038902     3.75233 -0.00142217    -9.06292 
             279.703 -4.18122 -1.62214    9.268 -9.11685 -4.04352 0.802051 0 0 0   -0.011 -0.02329  0.04412   0.0115726 -0.00135615  0.00641919 -0.00678072 -0.00220016  0.00134761  0.0903332 -0.0220981  0.0389535     3.75233 -0.00143415    -9.06292 
             279.803 -4.17856 -1.66847  9.30685 -9.11343 -4.04168 0.800598 0 0 0   -0.011 -0.02329  0.04412   0.0149261  0.00204277 -0.00120544 -0.00678062 -0.00217343  0.00131839  0.0901365 -0.0222066  0.0391556     3.75234 -0.00141713    -9.06291 
             279.903 -4.17419 -1.69132   9.1989 -9.11629 -4.03803 0.799684 0 0 0   -0.011 -0.02329  0.04412   0.0073075  0.00919803 -0.00167733 -0.00678752 -0.00216485  0.00138186   0.090388 -0.0224516  0.0391547     3.75231 -0.00138397    -9.06293 
             280.002 -4.15702 -1.67695  9.17484 -9.11723 -4.03904 0.801313 0 0 0   -0.011 -0.02329  0.04412 0.00634213 0.00542758 0.00461018 -0.00680049 -0.00217621  0.00139091  0.0905468 -0.0223465  0.0389881      3.7523 -0.00140016    -9.06293 
             280.103 -4.19178  -1.6466  9.30011 -9.11848 -4.03446 0.799389 0 0 0   -0.011 -0.02329  0.04412  0.00293713   0.0152169 -0.00196803 -0.00678324 -0.00218636  0.00132612  0.0906195 -0.0226077  0.0391527     3.75228 -0.00136386    -9.06294 
             280.202  -4.2421 -1.67094  9.34799 -9.12051   -4.036 0.798671 0 0 0   -0.011 -0.02329  0.04412 -0.00267604  0.00617545 -0.00272205  -0.0067597 -0.00216881  0.00130395  0.0907935 -0.0224574  0.0391762     3.75225 -0.00138814    -9.06295 
             280.303  -4.1982 -1.66267  9.26167 -9.12251 -4.03525 0.799958 0 0 0   -0.011 -0.02329  0.04412 -0.00442481  0.00897221   0.0015773 -0.00678268 -0.00217806  0.00134829  0.0909265 -0.0224708   0.039018    3.75224 -0.0013866   -9.06295 
             280.402  -4.1656 -1.66466  9.20391 -9.12067 -4.03813 0.800401 0 0 0   -0.011 -0.02329  0.04412   0.00465755 -0.000138587   0.00354296 -0.00679605 -0.00218299  0.00138334  0.0908298 -0.0222313  0.0390414     3.75226 -0.00142051    -9.06295 
             280.502 -4.14611 -1.67718  9.19715  -9.1235 -4.04214 0.798254 0 0 0   -0.011 -0.02329  0.04412 -0.00481861 -0.00905236  -0.0040097 -0.00681161 -0.00217302  0.00138441  0.0910573 -0.0220438  0.0392215     3.75222 -0.00145171    -9.06296 
             280.602 -4.27113 -1.64994  9.43135 -9.12404 -4.03517 0.796413 0 0 0   -0.011 -0.02329  0.04412 -0.000649334   0.00848379  -0.00749662  -0.0067532 -0.00217838  0.00126508  0.0909851 -0.0225105  0.0393174     3.75222 -0.00138406    -9.06296 
             280.703 -4.16078 -1.64573  9.22043  -9.1192 -4.03988 0.801135 0 0 0   -0.011 -0.02329  0.04412   0.0105902 -0.00385834  0.00702054 -0.00680738 -0.00219026  0.00137702 0.0907605 -0.022121 0.0389279     3.75227 -0.00143477    -9.06294 
             280.802 -4.15078 -1.66955  9.20253 -9.11209 -4.04122 0.800915 0 0 0   -0.011 -0.02329  0.04412   0.0270688 -0.00551993  0.00303219 -0.00681246 -0.00217543  0.00138884  0.0903653 -0.0220146  0.0390847     3.75232 -0.00144658    -9.06292 
             280.902 -4.22986 -1.69691  9.30037 -9.11651 -4.03832 0.798514 0 0 0   -0.011 -0.02329  0.04412   0.0112764  0.00127045 -0.00295947 -0.00677477 -0.00215989  0.00133757  0.0907859 -0.0222988  0.0392105     3.75226 -0.00141168    -9.06295 
             281.002 -4.17045 -1.67505    9.224 -9.11881 -4.04618 0.799352 0 0 0   -0.011 -0.02329  0.04412  0.00363389  -0.0127963 0.000901328 -0.00679924 -0.00217469   0.0013768  0.0910986 -0.0218464  0.0390946     3.75223 -0.00147909    -9.06296 
             281.102   -4.254 -1.66227  9.31836 -9.11838 -4.04531 0.799703 0 0 0   -0.011 -0.02329  0.04412 0.00785447 -0.0104887 0.00280324 -0.00675088 -0.00218236  0.00132705  0.0910971 -0.0219881  0.0390681    3.75223 -0.0014587   -9.06296 
             281.203 -4.17133 -1.70452  9.28877 -9.12057 -4.04557 0.796963 0 0 0   -0.011 -0.02329  0.04412 -0.00063438 -0.00904091 -0.00599767 -0.00679729  -0.0021572   0.0013384  0.0912531 -0.0220784  0.0392844      3.7522 -0.00144925    -9.06297 
             281.302 -4.16751 -1.64937   9.2929 -9.11727 -4.04278 0.799215 0 0 0   -0.011 -0.02329  0.04412   0.0127393 -0.00417883  0.00170376 -0.00680364 -0.00218878  0.00134102  0.0910357 -0.0222608  0.0390649     3.75223 -0.00141938    -9.06296 
             281.402 -4.20521 -1.66186   9.3358 -9.11399 -4.04803  0.80088 0 0 0   -0.011 -0.02329  0.04412  0.0165757  -0.014665 0.00497752 -0.00678825 -0.00218058  0.00131078 0.0909617 -0.021952 0.0389768     3.75225 -0.00146143    -9.06295 
             281.503 -4.25824 -1.62528  9.52587 -9.11724 -4.04236 0.798756 0 0 0   -0.011 -0.02329  0.04412   0.0074412  0.00100232 -0.00135117 -0.00675559 -0.00219105  0.00120868  0.0912063 -0.0224356  0.0391157      3.7522 -0.00139729    -9.06297 
             281.602   -4.188 -1.68326  9.27797  -9.1118  -4.0375 0.802211 0 0 0   -0.011 -0.02329  0.04412  0.0202923 0.00877427 0.00830216 -0.00679692 -0.00217173  0.00135359  0.0908797 -0.0226678  0.0388461     3.75225 -0.00135906    -9.06295 
             281.704 -4.14246 -1.63222  9.22491 -9.11332 -4.04231 0.804574 0 0 0   -0.011 -0.02329  0.04412   0.0139767 -0.00186765   0.0134766 -0.00681885 -0.00220278  0.00137765 0.0911965 -0.022352 0.0386839     3.75223 -0.00140572    -9.06296 
             281.803 -4.21511 -1.65928  9.33808 -9.11261 -4.04153 0.803229 0 0 0   -0.011 -0.02329  0.04412  0.0138911 -0.0016412 0.00628168 -0.00678084 -0.00218112  0.00132255  0.0912116 -0.0224337  0.0389092     3.75221 -0.00139612    -9.06297 
               281.9 -4.17273 -1.67768   9.2529 -9.11143  -4.0402 0.802672 0 0 0   -0.011 -0.02329  0.04412  0.0144949 0.00230504 0.00288051 -0.00679982 -0.00217257  0.00136191  0.091204 -0.022533 0.0390026     3.75221 -0.00138291    -9.06297 
             282.002 -4.17158 -1.66248  9.29003  -9.1153 -4.04044 0.801593 0 0 0   -0.011 -0.02329  0.04412  0.00510112 0.000133561 0.000970761 -0.0067975 -0.0021821 0.00134617  0.0915664 -0.0225631  0.0390534    3.75216 -0.0013833   -9.06299 
             282.103 -4.19002 -1.64672  9.26467 -9.11296  -4.0456 0.802208 0 0 0   -0.011 -0.02329  0.04412  0.0103278 -0.0109625 0.00214864 -0.00678998 -0.00218888  0.00135507  0.0915006 -0.0222357  0.0390486     3.75217 -0.00142764    -9.06298 
             282.202  -4.2343 -1.66048   9.4574   -9.113 -4.04298 0.798753 0 0 0   -0.011 -0.02329  0.04412    0.010543 -0.00286053 -0.00790622 -0.00676701 -0.00217273  0.00124964  0.0915122 -0.0224898   0.039343    3.75216 -0.0013949   -9.06299 
               282.3 -4.14935  -1.6903  9.17376 -9.11793 -4.04122 0.796621 0 0 0   -0.011 -0.02329  0.04412 -0.00329663 0.000657067  -0.0105284 -0.00681135 -0.00216701  0.00140943  0.0918839 -0.0226755  0.0393731    3.75211 -0.0013739   -9.06301 
             282.401 -4.14592  -1.6687  9.24244 -9.11838 -4.04411  0.79927 0 0 0   -0.011 -0.02329  0.04412 -0.00242558  -0.0050119 0.000405757 -0.00681168 -0.00217706  0.00136902  0.0919561 -0.0224839  0.0390541     3.75212 -0.00139869    -9.06301 
             282.502  -4.1351 -1.67781  9.20418 -9.11997 -4.04601 0.797849 0 0 0   -0.011 -0.02329  0.04412 -0.00249555  -0.0100293 -0.00253179 -0.00681637 -0.00217845  0.00139555  0.0920638 -0.0224308   0.039171      3.7521 -0.00140794    -9.06301 
             282.602 -4.14736 -1.67449  9.17366 -9.11663 -4.04181  0.80116 0 0 0   -0.011 -0.02329  0.04412 0.00404475 0.00195274 0.00485159 -0.00680682 -0.00217769  0.00140433  0.0917999 -0.0226837  0.0388837     3.75214 -0.00136872      -9.063 
             282.703 -4.22006 -1.66589  9.29963 -9.11913 -4.04567 0.801769 0 0 0   -0.011 -0.02329  0.04412  0.00118701 -0.00826398  0.00745751 -0.00676962 -0.00217887   0.0013427  0.0920412 -0.0224735  0.0388567     3.75211 -0.00139964    -9.06301 
             282.802  -4.2607 -1.63742  9.31261 -9.11591 -4.03825 0.804012 0 0 0   -0.011 -0.02329  0.04412 0.00884129  0.0118928  0.0111641 -0.00675903 -0.00218739  0.00133404  0.0917773 -0.0229137  0.0387423     3.75215 -0.00133663      -9.063 
             282.918 -4.19974 -1.69302  9.25956 -9.11523 -4.03338 0.800685 0 0 0   -0.011 -0.02329  0.04412   0.0108225   0.0197952 -0.00210367 -0.00679309 -0.00216083  0.00136352  0.0917297 -0.0231423  0.0390836     3.75213 -0.00130768      -9.063 
             283.003 -4.08269 -1.68388   9.0837 -9.12002 -4.03222 0.797891 0 0 0   -0.011 -0.02329  0.04412 -0.00284249   0.0156449 -0.00794595 -0.00684375 -0.00217976  0.00143411  0.0920879 -0.0231688  0.0392282     3.75208 -0.00130902    -9.06302 
             283.102 -4.15789 -1.66577  9.26015  -9.1179 -4.03377 0.800704 0 0 0   -0.011 -0.02329  0.04412  0.0039462  0.0108136 0.00176556 -0.00679347 -0.00217726  0.00133704   0.091998 -0.0229569   0.038984     3.75211 -0.00133466    -9.06301 
             283.202 -4.15949  -1.6418   9.2762 -9.12034 -4.03383 0.799333 0 0 0   -0.011 -0.02329  0.04412  0.000488814   0.00496185 -0.000928456 -0.00679742 -0.00219672  0.00133233  0.0921805 -0.0229357  0.0390795     3.75208 -0.00134007    -9.06302 
             283.302 -4.18405 -1.67505  9.22548  -9.1157 -4.03146 0.801387 0 0 0   -0.011 -0.02329  0.04412  0.0117709 0.00946264 0.00448254 -0.00677861 -0.00216921  0.00135561  0.0918988 -0.0229882  0.0389587     3.75212 -0.00132931    -9.06301 
             283.403 -4.13634 -1.67049  9.18921 -9.11415 -4.03643 0.802598 0 0 0   -0.011 -0.02329  0.04412   0.0140451 -0.00572608  0.00672674 -0.00679661 -0.00217421  0.00138633  0.0919454 -0.0226709   0.038913     3.75212 -0.00137138    -9.06301 
             283.502 -4.23472  -1.6464  9.28702  -9.1117 -4.03737 0.803097 0 0 0   -0.011 -0.02329  0.04412   0.0180188 -0.00630722  0.00618621 -0.00674594 -0.00218177  0.00132287  0.0918821 -0.0226437  0.0389446     3.75213 -0.00137449      -9.063 
             283.602 -4.19555 -1.71085  9.28014 -9.11631 -4.03548 0.798566 0 0 0   -0.011 -0.02329  0.04412  0.00622695 -0.00114608 -0.00633141 -0.00676338 -0.00215247   0.0013338  0.0922385 -0.0228643  0.0392983     3.75207 -0.00135165    -9.06303 
             283.702 -4.18428 -1.65635  9.34806 -9.12408  -4.0304 0.795439 0 0 0   -0.011 -0.02329  0.04412 -0.0127046 0.00817223 -0.0112048  -0.0067781 -0.00218048  0.00128898   0.092722 -0.0232625  0.0393847       3.752 -0.00130532    -9.06305 
             283.802 -4.17092 -1.68351  9.18991 -9.11028 -4.03475 0.803659 0 0 0   -0.011 -0.02329  0.04412     0.022254 -0.000897804     0.011117 -0.00678548 -0.00216964  0.00138375  0.0918561 -0.0227731  0.0387827     3.75214 -0.00135592      -9.063 
             283.902 -4.15689 -1.66964  9.23424 -9.10939 -4.03271 0.802677 0 0 0   -0.011 -0.02329  0.04412  0.0206048 0.00103729 0.00592941 -0.00679209 -0.00217719  0.00135458  0.0919144 -0.0229322  0.0389446     3.75212 -0.00133694    -9.06301 
             284.002 -4.16526 -1.66345  9.24324 -9.11125 -4.03047 0.802325 0 0 0   -0.011 -0.02329  0.04412  0.0132264 0.00695201 0.00458068  -0.0067861 -0.00217834     0.00135  0.0921514 -0.0230952  0.0389655     3.75209 -0.00131849    -9.06302 
             284.102 -4.15417 -1.67181  9.17008 -9.11398 -4.03747 0.802295 0 0 0   -0.011 -0.02329  0.04412 0.00655929 -0.0111832 0.00450656 -0.00679528 -0.00217601  0.00139321  0.0925105 -0.0226812  0.0389824     3.75205 -0.00137584    -9.06303 
             284.202 -4.17522 -1.64037  9.26338 -9.11771 -4.03389 0.801013 0 0 0   -0.011 -0.02329  0.04412  -0.00311394 -0.000130576  0.000620057 -0.00678171 -0.00218408  0.00133493  0.0927405 -0.0230042  0.0390575     3.75202 -0.00133719    -9.06305 
             284.302 -4.15032 -1.68879  9.17328 -9.11702 -4.03468 0.799154 0 0 0   -0.011 -0.02329  0.04412   0.0027125 -0.00219956 -0.00509687 -0.00679537 -0.00216199   0.0013913   0.092677 -0.0229578  0.0392411     3.75202 -0.00134364    -9.06305 
             284.402 -4.17392 -1.66328  9.30008 -9.12264 -4.03569 0.797709 0 0 0   -0.011 -0.02329  0.04412  -0.0107565 -0.00487835 -0.00642192 -0.00678555  -0.0021683  0.00131485   0.093073 -0.0229764  0.0392498     3.75197 -0.00134544    -9.06307 
             284.502 -4.23568 -1.65662  9.32585 -9.12342 -4.04225 0.799057 0 0 0   -0.011 -0.02329  0.04412 -0.00897016  -0.0159338 -0.00115929 -0.00675012   -0.002169  0.00130245  0.0931282 -0.0225972  0.0390963     3.75198 -0.00139338    -9.06306 
             284.602 -4.20197 -1.66317  9.32231 -9.11915 -4.04262 0.798083 0 0 0   -0.011 -0.02329  0.04412  0.00441719  -0.0155192 -0.00460194  -0.0067671 -0.00216978  0.00130343  0.0927678 -0.0226397  0.0392378     3.75201 -0.00138514    -9.06305 
             284.702 -4.12659 -1.69904  9.17237 -9.11743 -4.04215 0.799304 0 0 0   -0.011 -0.02329  0.04412  0.00841526  -0.0100516 -2.3228e-06 -0.00680074  -0.0021562  0.00138693   0.092678 -0.0227328  0.0390972     3.75203 -0.00137152    -9.06304 
             284.802 -4.23384 -1.67201  9.40602 -9.11885 -4.04573 0.799157 0 0 0   -0.011 -0.02329  0.04412  0.00574674  -0.0179028 0.000253045 -0.00674654   -0.002163  0.00126261 0.0928649 -0.022611 0.0390885     3.75201 -0.00138879    -9.06305 
             284.902 -4.22227 -1.63344  9.26888 -9.12109 -4.04088 0.800418 0 0 0   -0.011 -0.02329  0.04412 -0.00157086  -0.0022013  0.00415276  -0.0067467 -0.00218778   0.0013304  0.0929971 -0.0230142  0.0389151       3.752 -0.00133833    -9.06306 
             285.002  -4.1861 -1.68263  9.30319 -9.11577 -4.03625 0.795529 0 0 0   -0.011 -0.02329  0.04412 -0.00374889   0.0141532  -0.0760646 -0.00676844 -0.00216032  0.00131721  0.0926109 -0.0232603  0.0391198     3.75203 -0.00130474    -9.06304 
             285.102 -4.25604  -1.5556  9.49822 -9.12218 -4.03069 0.791929 0 0 0   -0.011 -0.02329  0.04412  -0.0640621 0.000473865  -0.0448533 -0.00674668 -0.00216172   0.0012611  0.0926054 -0.0235676  0.0390991     3.75203 -0.00126615    -9.06304 
             285.202 -4.51631 -1.71283  9.62793  -9.1277 -4.03476 0.793467 0 0 0   -0.011 -0.02329  0.04412 -0.0573544 -0.0216344  0.0137814  -0.0067376 -0.00216676  0.00129154  0.0925758 -0.0233308  0.0388442    3.75204 -0.0012937   -9.06304 
             285.302 -4.21739  -2.1722  9.27362 -9.13419  -4.0414 0.793498 0 0 0   -0.011 -0.02329  0.04412 -0.0258254 -0.0275461  0.0253996 -0.00675463 -0.00215931    0.001314  0.0927535 -0.0231176  0.0390637     3.75202 -0.00132353    -9.06305 
             285.402 -3.67642 -2.85959  8.80217 -9.13207 -4.04251 0.799492 0 0 0   -0.011 -0.02329  0.04412  0.00946953 -0.00543228   0.0572036 -0.00681988 -0.00214092  0.00138422  0.0925191 -0.0231134  0.0389127     3.75205 -0.00132053    -9.06304 
             285.502 -3.44319 -3.26469  8.47196 -9.13458 -4.04664 0.803893 0 0 0   -0.011 -0.02329  0.04412   0.0412256 -0.00281299   0.0561982 -0.00677924 -0.00213244   0.0013502  0.0929208 -0.0229244  0.0390206       3.752 -0.00134877    -9.06305 
             285.602 -3.34684 -3.37998  8.15961 -9.13611 -4.04494 0.808649 0 0 0   -0.011 -0.02329  0.04412   0.0430621 0.000839435   0.0642828 -0.00673982 -0.00213544  0.00131212  0.0933402 -0.0231076  0.0390212    3.75195 -0.0013304   -9.06307 
             285.702 -3.06598 -3.26333  7.78539 -9.13303 -4.04207 0.814965 0 0 0   -0.011 -0.02329  0.04412  0.0630861 0.00113644  0.0492662 -0.00678248 -0.00216964  0.00134055  0.0934637 -0.0233145  0.0389878     3.75194 -0.00130595    -9.06308 
             285.802 -2.83937  -3.1187  7.49636 -9.12162 -4.04344 0.821483 0 0 0   -0.011 -0.02329  0.04412 0.0575957  0.002615 0.0203711 -0.00675397 -0.00215977  0.00134773  0.0931505 -0.0231673  0.0387185     3.75198 -0.00132084    -9.06306 
             285.902 -2.55915 -2.78291   7.2776 -9.11572 -4.03934 0.824232 0 0 0   -0.011 -0.02329  0.04412  0.0212928  0.0192919 0.00340088 -0.00676643 -0.00216347  0.00134673  0.0929748 -0.0233393   0.038615     3.75201 -0.00129845    -9.06305 
             286.002 -2.42768 -2.62414  7.18354 -9.11545 -4.04271 0.824355 0 0 0   -0.011 -0.02329  0.04412 -0.00581808  0.00896734 -0.00580467 -0.00679701 -0.00216331  0.00139668  0.0930437 -0.0230107  0.0385933       3.752 -0.00133899    -9.06306 
             286.102 -2.54855 -2.65974  7.35215 -9.12032 -4.04235 0.821603 0 0 0   -0.011 -0.02329  0.04412  0.0110469 0.00394876  -0.130074 -0.00674339 -0.00215494  0.00129677  0.0934009 -0.0230285  0.0384544    3.75197 -0.0013381   -9.06307 
             286.202 -2.60233 -2.56405  7.49654 -9.12203 -4.04212 0.808952 0 0 0   -0.011 -0.02329  0.04412  -0.070119 -0.0175472  -0.125435 -0.00672939 -0.00216406  0.00125617  0.0933134 -0.0230798  0.0384402     3.75198 -0.00133165    -9.06307 
             286.302 -2.56176 -2.70031  7.65589  -9.1354 -4.04457 0.790885 0 0 0   -0.011 -0.02329  0.04412  -0.074858 -0.0186403  -0.150302 -0.00673528 -0.00216721  0.00123903  0.0937201 -0.0231089  0.0387413     3.75192 -0.00132838    -9.06309 
             286.402 -2.42292 -3.38066  7.60924 -9.13923 -4.04955 0.776488 0 0 0   -0.011 -0.02329  0.04412  -0.026451 -0.0138645  -0.139821 -0.00674712 -0.00212553  0.00124816  0.0936269 -0.0228639  0.0387544     3.75193 -0.00135796    -9.06308 
             286.502 -2.34115  -3.9562   7.5469 -9.13933 -4.05523  0.76323 0 0 0   -0.011 -0.02329  0.04412  0.0305031 -0.0128966   -0.11489 -0.00675356 -0.00212405  0.00130557  0.0936718 -0.0225619  0.0388014     3.75192 -0.00139445    -9.06309 
             286.602   -2.36 -4.2089  7.5627  -9.1334 -4.06205 0.753771 0 0 0   -0.011 -0.02329  0.04412  0.0728975 -0.0218357 -0.0857489 -0.00676545 -0.00213101  0.00133487  0.0936776 -0.0222126  0.0387636     3.75193 -0.00143668    -9.06309 
             286.702 -2.44134 -4.12689  7.72767 -9.13048 -4.06761  0.74405 0 0 0   -0.011 -0.02329  0.04412  0.0650866 -0.0268499 -0.0954533 -0.00672181 -0.00215207  0.00122248  0.0940506 -0.0220467    0.03876     3.75189 -0.00145724     -9.0631 
             286.802 -2.35719  -3.9442  7.57038 -9.11837 -4.07121 0.736521 0 0 0   -0.011 -0.02329  0.04412 0.0525961   -0.0233 -0.116009 -0.00675465 -0.00215304  0.00131222  0.0936242 -0.0219291    0.03859     3.75194 -0.00147109    -9.06308 
             286.902  -2.5496 -3.88993   7.6793 -9.11506 -4.06259 0.722915 0 0 0   -0.011 -0.02329  0.04412   0.0162512 -0.00747087   -0.138129 -0.00673738 -0.00214579  0.00128142  0.0935455 -0.0225972  0.0386657     3.75194 -0.00139087    -9.06308 
             287.002 -2.92066 -4.10097   7.9098 -9.11455 -4.05672 0.707866 0 0 0   -0.011 -0.02329  0.04412 0.000204114 0.000841766   -0.149312 -0.00672706 -0.00213967  0.00124464  0.0934873 -0.0230313  0.0387547     3.75195 -0.00133878    -9.06308 
             287.102 -3.22342 -4.73669  8.03678 -9.11761 -4.05603 0.692932 0 0 0   -0.011 -0.02329  0.04412 0.00621454 -0.0120976  -0.164766 -0.0067587 -0.0021151 0.00129739  0.0937227 -0.0231306  0.0386617     3.75192 -0.00132777    -9.06309 
             287.202 -3.76188 -5.44153  8.59499 -9.11776 -4.05829 0.675807 0 0 0   -0.011 -0.02329  0.04412  0.0224387 -0.0345093   -0.16195 -0.00672959  -0.0020918  0.00125956 0.0938032 -0.023141 0.0387712     3.75191 -0.00132656    -9.06309 
             287.302 -4.10922 -6.16234  8.95399 -9.11601 -4.05623 0.661996 0 0 0   -0.011 -0.02329  0.04412   0.0489223 -0.00924527   -0.138733 -0.00671869 -0.00210318  0.00128234  0.0939132 -0.0235006  0.0385793     3.7519 -0.0012847    -9.0631 
             287.402 -3.48525  -6.5507  9.05443 -9.10826 -4.05742  0.65023 0 0 0   -0.011 -0.02329  0.04412 0.0654509 0.0377273 -0.132853 -0.00676975 -0.00211912  0.00126863  0.0938025 -0.0232927  0.0384625     3.75192 -0.00130858    -9.06309 
             287.502 -3.34845 -6.67077  9.16268 -9.10417 -4.06521 0.635688 0 0 0   -0.011 -0.02329  0.04412  0.0659131 -0.0136557   -0.15496 -0.00675363 -0.00214041  0.00121724  0.0940715 -0.0226359  0.0384595     3.75189 -0.00138668     -9.0631 
             287.602 -3.79224  -6.9947  8.86631  -9.0937 -4.07004 0.621751 0 0 0   -0.011 -0.02329  0.04412  0.0871805 -0.0816971  -0.152696 -0.00673402 -0.00212886  0.00135211  0.0938451 -0.0226061    0.03836    3.75192 -0.0013886   -9.06309 
             287.702 -3.47138 -7.33607  8.82814 -9.07942  -4.0713 0.610061 0 0 0   -0.011 -0.02329  0.04412   0.145963 -0.0358267  -0.115783 -0.00675918  -0.0021395  0.00134656  0.0936642 -0.0228555  0.0381918     3.75194 -0.00135835    -9.06308 
             287.802  -3.1503 -6.91646  8.97566 -9.06454 -4.07222 0.597444 0 0 0   -0.011 -0.02329  0.04412   0.133738 -0.0298229  -0.132043 -0.00673497 -0.00214912  0.00123124  0.0935421 -0.0229874  0.0382645     3.75195 -0.00134219    -9.06308 
             287.902 -2.90479 -6.54092  9.01202 -9.04733 -4.07767 0.586138 0 0 0   -0.011 -0.02329  0.04412   0.148463 -0.0244612  -0.128233 -0.00670197 -0.00214441  0.00116352  0.0933322 -0.0227565  0.0381808     3.75198 -0.00136703    -9.06306 
             288.002 -2.6694  -6.023 8.70586 -9.03798 -4.07763 0.575468 0 0 0   -0.011 -0.02329  0.04412  0.0371764   0.022639 -0.0241129 -0.00673024 -0.00218194  0.00130542  0.0934439 -0.0227787  0.0383554     3.75196 -0.00136523    -9.06307 
             288.102 -2.86968  -6.1369   8.5788 -9.04017 -4.07287 0.571842 0 0 0   -0.011 -0.02329  0.04412 -0.0163647  0.0144107 -0.0190652 -0.00672134 -0.00213569  0.00131809  0.0936409 -0.0230287  0.0385101     3.75194 -0.00133805    -9.06308 
             288.202 -2.89813 -7.28819   8.4832 -9.03983 -4.07049 0.574236 0 0 0   -0.011 -0.02329  0.04412   0.0258889   0.0246864 0.000304014 -0.00675695 -0.00211806  0.00136975   0.093728 -0.0230463  0.0382042     3.75193 -0.00133747    -9.06308 
             288.302 -3.00034 -7.32904  8.53342 -9.04357 -4.06735 0.574999 0 0 0   -0.011 -0.02329  0.04412  0.0109813  0.0211489 0.00543998 -0.00676588 -0.00220198  0.00133278   0.094127 -0.0231629  0.0380534    3.75189 -0.0013277    -9.0631 
             288.402 -2.96179  -7.3344  8.50272 -9.04673 -4.07032 0.573785 0 0 0   -0.011 -0.02329  0.04412 0.00252363 0.00972651 0.00153003 -0.00679145 -0.00220446  0.00134734   0.094459 -0.0229007  0.0381366     3.75186 -0.00135956    -9.06311 
             288.502 -3.08284 -7.37793  8.68223 -9.04297 -4.06922 0.577065 0 0 0   -0.011 -0.02329  0.04412 0.00981009  0.0104429 0.00817348 -0.00673592  -0.0021753   0.0012483   0.094216 -0.0228695  0.0379209     3.75189 -0.00136203     -9.0631 
             288.602 -3.04047 -7.35435  8.44459 -9.04268 -4.07499 0.579076 0 0 0   -0.011 -0.02329  0.04412  0.00860515 -0.00330139   0.0112487 -0.00674181 -0.00219593  0.00137963  0.0943269 -0.0224587  0.0378141     3.75188 -0.00140926    -9.06311 
             288.702 -3.02341  -7.3285  8.60721 -9.04094  -4.0737 0.577858 0 0 0   -0.011 -0.02329  0.04412    0.0120804 -0.000900598    0.0040838 -0.00676208 -0.00220679  0.00128886  0.0942638 -0.0225628  0.0380293     3.75188 -0.00139664     -9.0631 
             288.802 -3.04522 -7.34282  8.56483  -9.0437 -4.06606 0.577094 0 0 0   -0.011 -0.02329  0.04412 0.00417568  0.0153229 0.00134431 -0.00674815 -0.00219967  0.00131347   0.094462 -0.0230561  0.0380446     3.75186 -0.00134256    -9.06311 
             288.902 -3.03491 -7.32884  8.53829 -9.04507 -4.07526 0.576794 0 0 0   -0.011 -0.02329  0.04412 0.000714391 -0.00729826 0.000492505 -0.00675224 -0.00220718    0.001328  0.0946863 -0.0224336  0.0380643     3.75184 -0.00141331    -9.06312 
             289.002 -2.98373 -7.36043  8.46596 -9.04562 -4.07306 0.575016 0 0 0   -0.011 -0.02329  0.04412 -9.99068e-05  -0.00186448  -0.00527329 -0.00677344 -0.00219217  0.00136473  0.0947061 -0.0226203  0.0382019     3.75183 -0.00139233    -9.06312 
             289.102 -3.0249 -7.3444 8.59796 -9.04877 -4.07567 0.571885 0 0 0   -0.011 -0.02329  0.04412 -0.00641704  -0.0076073  -0.0121814 -0.00676096 -0.00219897  0.00129223  0.0949478 -0.0225111   0.038372     3.75181 -0.00140545    -9.06314 
             289.202 -3.05091 -7.35374  8.58851 -9.04484 -4.07425 0.574842 0 0 0   -0.011 -0.02329  0.04412  0.00388385 -0.00250075 -0.00242623 -0.00674524 -0.00219157  0.00129783  0.0946112 -0.0225922  0.0380872     3.75184 -0.00139522    -9.06312 
             289.302 -3.05416 -7.35954  8.50046 -9.04505 -4.07595 0.577034 0 0 0   -0.011 -0.02329  0.04412  0.00286302 -0.00514288  0.00391774 -0.00673667 -0.00219149  0.00134672  0.0946596 -0.0225014  0.0378708     3.75184 -0.00140602    -9.06312 
             289.402 -3.03953 -7.31645  8.64302 -9.04503 -4.07863 0.576718 0 0 0   -0.011 -0.02329  0.04412 0.00394001 -0.0105827 0.00195219 -0.00675387 -0.00221147  0.00126744 0.0947045 -0.022384 0.0379294     3.75184 -0.00141904    -9.06312 
             289.502 -3.08937 -7.37948  8.61848 -9.04589 -4.07944 0.575715 0 0 0   -0.011 -0.02329  0.04412 0.000938769 -0.00975627 -0.00161664 -0.00672184 -0.00217733  0.00128323   0.094783 -0.0224069  0.0380056     3.75183 -0.00141681    -9.06313 
             289.602 -3.07789 -7.33738  8.63514 -9.04387 -4.07064 0.576687 0 0 0   -0.011 -0.02329  0.04412  0.00640822   0.0108614 0.000861275 -0.00672628 -0.00220152  0.00127235  0.0945684 -0.0229699  0.0379228     3.75185 -0.00135431    -9.06312 
             289.702 -2.99994 -7.35842  8.43468 -9.04438 -4.07268 0.576898 0 0 0   -0.011 -0.02329  0.04412  0.00415149  0.00399078 0.000416508 -0.00675489 -0.00219574  0.00138389  0.0946744 -0.0227919  0.0378908     3.75184 -0.00137437    -9.06312 
             289.802 -3.02011 -7.33871    8.569 -9.05017  -4.0735 0.572987 0 0 0   -0.011 -0.02329  0.04412 -0.00874054 0.000486625 -0.00919759  -0.0067551 -0.00220221  0.00130798  0.0951093 -0.0227829  0.0381222     3.75179 -0.00137743    -9.06314 
             289.902 -3.09742 -7.36636  8.64895 -9.04658 -4.07141 0.574433 0 0 0   -0.011 -0.02329  0.04412  0.00112916  0.00560121 -0.00473517 -0.00672071   -0.002184  0.00126354  0.0947855 -0.0228601  0.0379896     3.75183 -0.00136746    -9.06313 
             290.002  -3.0181 -7.35639  8.56019 -9.04266 -4.07111 0.577032 0 0 0   -0.011 -0.02329  0.04412  0.0105552 0.00362508 0.00275608 -0.00675551 -0.00219187  0.00131176  0.0945301 -0.0228093  0.0377928     3.75186 -0.00137187    -9.06312 
             290.102 -3.01965 -7.34993  8.46209 -9.04152  -4.0782 0.578065 0 0 0   -0.011 -0.02329  0.04412  0.0116439  -0.013413 0.00448286 -0.00674672 -0.00219994  0.00136483  0.0945967 -0.0223571  0.0377396     3.75185 -0.00142094    -9.06312 
             290.202 -3.15108 -7.32038  8.80446 -9.04982 -4.08241 0.575833 0 0 0   -0.011 -0.02329  0.04412 -0.00911044  -0.0168418 -0.00119435 -0.00669428  -0.0022063   0.0011761  0.0952628 -0.0222605  0.0378039     3.75178 -0.00143506    -9.06314 
             290.302  -3.0428 -7.34498  8.50726  -9.0478 -4.07467 0.576939 0 0 0   -0.011 -0.02329  0.04412 -0.00129902  0.00373434  0.00145376 -0.00672832 -0.00220214  0.00134521  0.0949786 -0.0227949  0.0377309     3.75181 -0.00137651    -9.06313 
             290.402 -3.08092 -7.34023  8.68809 -9.04674 -4.07469 0.574874 0 0 0   -0.011 -0.02329  0.04412  0.00303069  0.00158516 -0.00564036 -0.00671864 -0.00220089  0.00124402  0.0949132 -0.0227791  0.0379367     3.75182 -0.00137736    -9.06313 
             290.502 -3.02051 -7.34427  8.55876  -9.0542 -4.08145 0.571648 0 0 0   -0.011 -0.02329  0.04412 -0.0139943 -0.0134335 -0.0113884  -0.0067457 -0.00220219  0.00131546  0.0955043 -0.0224391  0.0380346     3.75176 -0.00141672    -9.06316 
             290.602  -2.9915 -7.37257   8.4669 -9.05424 -4.08292 0.571469 0 0 0   -0.011 -0.02329  0.04412 -0.0105879   -0.01454 -0.0096644 -0.0067531 -0.0021894 0.00136799  0.0954115 -0.0224191  0.0379712     3.75177 -0.00141841    -9.06315 
             290.702 -3.05561 -7.37248  8.50249 -9.04742 -4.08136 0.574277 0 0 0   -0.011 -0.02329  0.04412  0.00777369 -0.00744822 -0.00119652 -0.00672005 -0.00218951  0.00134903  0.0948516 -0.0225252    0.03778     3.75182 -0.00140434    -9.06313 
             290.802 -3.03725 -7.32593  8.52404 -9.04563 -4.07861 0.576907 0 0 0   -0.011 -0.02329  0.04412    0.0109965 -6.46137e-05   0.00568145 -0.00673074 -0.00221359  0.00133558  0.0947495 -0.0227194  0.0375507     3.75184 -0.00138385    -9.06312 
             290.902 -3.08643 -7.34571  8.59456 -9.04827 -4.07767 0.576035 0 0 0   -0.011 -0.02329  0.04412 0.00310141  0.0019121  0.0018293 -0.00670929 -0.00219976  0.00129858  0.0949935 -0.0228055   0.037602     3.75181 -0.00137612    -9.06313 
             291.002 -3.05419 -7.32087  8.63362 -9.04796  -4.0766 0.575146 0 0 0   -0.011 -0.02329  0.04412  0.00414415  0.00327927 -0.00139323 -0.00673197 -0.00220937  0.00127817  0.0949918 -0.0228641  0.0376904    3.75181 -0.0013698   -9.06313 
             291.102 -3.04457 -7.37309  8.50088 -9.04412 -4.07591 0.576327 0 0 0   -0.011 -0.02329  0.04412   0.011968 0.00470266 0.00061676 -0.00672582 -0.00218109  0.00135344  0.0947612 -0.0228515  0.0376354     3.75183 -0.00136993    -9.06312 
             291.202 -3.00417 -7.35807  8.43709 -9.04671 -4.07513 0.573568 0 0 0   -0.011 -0.02329  0.04412  0.00436166  0.00500036 -0.00616764 -0.00674422  -0.0021929  0.00138655  0.0950173 -0.0229089  0.0378076     3.75181 -0.00136505    -9.06314 
             291.302 -2.93632 -7.38192  8.36579 -9.04672 -4.07872 0.573537 0 0 0   -0.011 -0.02329  0.04412  0.00355138 -0.00476335 -0.00530231 -0.00677262 -0.00218278  0.00142596   0.095083 -0.0226757  0.0377544      3.7518 -0.00138964    -9.06314 
             291.402 -3.02994 -7.36356  8.53266 -9.04824  -4.0801 0.574053 0 0 0   -0.011 -0.02329  0.04412 -0.00051902 -0.00645341 -0.00221326 -0.00673128 -0.00218859  0.00133628  0.0952116 -0.0226321  0.0376352    3.75179 -0.0013951   -9.06314 
             291.502 -3.04856 -7.36382  8.52701 -9.04472 -4.07743 0.573482 0 0 0   -0.011 -0.02329  0.04412  0.00813531 0.000982231 -0.00452092 -0.00672036 -0.00218663  0.00133892  0.0949481 -0.0227978  0.0377193     3.75181 -0.00137648    -9.06313 
             291.602 -3.04633 -7.32614  8.73566 -9.04512 -4.07092 0.573391 0 0 0   -0.011 -0.02329  0.04412   0.0066009    0.012836 -0.00366579 -0.00673722 -0.00220044  0.00122108  0.0949709 -0.0231877  0.0376546     3.75181 -0.00133682    -9.06313 
             291.702 -3.07654 -7.38661  8.62746 -9.04493 -4.07257 0.572793 0 0 0   -0.011 -0.02329  0.04412  0.00511746  0.00692989 -0.00472414 -0.00670921 -0.00217063  0.00128287  0.0950254 -0.0230158  0.0376675     3.75181 -0.00135463    -9.06314 
             291.802 -3.00714 -7.35205  8.42915 -9.04389 -4.07218  0.57466 0 0 0   -0.011 -0.02329  0.04412 0.00652793 0.00657009 0.00113623 -0.00673608 -0.00219548  0.00139193  0.0949944 -0.0229863  0.0374727     3.75181 -0.00135789    -9.06313 
             291.902 -3.05482 -7.37872  8.61231 -9.04345 -4.07156 0.573364 0 0 0   -0.011 -0.02329  0.04412  0.0066453 0.00599125 -0.0029411 -0.00672135 -0.00217521  0.00129144  0.0950118 -0.0229946  0.0375896     3.75181 -0.00135689    -9.06313 
             292.002 -3.00985 -7.38554  8.49777 -9.04062 -4.07224 0.576746 0 0 0   -0.011 -0.02329  0.04412  0.0110734 0.00273159  0.0063327 -0.00673889 -0.00217447  0.00135544  0.0948689 -0.0228934  0.0373102     3.75183 -0.00136693    -9.06313 
             292.102 -3.03015 -7.35535  8.60329 -9.04606 -4.07341 0.575187 0 0 0   -0.011 -0.02329  0.04412  -0.0030659 -0.00132129  0.00104091 -0.00673281 -0.00218891  0.00129567   0.095328 -0.0228687  0.0373805     3.75178 -0.00137182    -9.06315 
             292.202 -3.05016 -7.35581  8.51217 -9.04652 -4.07169 0.574134 0 0 0   -0.011 -0.02329  0.04412 -0.00300744  0.00350516 -0.00293076 -0.00671275 -0.00219231  0.00134723  0.0953243 -0.0229767  0.0374722     3.75178 -0.00136075    -9.06315 
             292.302 -3.06665 -7.32449  8.71012 -9.04665 -4.07073 0.575962 0 0 0   -0.011 -0.02329  0.04412 -0.00256985  0.00582953  0.00263338 -0.00671726 -0.00220446  0.00123685  0.0953061 -0.0230086  0.0372902     3.75179 -0.00135785    -9.06314 
             292.402 -3.01215 -7.38022  8.53159 -9.04442 -4.07666 0.574998 0 0 0   -0.011 -0.02329  0.04412  0.00341048 -0.00992698 -0.00173668 -0.00673386 -0.00217993  0.00133753  0.0952047 -0.0226052  0.0374511    3.75179 -0.0013972   -9.06314 
             292.502 -2.99819 -7.35509  8.42335  -9.0452 -4.08156 0.575124 0 0 0   -0.011 -0.02329  0.04412 0.00121613 -0.0174602 -0.0008934 -0.00672465  -0.0021978  0.00139618  0.0953206 -0.0223807  0.0374095     3.75179 -0.00142025    -9.06314 
             292.602 -3.04256 -7.35709  8.54581 -9.04746 -4.08075 0.573849 0 0 0   -0.011 -0.02329  0.04412 -0.00342777  -0.0111776 -0.00355122 -0.00670748 -0.00219329  0.00133039  0.0954581 -0.0225492  0.0374642     3.75177 -0.00140419    -9.06315 
             292.702 -3.03994 -7.35458  8.58985  -9.0469 -4.07985 0.574343 0 0 0   -0.011 -0.02329  0.04412 -0.000781223  -0.00732568  -0.00194337  -0.0067093 -0.00219392   0.0013053  0.0953792 -0.0226642  0.0373971     3.75178 -0.00139254    -9.06315 
             292.802 -3.01333 -7.35168  8.58658 -9.04658 -4.07395 0.576376 0 0 0   -0.011 -0.02329  0.04412 0.000782835  0.00581963  0.00378195 -0.00672475 -0.00219628  0.00130446  0.0952849 -0.0230621  0.0371971     3.75179 -0.00135326    -9.06314 
             292.902 -2.98788 -7.34538  8.43037  -9.0469 -4.07106  0.57616 0 0 0   -0.011 -0.02329  0.04412 0.00064053  0.0108688 0.00199219 -0.00672841 -0.00220351  0.00138692 0.0952935 -0.023206 0.0372341     3.75179 -0.00133909    -9.06314 
             293.002 -3.12003 -7.35453  8.72776 -9.04441 -4.06699 0.575744 0 0 0   -0.011 -0.02329  0.04412   0.00697949    0.0174631 -0.000781559 -0.00667724 -0.00218996  0.00122641  0.0951057 -0.0233712  0.0373231      3.7518 -0.00132173    -9.06314 
             293.102 -3.01097 -7.33662   8.5239 -9.04281 -4.06824 0.576641 0 0 0   -0.011 -0.02329  0.04412 0.00982874   0.010617 0.00167029 -0.00672369 -0.00220472  0.00133884  0.0950762 -0.0231825  0.0372613     3.75181 -0.00134012    -9.06314 
             293.202 -3.05356 -7.36179  8.64672 -9.04618 -4.06917  0.57348 0 0 0   -0.011 -0.02329  0.04412 0.000158039    0.005635 -0.00730512 -0.00670977 -0.00218533  0.00127398  0.0953897 -0.0231088  0.0374669     3.75178 -0.00134855    -9.06315 
             293.302 -3.08665 -7.36115  8.66904  -9.0491 -4.06879 0.572742 0 0 0   -0.011 -0.02329  0.04412 -0.00631324  0.00523719 -0.00717996 -0.00669097   -0.002185  0.00126223  0.0955841 -0.0231185  0.0374126     3.75176 -0.00134876    -9.06316 
             293.402 -3.08446 -7.35845  8.67375 -9.05418 -4.06537 0.570113 0 0 0   -0.011 -0.02329  0.04412 -0.0159321  0.0113081 -0.0122786 -0.00669164 -0.00218644  0.00125895  0.0958512 -0.0233304  0.0374853    3.75173 -0.0013296   -9.06317 
             293.502  -3.0635 -7.33193  8.66492 -9.05222 -4.07193 0.573651 0 0 0   -0.011 -0.02329  0.04412 -0.00780728 -0.00563645 -0.00022909  -0.0067027 -0.00220213  0.00126357  0.0956845 -0.0228289   0.037156     3.75175 -0.00137762    -9.06316 
             293.602 -3.08264 -7.33204  8.64771 -9.05466 -4.07012   0.5729 0 0 0   -0.011 -0.02329  0.04412   -0.0109507 -0.000523044  -0.00209897 -0.00669297 -0.00220311  0.00127409  0.0957737 -0.0229863  0.0371826     3.75174 -0.00136296    -9.06316 
             293.702 -3.06838 -7.36634  8.66237 -9.05069 -4.07126 0.573564 0 0 0   -0.011 -0.02329  0.04412 0.000958018 -0.00323969 -0.00114669 -0.00669945 -0.00218272  0.00126742  0.0954465 -0.0228811  0.0371957     3.75177 -0.00137115    -9.06315 
             293.802 -3.01481 -7.34401   8.5225 -9.04975 -4.07551 0.574354 0 0 0   -0.011 -0.02329  0.04412 0.00356933  -0.011877 0.00112019 -0.00671828 -0.00219911  0.00134448 0.0954297 -0.022633 0.0371381     3.75178 -0.00139481    -9.06315 
             293.902 -3.06073 -7.34074  8.66034 -9.05279  -4.0775  0.57289 0 0 0   -0.011 -0.02329  0.04412 -0.00360218   -0.014084 -0.00324336 -0.00670126 -0.00219758  0.00126869  0.0956678 -0.0226192   0.037209     3.75176 -0.00139734    -9.06316 
             294.002 -2.98924 -7.36707  8.58323 -9.05024 -4.06957 0.571003 0 0 0   -0.011 -0.02329  0.04412  0.00439812  0.00491089 -0.00841804 -0.00674033 -0.00218539  0.00131175  0.0953904 -0.0231763  0.0373784     3.75178 -0.00134269    -9.06315 
             294.102  -3.0215 -7.33218  8.47322  -9.0526 -4.06957 0.572754 0 0 0   -0.011 -0.02329  0.04412 -0.00195635  0.00445516 -0.00133568 -0.00671701 -0.00220783   0.0013697 0.0955777 -0.023155 0.0371045     3.75176 -0.00134627    -9.06315 
             294.202 -3.08764 -7.33638  8.73232 -9.04867 -4.06626 0.575391 0 0 0   -0.011 -0.02329  0.04412 0.00796018  0.0102918 0.00505601 -0.00670139 -0.00219691  0.00122979 0.0952721 -0.023294 0.0369336     3.75179 -0.00133185    -9.06314 
             294.302 -3.05783 -7.35067  8.65332 -9.05098 -4.06545 0.572215 0 0 0   -0.011 -0.02329  0.04412  0.00151156  0.00943149 -0.00448953 -0.00671286 -0.00219262  0.00127539  0.0954913 -0.0233166  0.0371955    3.75177 -0.0013304   -9.06315 
             294.402 -3.08573 -7.37199  8.74773 -9.04718 -4.06284 0.573057 0 0 0   -0.011 -0.02329  0.04412  0.00986227   0.0125401 -0.00245374   -0.006704 -0.00217847  0.00122335   0.095229 -0.0233881  0.0371404    3.75179 -0.0013224   -9.06314 
             294.502 -3.10558 -7.35555  8.69464 -9.04791 -4.06582 0.573625 0 0 0   -0.011 -0.02329  0.04412     0.006869    0.0034741 -0.000486636 -0.00669107 -0.00219023  0.00125226 0.0953851 -0.023137  0.037047     3.75178 -0.00134685    -9.06315 
             294.602  -3.1424 -7.34175  8.73664 -9.05197 -4.06765 0.573162 0 0 0   -0.011 -0.02329  0.04412 -0.00521647  0.00310964 -0.00143292 -0.00667255 -0.00219547  0.00122906  0.0957215 -0.0230296  0.0369984     3.75175 -0.00135878    -9.06316 
             294.702 -3.05084 -7.34306  8.64651 -9.05167 -4.06882 0.572716 0 0 0   -0.011 -0.02329  0.04412 -0.00225017 -0.00252303 -0.00230936  -0.0067185 -0.00219753  0.00127847  0.0956847 -0.0229459  0.0370391     3.75175 -0.00136626    -9.06316 
             294.802 -3.10011 -7.35389  8.62144 -9.05102 -4.06865    0.575 0 0 0   -0.011 -0.02329  0.04412 -0.000314987  -0.00249196   0.00404507 -0.00669066 -0.00219171  0.00129205  0.0956144 -0.0229616   0.036834     3.75176 -0.00136477    -9.06315 
             294.902 -3.02031 -7.36103  8.62708 -9.04982 -4.07422 0.572486 0 0 0   -0.011 -0.02329  0.04412  0.00278029  -0.0134283 -0.00491907 -0.00673288 -0.00218732  0.00129162  0.0955869 -0.0226282  0.0371152     3.75176 -0.00139481    -9.06315 
             295.002 -3.05275 -7.33166  8.61891 -9.04838  -4.0764 0.572138 0 0 0   -0.011 -0.02329  0.04412  0.00619112  -0.0152388 -0.00495534 -0.00671481 -0.00220441  0.00129349  0.0955235 -0.0225653  0.0371239    3.75177 -0.0014002   -9.06315 
             295.102 -3.09999  -7.3276  8.76854 -9.04623 -4.07019 0.576415 0 0 0   -0.011 -0.02329  0.04412 0.00987643 0.00094909 0.00732713 -0.00669826 -0.00220134  0.00121125  0.0953392 -0.0230131  0.0367199     3.75179 -0.00135895    -9.06314 
             295.202 -3.16466 -7.34968  8.86092 -9.04565 -4.06572 0.576599 0 0 0   -0.011 -0.02329  0.04412 0.00941275  0.0107459 0.00565078 -0.00666955 -0.00218658  0.00116131  0.0953261 -0.0232841  0.0367507     3.75179 -0.00133411    -9.06314 
             295.302 -3.08852 -7.32445   8.7506 -9.04895 -4.06235 0.573527 0 0 0   -0.011 -0.02329  0.04412  0.00104581   0.0147573 -0.00388489 -0.00670778 -0.00220414  0.00122169  0.0956037 -0.0234751  0.0369852     3.75176 -0.00131791    -9.06315 
             295.402 -3.01477 -7.35472  8.54808 -9.05217 -4.06824 0.571928 0 0 0   -0.011 -0.02329  0.04412 -0.00615144 -0.00180789 -0.00668546 -0.00673704 -0.00219207  0.00133509  0.0959067 -0.0230507  0.0370453     3.75174 -0.00135796    -9.06316 
             295.502  -3.1433 -7.36179  8.74896 -9.05039 -4.06399 0.574125 0 0 0   -0.011 -0.02329  0.04412 -0.000740259   0.00830447  0.000364611 -0.00668434 -0.00218149  0.00122946   0.095693 -0.0232919  0.0368271     3.75176 -0.00133534    -9.06316 
             295.602 -3.01628 -7.33271  8.64609  -9.0445 -4.07074 0.575733 0 0 0   -0.011 -0.02329  0.04412   0.0140866 -0.00946751  0.00328915 -0.00674802 -0.00220144  0.00128544  0.0953715 -0.0227862  0.0368118     3.75179 -0.00137904    -9.06314 
             295.702 -3.03682 -7.33567  8.62442 -9.04853  -4.0705 0.572876 0 0 0   -0.011 -0.02329  0.04412  0.00300716 -0.00749335 -0.00451557 -0.00673283 -0.00220202  0.00129785  0.0957301 -0.0229125  0.0369819     3.75175 -0.00136945    -9.06316 
             295.802 -3.03471 -7.35489  8.57058 -9.04553 -4.07098  0.57482 0 0 0   -0.011 -0.02329  0.04412  0.00913345 -0.00709667 0.000825459  -0.0067332 -0.00219249  0.00132788  0.0955422 -0.0228981  0.0368203     3.75177 -0.00136997    -9.06315 
             295.902 -3.12373 -7.34538  8.76306 -9.04604 -4.06858 0.576514 0 0 0   -0.011 -0.02329  0.04412   0.00611682 -0.000196117   0.00519216 -0.00669349 -0.00219294  0.00122131  0.0956036 -0.0230931  0.0366495     3.75177 -0.00135323    -9.06315 
             296.002 -3.03438 -7.33899  8.65273 -9.04727 -4.06619 0.575337 0 0 0   -0.011 -0.02329  0.04412  0.00279045  0.00405219 0.000435088 -0.00673097 -0.00220168  0.00128293  0.0957096 -0.0232654  0.0367558    3.75176 -0.0013383   -9.06316 
             296.102 -3.03555 -7.36595  8.60815 -9.04608 -4.06591 0.574487 0 0 0   -0.011 -0.02329  0.04412  0.00558193  0.00317769 -0.00246531 -0.00672721 -0.00218808  0.00130875   0.095654 -0.0232549  0.0368481     3.75176 -0.00133877    -9.06316 
             296.202 -3.08318 -7.34377  8.71228 -9.04915 -4.06234 0.574884 0 0 0   -0.011 -0.02329  0.04412 -0.00208614  0.00970998 4.86391e-05 -0.00670445 -0.00219774  0.00125168  0.0958637 -0.0234808  0.0367223     3.75174 -0.00132017    -9.06316 
             296.303 -3.03168 -7.35002  8.67837  -9.0451 -4.06683 0.574311 0 0 0   -0.011 -0.02329  0.04412  0.00836705 -0.00345825 -0.00299673 -0.00673244  -0.0021951  0.00127074 0.0956354 -0.023123 0.0368553     3.75176 -0.00135021    -9.06315 
             296.402 -3.06105 -7.34614  8.72497 -9.04617 -4.06666 0.572315 0 0 0   -0.011 -0.02329  0.04412  0.00498019 -0.00307803 -0.00742946 -0.00671936 -0.00219608  0.00124468  0.0957621 -0.0231762  0.0369645     3.75175 -0.00134602    -9.06316 
